CREATE DATABASE  IF NOT EXISTS `schoolfeesystem_int` /*!40100 DEFAULT CHARACTER SET utf8 */;
USE `schoolfeesystem_int`;
-- MySQL dump 10.13  Distrib 5.7.17, for Win64 (x86_64)
--
-- Host: 192.168.101.22    Database: schoolfeesystem_int
-- ------------------------------------------------------
-- Server version	5.7.17-log

/*!40101 SET @OLD_CHARACTER_SET_CLIENT=@@CHARACTER_SET_CLIENT */;
/*!40101 SET @OLD_CHARACTER_SET_RESULTS=@@CHARACTER_SET_RESULTS */;
/*!40101 SET @OLD_COLLATION_CONNECTION=@@COLLATION_CONNECTION */;
/*!40101 SET NAMES utf8 */;
/*!40103 SET @OLD_TIME_ZONE=@@TIME_ZONE */;
/*!40103 SET TIME_ZONE='+00:00' */;
/*!40014 SET @OLD_UNIQUE_CHECKS=@@UNIQUE_CHECKS, UNIQUE_CHECKS=0 */;
/*!40014 SET @OLD_FOREIGN_KEY_CHECKS=@@FOREIGN_KEY_CHECKS, FOREIGN_KEY_CHECKS=0 */;
/*!40101 SET @OLD_SQL_MODE=@@SQL_MODE, SQL_MODE='NO_AUTO_VALUE_ON_ZERO' */;
/*!40111 SET @OLD_SQL_NOTES=@@SQL_NOTES, SQL_NOTES=0 */;

--
-- Table structure for table `academicyear`
--

DROP TABLE IF EXISTS `academicyear`;
/*!40101 SET @saved_cs_client     = @@character_set_client */;
/*!40101 SET character_set_client = utf8 */;
CREATE TABLE `academicyear` (
  `id` bigint(20) NOT NULL AUTO_INCREMENT,
  `schoolId` bigint(20) NOT NULL,
  `startDate` date NOT NULL,
  `endDate` date NOT NULL,
  `academicYear` varchar(50) NOT NULL,
  `isCurrent` tinyint(1) DEFAULT NULL,
  `isDelete` tinyint(1) DEFAULT '0',
  `createdBy` bigint(20) NOT NULL,
  `createdOn` datetime NOT NULL DEFAULT CURRENT_TIMESTAMP,
  `updatedBy` bigint(20) DEFAULT NULL,
  `updatedOn` datetime DEFAULT NULL,
  PRIMARY KEY (`id`),
  UNIQUE KEY `schoolId_startDate_endDate_UNIQUE` (`schoolId`,`startDate`,`endDate`),
  KEY `FK_AcademicYear_School_idx` (`schoolId`),
  CONSTRAINT `FK_AcademicYear_School` FOREIGN KEY (`schoolId`) REFERENCES `school` (`id`) ON DELETE NO ACTION ON UPDATE NO ACTION
) ENGINE=InnoDB AUTO_INCREMENT=19 DEFAULT CHARSET=utf8;
/*!40101 SET character_set_client = @saved_cs_client */;

--
-- Dumping data for table `academicyear`
--

LOCK TABLES `academicyear` WRITE;
/*!40000 ALTER TABLE `academicyear` DISABLE KEYS */;
INSERT INTO `academicyear` VALUES (4,70,'2017-11-15','2018-11-15','2017  - 18',NULL,1,42,'2017-11-15 06:53:17',42,'2017-11-16 11:33:57'),(5,70,'2018-11-16','2019-11-15','2018 - 19',NULL,1,42,'2017-11-15 06:55:36',46,'2017-11-17 10:05:29'),(6,70,'2017-11-15','2018-11-14','2017 - 18',1,0,42,'2017-11-15 14:20:35',42,'2017-11-30 14:15:39'),(8,71,'2017-11-16','2018-11-15','2017 - 18',NULL,1,1,'2017-11-16 14:34:19',1,'2017-11-16 14:35:32'),(9,71,'2017-11-07','2018-11-07','2017 - 18',NULL,1,1,'2017-11-16 14:35:47',1,'2017-11-16 14:35:50'),(10,71,'2017-03-31','2018-03-31','2017-18',1,0,1,'2017-11-16 14:55:34',1,'2017-12-05 05:51:56'),(11,71,'2017-11-16','2018-11-16','2017 - 18',NULL,1,56,'2017-11-17 07:24:22',56,'2017-11-17 07:40:28'),(12,71,'2018-11-15','2019-11-15','2018 - 19',NULL,1,56,'2017-11-17 07:24:34',56,'2017-11-17 10:19:23'),(13,71,'2017-11-17','2018-11-17','2017 - 18',NULL,1,57,'2017-11-17 07:27:57',56,'2017-11-17 07:40:22'),(14,70,'2018-11-14','2019-11-14','2018-19',0,0,46,'2017-11-17 10:05:57',42,'2017-11-30 14:15:39'),(15,71,'2018-11-14','2019-11-14','2018-19',NULL,1,56,'2017-11-17 10:19:20',56,'2017-11-17 10:20:32'),(16,70,'2019-11-13','2020-11-13','2019-20',0,0,42,'2017-11-17 14:16:53',42,'2017-11-30 14:12:25'),(17,98,'2017-11-23','2018-11-23','2017-18',1,0,42,'2017-11-30 07:10:24',NULL,NULL),(18,71,'2018-03-31','2019-03-31','2018-19',0,0,1,'2017-12-05 05:52:05',NULL,NULL);
/*!40000 ALTER TABLE `academicyear` ENABLE KEYS */;
UNLOCK TABLES;

--
-- Table structure for table `accesstoken`
--

DROP TABLE IF EXISTS `accesstoken`;
/*!40101 SET @saved_cs_client     = @@character_set_client */;
/*!40101 SET character_set_client = utf8 */;
CREATE TABLE `accesstoken` (
  `id` varchar(255) NOT NULL,
  `ttl` int(11) DEFAULT NULL,
  `scopes` text,
  `created` datetime DEFAULT NULL,
  `userId` bigint(20) DEFAULT NULL,
  PRIMARY KEY (`id`),
  KEY `userId_idx` (`userId`),
  CONSTRAINT `userId` FOREIGN KEY (`userId`) REFERENCES `user` (`id`) ON DELETE NO ACTION ON UPDATE NO ACTION
) ENGINE=InnoDB DEFAULT CHARSET=utf8;
/*!40101 SET character_set_client = @saved_cs_client */;

--
-- Dumping data for table `accesstoken`
--

LOCK TABLES `accesstoken` WRITE;
/*!40000 ALTER TABLE `accesstoken` DISABLE KEYS */;
INSERT INTO `accesstoken` VALUES ('02VinJs47Ai99wgtk995HXS109R3x7sd0J0Zj5GmiwhlbnJyuNKwSocBRlITyZB3',300,NULL,'2017-11-28 09:12:22',42),('0HV0ufdiZqHiwibxYsMm4fQq8jTppkT1jMjSWswzva50Cb38zdXO8pUJQt429VAi',1209600,NULL,'2017-11-16 08:21:18',53),('0iYMHbjDbPcELCCB7ioZSj6QToPooM1bfqOGiM44P0Nte6fXpycYyjYgEvUWhBbH',1209600,NULL,'2017-11-22 13:06:12',1),('10dE7uCfAx1eTHExELLAkahwVFWWZxiTk2RRyQ1p5ysrYjbcDsXsnAgwJYo9OKLv',300,NULL,'2017-12-05 10:22:13',42),('1FCF7ywarMcEhil0tjQkofFD7CydZltgFZ2klkLh6K32Q6JKkyze6PzmwwU0GNaS',60,NULL,'2017-11-23 12:21:47',53),('1s4Ytlamogvg4SIAQ5Azr6nGRgUcCApKs0cyEIASfgQln1mx60jzDG4tz7hyH9Xp',1209600,NULL,'2017-11-17 14:53:32',1),('1tVR0qCdIUYJmLnmucyXeq8XmkpbEVfopCZ4VXCiIlBbv84LdRgpNnxLgOevbG6n',1209600,NULL,'2017-11-16 09:26:49',53),('1Y4cEHO2yetUjQnj3MHDvo7Qxp7iBrF1Ad3SvhArYiZldppGvnilehjyD5KVyVnh',1209600,NULL,'2017-11-17 08:55:44',1),('1YqO2zwYgBXyVHQ0LZ0qpqGzZPBd5pFVCZXYZLGH0pb6jyblEREQ6Kz4i6OE6Cyw',1209600,NULL,'2017-11-16 13:52:37',1),('230HmSH75kWCGXnkOQPZY5dvt2gTq56CWGCtaxcS3JHdXjTzPUb6AFTzQikIaH8Z',3600,NULL,'2017-12-04 11:57:07',42),('3aFNcsgWhs1P9QJY78etITZRFRJ8QZ0SPGbKZGDV2alD9T1fV9aqXkeTJ9la0zoI',60,NULL,'2017-11-23 12:42:55',1),('3PzCIE98gw4pSkiFLmewFXQgMkRZPbTBAplOYxBZxCEEb0Rutda0HDCrflX50tVA',300,NULL,'2017-12-01 09:08:55',42),('3qGgPw83NxrbD7yyRHVnUlfBWnfBECZJmw9ETlBltf3XoBGl6STuj1Guuj0cHrzT',1209600,NULL,'2017-11-16 09:00:25',53),('3tehDBESo9SFjpjKsaRjSuvcuPoNEQzrSweACu05uosbddKP4PqBCFEdQEzipIwJ',1209600,NULL,'2017-11-30 04:58:16',1),('48BScfdlHpxTlrLRSLo4SEOE0ixyDOwXJjdKQgeotkAzwEiED4mxKwE4DH7GUZFP',1209600,NULL,'2017-11-17 13:21:47',1),('4CONILZtmJaXyOp6GIHeRvUu8ePhI0ntODaKJkX22gOrW6P8fh3YCewXGE1mjhhw',1209600,NULL,'2017-11-28 12:35:05',1),('4dTxCYOUHsnSCMEY6NE3a0P8caBCnOyDDcIAF1Nq1XzuHug7YUgm0ti89WaWU0tG',1209600,NULL,'2017-11-17 12:12:35',42),('4fDfkNhDPE1ajCh9c7Vx6VuBQUAvXE1SuKkmFocFN8dcUCR6fIXMRjbOrehHGD2i',60,NULL,'2017-11-27 06:03:28',42),('4jRepFQxN6cdXgr3eaXVxYQHHCvjgLC5VekdGliwXPhl2eDB8j7cpwX5iHTRxWYt',1209600,NULL,'2017-11-20 12:23:23',42),('4qxvIMUBdZZLQ9GlBdtfIEHZdcrgGyBH3SVhSsZClxQ38WYibY0DgDqRdJ5yeLgs',300,NULL,'2017-11-30 06:39:43',42),('4RuwhwOIgbh98OD8jLTLhBomsowYElvTp397pZULErxhEWdruy9epaSHyI8IN2ES',300,NULL,'2017-11-27 12:41:12',1),('5mhoDIz1XY7ZHLskYX9Cu1bwrSM9YTCA0UBztZk7ZW3zdoAESh7PYRb3fuXsaPGQ',1209600,NULL,'2017-11-17 11:07:45',46),('5p7atJTAVWGY6Uy8RgphYuFqmOwczzRYSDnT7GHefYjiSUHR8rTrz3Rnzimlf8aW',1209600,NULL,'2017-11-20 12:29:54',52),('5TQwU0ultXxQa1pCQ4aH21NpAqL6ZbPIoermD4JTUIAQCmdJGQGoGmP3ngahW98p',1209600,NULL,'2017-11-20 11:54:30',43),('5u5YydBI3EYal3nX42GG9pCBWgifYxwmyId4F5P10jTPCI2E8bKWdnS3jyxRbZQ3',1209600,NULL,'2017-11-17 13:22:10',42),('5uE1Z0QXEi0nWVeF8RgJX8J0CQ1rBjdHJAyYvUYgSlZZ10MsNbWFuBPEbElTqCDG',60,NULL,'2017-11-24 07:25:49',53),('6UbAxnVhjDLMpKMVXzlw4mL6bzXA2JEH6rg2P2Nex13FboVP3vOxC8ooDeSJEqmk',1209600,NULL,'2017-11-20 11:49:18',1),('7c6RfLWdgPYMhvBqpLyCPsd07oofPybkO6tzQKsyI6irDvzRsGBQGqymeZwxJcRj',60,NULL,'2017-11-24 07:31:13',53),('7VbA1MdRDl9d5VSYVfSkmRfBPP5JQlWx9Quges3fl2E8EUXJWfaZAJHYfWPIvChh',1209600,NULL,'2017-11-17 12:12:11',42),('7wtHWOqfogqx9207pPIOwnCEnDqOjDu7laBZstnMGwWYGTfkL4FDwcMX67a4CcBJ',300,NULL,'2017-12-01 12:47:39',42),('8qPt1MlaPbVavItv8HBwzISWHAA0bg6yXcI9TR92huDqtGKYlh71EsMstprE9oBQ',300,NULL,'2017-12-01 05:07:00',69),('9JwODxheqOg0zN6nRHkQ1JiHQaakWCBSHRnoPDrxXEYSUrah76Za9O1lG81Fz0I8',1209600,NULL,'2017-11-17 10:51:58',58),('9VLE1LybU6p134rFQnMNmkOB6Gl33kauhd7s07i7vTQRlBL03MNsZSiwudOWgENm',1209600,NULL,'2017-11-17 14:13:07',65),('A1ENnFSprYPczApfoqm0AQhEaxIgL6k2MYp3JGwuy3E0yyeA7YAl1AcpE7E2QzDO',1209600,NULL,'2017-11-17 13:14:13',62),('a9z0FeWXKhJyInZ1AQtI2uksCT5Jl5EpIgVPBpRopSXnsS2ITPFHeNuzB0wBOsFq',3600,NULL,'2017-12-01 08:40:52',69),('AAxWAzHA6VSEzHg59qHEnP2FeUS0sfltChqDd0kKVXEjtl8zNoLWfT8vxLAGNaqP',1209600,NULL,'2017-11-17 05:30:03',57),('AG4K7mn6jXsNUfBHJzsZl2Hmf6dnr8A9ArJiGdOCXhLm0EyAHGdEP8sABWYnTZkx',1209600,NULL,'2017-11-16 09:21:48',1),('AGeoFve0ModADk3DSTiOm2W0Ec0kNKYQ4rCOvu18qERoWujEfTzJOhcj4SroSiCL',1209600,NULL,'2017-11-17 09:09:29',1),('aOU30U5kmRRP80whSWRkPCeyRRDWlmSnhGWAeDRFPGiJB16YcSzGSGHe9nTAueLb',300,NULL,'2017-11-28 12:44:22',42),('AqsfuKAuvjajpiVA4fddKomkrA0yEoP8RLLZ4GIpvwnVwgYnHTOmlnw4F81F04qW',1209600,NULL,'2017-11-17 12:14:29',42),('AR0mwEjq4OihlKMIivPBj1T4knFWdX8PBDHdFVbr5BIuBO4xucOC3XozORDFWX5S',1209600,NULL,'2017-11-17 13:11:29',1),('AsrQczcJcatVX9wM2kmT53BpJXJHvLP66fFmqrgxSyNjoDQb5ji2FX98o3B95HPD',300,NULL,'2017-12-05 07:24:48',1),('AVBSJ6WrUypK24l8kcbrMW5DHWw5R0YZb2gO4OacLs2LhjrzCt0MEfjJFcDWaB1d',1209600,NULL,'2017-11-17 09:13:53',46),('b5LaLoHV5xDcBvC3IL7x74HjWPFokdXqBBFai6pX2owDQ5Ej4US73h5qTVe2W6Vc',3600,NULL,'2017-11-24 06:17:58',42),('B5xlbvog78jBEKJW2yGuJzGRKcTcpA8mcEDyrXL5IiekyMSAHFEODAIPobICbdOT',1209600,NULL,'2017-11-20 11:32:47',42),('B6FGjxJLrA0Ud23NReP1AB2TEmw8bv2QPwHMCx1spuUGlOcCdZqCZv2Q7mJ4BXyf',900,'[\"reset-password\"]','2017-11-17 10:27:15',47),('B9nn4kNIFQCL5IdNxXrTowo9dn9RVNi55pYeiaEmy5tpF9u6d6IQcXPB7YZ1an0j',1209600,NULL,'2017-11-17 10:06:42',1),('BC7fLPBlEhrA7zdsS8apoyk2qhMD1HaLcJOlkquOMph7OCfTTHUVGGDOBwvyouJB',3600,NULL,'2017-12-01 08:56:10',69),('bdHHBW0JJpEHFhfFyAM6ALmFniFTYPVdC0oMHJfvE1Rgmg4jHHI0uNpbPVJHP3xw',1209600,NULL,'2017-11-17 07:35:09',1),('BGR5laNzUSFuuDzDfu6LfHhyu3waRTyixQGLUr6HbJZJcOR1PB3oHSZsMDmv2mdd',1209600,NULL,'2017-11-17 11:24:05',58),('brtEbooRANcisHOMa3ExIkgSATrx0hkXtTeYJVvYVVfNLmjiTlaQL3ANe2nqE9qu',1209600,NULL,'2017-11-17 11:00:49',56),('buTEzLEmawK0A7e1esMBD6Aj0uHCw2LH33K9sEG2jlJKQGqoFdK7pMNvMQXsLr51',60,NULL,'2017-11-24 07:24:21',53),('BZM8OwA58e4DEGe6mtVWRdQCwvlq4BlLk2A87ToKWtB04kuzvCBVFvz9JzBIDHgQ',60,NULL,'2017-11-27 10:10:23',42),('c41Z1GSBwzAbDEBFphSlQJSZ0sSoRRI2kOdDmWGwCcjCChTWJNlLqoVZARGxjjVN',300,NULL,'2017-12-04 13:05:46',1),('c5Y4bF8KJqgkl4s67XlB6DBuJTf91jis8Z5sTLzzikJowyNqBX1P2wMjaxbeck2g',300,NULL,'2017-12-05 07:30:39',42),('CccoDVFE5GWmHbV1wzFTSq6FwSrGxWYPwAJuBdzFds9pfnYIk4B5wctRAG54iVCn',1209600,NULL,'2017-11-17 12:16:21',42),('cdiOxPCLNG8BGFSnYBsNQdNL8BIL55hpPkqhbacBPXVuBzUPLZ9vK9fZ97w0YM5T',1209600,NULL,'2017-11-17 09:37:10',56),('CeOj7slKL8TJO13w8Sk5YAUAinTe94ZZJSVaoS5pHE8YXF8EpqiNnybJxO3ya776',60,NULL,'2017-11-24 07:03:29',53),('clVNF2Fcg7PeobKHcLAY2jWA1EhwpKHLPcnGC8Dj2HvVEz0GZ1eck4331djiEcTz',300,NULL,'2017-11-27 12:15:05',42),('cMSAH3TB7XjVv4EDaRMtiuocsSU3a4rqxVvHc6Hj4OtvfYrg539QvLJR1v41zLj2',60,NULL,'2017-11-27 09:07:42',42),('cqDkKbyXcd4wDLItxeeOci8Zc1qznEpjFFZeYB5c0THIA4qytkHemiLF9BHCSnZc',1209600,NULL,'2017-11-16 10:09:06',1),('cSJpt5CG9aDGqTHtk3bmR2R4KclXGV1tm7fSjM3lMbqEF392zwqSQbm8fWzXYcfq',1209600,NULL,'2017-11-17 15:33:03',42),('CtowlsiEGbzpAiIvZGhzeHQLynKT041HXLP9WONb3iAYoYOrbYrvxJ2mc4RXyAYx',300,NULL,'2017-11-28 06:45:47',42),('d2FnMOVcgIvJP6Lo6tkB6UxYXLdLNSjAgru3orDrQo1HB2aXW6bZgT7jt4Hp8MOu',300,NULL,'2017-12-05 08:46:30',42),('dOQKFAF2OAfpfJc70AdEPlgJr0T2NCWJ14icw2EoBeq3BlpfQje8KDhH6YkavYjZ',300,NULL,'2017-12-01 06:42:16',69),('dxmFaByOtND9AR9Bnq1aVQ3YyvlsMm8CIrMP5thTbSphKadZwOQMPDAxhPFHPDTI',1209600,NULL,'2017-11-17 15:19:55',42),('E7eGTZqS3FnWXn0mCb339HHHxFAEiZryD6SjQugfENUsKFhDJx9CDOHD1xaZaiji',300,NULL,'2017-12-01 07:42:04',69),('e8Gcup0nF6IXJvdHCMUwwavL4ZgyCPTGlnTCYhJA86ryUPpd4oAvJZmwUcDh1hQU',300,NULL,'2017-12-01 09:55:33',42),('eENIUKhemuA3QiRyHl7Zl9cRGYaE9IS66CaRKq1wEGpVVzevxnoNoVZpXEsK5sLA',300,NULL,'2017-11-28 10:49:32',42),('EFrhqf7MTHPpwbYBb1Fo46dmku0nerz6QnGdm9FnIVvMAhfJt7k42MLHTHNfEHnl',60,NULL,'2017-11-24 07:29:23',53),('EGaRwuopVvJolPX39TppnsyM0ORrh1XUZBOYHKpbiRYbAB8jSLh3VIMa3YbHBfTB',1209600,NULL,'2017-11-17 10:02:03',1),('EIPyjax0kvUcL44NGuuyTflv6yx91udjB2pDKTOZPxkbX61nBDJ1Xq7RfTcLRUuU',60,NULL,'2017-11-27 08:48:12',42),('f1tjch1VRfGOQ0lNDFGPHVL5HpmHxToHyt5iDabg4LXXlFT3vxpFFKc9zzLhoCGY',60,NULL,'2017-11-27 09:40:07',42),('f3vohNJ4BcY4TcG21PVs0eetDPdZFRmHpvHIRUczYxvDLH4l5ZGtUSM9vYZ2dXWu',1209600,NULL,'2017-11-27 05:56:16',1),('fFIusNK0ZSiH2LQNeplQqslA72ecBLO8w5DiNGVarKLAOMG1QZ3gvJ2taE8sKYIz',300,NULL,'2017-11-30 14:19:09',42),('fFKSqX8e0fdHrNPaahvU9i667DrVi2lk2hxx5VR87SR7sgGZ9YOCIgMJ4R1baNqG',1209600,NULL,'2017-11-20 06:17:48',53),('fi2KDXyG7laGBwLKLIkMWJAArIi7bghQHhdhA9FrhnZyioRSDmXZEoKgfB5MHrfd',1209600,NULL,'2017-12-01 08:38:46',69),('fNws6KtACUblRinb3MffFpr2lgv38rV7PEl97W3rVnHok4bZVudTXGBqaM0y5vsw',3600,NULL,'2017-11-24 06:23:52',53),('foFVgNzWTWbgyWhaYV3d8HC0Xkk87bxerSPwfyYaF0ObLcdRfV3Bm9vvUqZW7cpz',300,NULL,'2017-12-05 11:18:30',1),('FrQA3UwH6Pz2AWcs6SNksOnPSJ1hufxmqozKz2UGwBud8gRUXSzTPvczYsBFfOGs',1209600,NULL,'2017-11-17 08:56:06',46),('g2Sd5yXYe6TSAJDRIRE3YFFxTe1V3oSQx5hnazknGdflhYSWSWJjfOsGv8vyZZHk',60,NULL,'2017-11-27 09:10:32',42),('G9FjYqH7YDPuV56RVRDuNtLTRCQD0s7mAIB13WrBovG3z7nQfbYQ71CzvIzgxf3o',1209600,NULL,'2017-11-20 06:41:25',42),('ghdMSpQthxv3AvtcbGWWGjygmhfz1enz5Qr6Tj4dcJdufX4BUHngwSJIzxXIjQDF',1209600,NULL,'2017-11-17 09:46:33',46),('GIqPeECdOe6yZThMbYbOGicI4f8cmg1Fo1VBlFJ0F0jbgIsM717HXfX3WDIelORz',1209600,NULL,'2017-11-17 09:29:18',46),('GlQe7cfFRb7xhu0PZAs7MEcwZTGGmSFtQopDeCGtMjgAEJ7nylW0EqOgNICT3CFO',900,'[\"reset-password\"]','2017-11-20 11:53:58',43),('GP1zkUXGKKq8zpwDrPtrkzCgJrbZIiW4HEzkqTeDW231DJuLDLf6NubVvJOVS0B3',300,NULL,'2017-12-01 05:45:55',69),('gSjDzzXJV8S6YZvwF7yqGQx9rUQFdETLOWBVPVi1ZmN756zFuPwfJVJGZZIosVf8',300,NULL,'2017-11-30 03:57:18',42),('GY49BfeZWq32ISqls8HMoUjp6k3vee6bTAkuUHMnltsSmqnjBb3dFFmj4KLVjH8R',1209600,NULL,'2017-11-17 09:46:11',56),('gZMXBpp2UmVYfi6rHR8eEE1aEtMIjd4aaLQ2IKtGQb2EezK5YQrIFgXregPefBmk',1209600,NULL,'2017-11-20 11:34:22',42),('h1p1h58YVtgvrvA52Cs0YfoZSjarp16HUBWI5NrI5BHqBQZI4wDBiMoDfpTxuKSY',1209600,NULL,'2017-11-17 11:00:16',1),('H5EvdeQHk4WNevGA6C64UV7i9GDlPSUImFW1Q1uqMZS6CPp2bFE0kgRb73TWiXOZ',1209600,NULL,'2017-11-17 06:42:00',57),('Hf3pKuBcOubAVtXeMcigw7vyXjcVcsm60MSvfr68VFfSO5bWGBlHOCfWSzHrDFGE',1209600,NULL,'2017-11-17 05:40:07',53),('HF4SNVKmgHPWjXyUkSgdfEkr0F2uFU4y8Dn8ul3XKtAPldrg70FNmJXipzMeivED',300,NULL,'2017-12-04 06:10:35',1),('HjiAgE0HCvN3cqGakiFpTV8gahCAEQSjrjbECVJS5MCAEj8M31vF2CIsuzBSwVf9',1209600,NULL,'2017-11-17 05:37:37',1),('HlUzGc6igdmDjhXs7OQKGJFqW14ovyeyOG1StBGSsaCSS9FlbE2EBbPHju8jUyBa',3600,NULL,'2017-12-01 08:40:00',42),('HrO7sHARlBQxBFNFpRnBZFXxu5GVR20Q9CLrRYq7v3Eb3Qe2qZvayFtFjSlUG0v4',60,NULL,'2017-11-27 07:36:14',1),('hwKrXFZk7oaaT6LHqv3cP5YZbPNdQyjx8sddHzEPNFZEjxosamBQuudcZAHBLLmX',60,NULL,'2017-11-24 07:05:40',42),('I1bUQC5FPBPjmM1uHyFnWH3H5KBjOcm9LFVTckHl4qSUQYV5ZFs9lC46ZSkTBNLT',60,NULL,'2017-11-23 12:28:22',1),('iiwlowmR8zz4De5gOBgdZsmdtkKGvW4i3berpRsthMKKwcvFFSVU34NdjvyS5UH8',3600,NULL,'2017-12-01 08:49:07',42),('IOnidyx2dblZ6c0AnxuvcKQZJpJMcn51GqNsfwor3pyFX1lHvcGLJyDzWbKCXz8o',1209600,NULL,'2017-11-17 05:30:42',53),('IPnpLPEeZDMPEbme6m7U5LjZfRkrqPQFE4qCx0XXLbscGexGDr3Rvb3oJyrnUSUK',1209600,NULL,'2017-11-23 06:20:43',42),('IyysuHBDmxrGt6XzSvtvji1wTlLBX9OWLt0WAy6SrBttBtNdYF3iRuerIvrPIRLD',1209600,NULL,'2017-11-16 09:56:45',53),('j6xJjtPe6XAoqd3VjN9EEajGyr3fkdtCAkl8TigWtDpZDI0gO0IN8Oxg4iA3rK0j',60,NULL,'2017-11-24 14:13:04',42),('jCoPhvFqDEPtNwDM0WCcdEyM2CTfX05CGPfXU7PuRG5lrc5bxFe1aIjvVZxDCCb6',1209600,NULL,'2017-11-17 04:07:01',1),('jdSJ8sob3ehzcIUdUdSQSuSmYBtcRGECFdnhL05iYqQeFCrTB0brXms0An6WBGxu',1209600,NULL,'2017-11-17 12:11:42',42),('jDZ7J9dfWFd9yxQW8HwfXGlYjhWNlOo4xzz76FHXlBRVEg7GG2vaYfz16YRUk38v',300,NULL,'2017-12-04 06:11:58',1),('jIBOFGuu0OdCo48VlvFVDFMtY7Q1PfOHbnGAiTlOHWzOAD7GJFYbQS16RGvXUTge',1209600,NULL,'2017-12-05 06:12:57',1),('jikobjpBF8uICBOGTd8cHSSZ17TuQTHuEZZHYvpSA1lk9nTENfO1nOewpBdzn7Kk',1209600,NULL,'2017-11-20 12:57:04',42),('jmUE5yqC7CkinH1lSC3RvLQX9lOVFMj9gkgawHbQ19DaOx7pNPS1mB4BHAUbmgsY',1209600,NULL,'2017-11-20 12:19:13',1),('jQhhhnFAPewrXUX6afsC2lFJ99EaMtCVFE3zpRV3N774ABxKDTv2eQwNXYtqiNqS',300,NULL,'2017-12-01 08:10:27',69),('kcETnk5LwG8Hb2KayFS0NUjUhSS0NSriOwCRuW9nqoLcoVlgWDn3yDfovYanE925',1209600,NULL,'2017-11-20 12:34:17',43),('kDcR1ThlokBU7Ke1CM2fRjnCao3M1EPQJkPmVq6ghVmXl4znH21uNjGUzj2xE4Gu',1209600,NULL,'2017-11-17 09:49:21',1),('kHzmlMQMFsLPxtDIYtUbHWChmtJR4kqpw8W58J3oG70ll5urf6KrTy5YtallJfCn',1209600,NULL,'2017-11-17 11:24:26',58),('kKaL6Yp7CPhU8xToZc8uVLwOpRs8cbFLRSQqffQGp6Y9AQ0G7OmgbAmvIX3pXzmi',1209600,NULL,'2017-11-27 09:41:03',1),('KRMBkMGBkxQmPl7TEIHyYlGnKzWF9rQhO9sIuyzbAJ9uDKTn2UCMeyunOe34b2mu',300,NULL,'2017-11-30 13:50:15',42),('KwTlzRFFB8kya1U4xSwKwvUcx35h2dHViarMzHns5AUkutPJ8ERkKGE37QbLF7x4',3600,NULL,'2017-12-04 12:31:27',42),('l9nL5FRJJmEysc99zko6hIoJ7LvCoA76b9Afb3H5KaBBAoSWCGmJk4sih5i21xpp',1209600,NULL,'2017-11-20 11:50:54',1),('lddN2zlTkVfXkEBIb9YESmKa6NuIVfP8wbH0CooWifD3V0UHrClisWzcYSO9tQfs',60,NULL,'2017-11-27 11:51:43',42),('LDXWXBgs6JYU54dTU0BxuaO6MLDiVqbRgTUG76QmMmy5ZLbzdXiIFmFCuvt45Cgi',1209600,NULL,'2017-11-17 05:29:38',1),('LG5FCXmlYZhWT2u4ENA7EfnjYVACkcFZ7FWu5FwkAQ4JMWirCpBkVYPXIfpekace',300,NULL,'2017-12-01 07:38:05',69),('lL6DwDG35DFjvJtlDTnCTgCWnRxX9ZAqVgxWnv1DIyUGKOH23JWLFWZ3DEyytXyZ',300,NULL,'2017-12-05 06:31:56',42),('lmFnQH4olsiSXwIobTag6qBwT0E7rcpWgpr5RGfw2oleA3akeQUiCc3YGB3xjSVp',3600,NULL,'2017-12-01 08:55:05',42),('LpAwabxS9wT8NLa8w1OlU3iYqiXSZXLgB2INGfgr5RKoIenPHmgQR5i13yrIlKBF',1209600,NULL,'2017-11-17 10:55:39',56),('lPEx9VtWZIb6vTYLE5CrCuNq8IL7xMxwjOgo7UYKQFGfYpa8RT2AMnIcHLhlOTsu',300,NULL,'2017-11-30 03:52:28',1),('lRqRumkG8tLvrqidZGJywsDXCSYeZNQdPMtttXxpERqX4N4LWw6l3jGnQSb031Yb',1209600,NULL,'2017-11-20 12:57:46',52),('lWpp6CAA4uuDPT6RgSb9LdmLQGmD8bkjnoWHFjLAe0XRI4EIvHJJR5dKZTLn0MEY',60,NULL,'2017-11-27 06:39:48',1),('M5zQbM2Q55OrlBNg654gUnHmodbDcgLXNdKgMmTuU3bZjsVdxImfwFNcN1OBPtIg',60,NULL,'2017-11-27 09:23:04',42),('M7gUwG2q2dwRMHfibtf8BNXKLFahUxCehw2imIAr69DkD3OsMNwJ82qIPh33qXBV',60,NULL,'2017-11-27 11:29:39',42),('m9tce1WejPzHztNzWGIEc2OZPhLvg7JtwXJZCVvvuG4tO3cKCeC6s3x89uAYPjgT',1209600,NULL,'2017-11-16 16:25:45',1),('MFGibB2FkrpcGDvQMpFDiK2WE0gRGy4CkjD5GA7kcWAjdbtQnfD92AYTinRCLvdl',300,NULL,'2017-11-28 06:18:42',42),('mRoCLThVypTDNnsGOZ0h1ViHyyrnOwaTd949iwIyqDoDH2b7W5AxI7iqxAguXDEC',300,NULL,'2017-12-05 10:14:15',1),('MvOk9YdBVveIBMVzRmwO4kdXI7Hntv6avUdVwVMfIzaW2tSWKXof4OvRlB9uqFVo',1209600,NULL,'2017-11-23 12:22:55',53),('n0Rtgzltdzm6DpG873QLs1LlC3QLNUZvw2ai6jiK5ptTl4GRrKCzFFE1M1EVp38i',60,NULL,'2017-11-23 13:21:51',1),('N60sMEY6zqye0dfRdcCxRWn85NDPh0TJFacaWgOH6jF8E1nITUK1wA838hgz1bSO',300,NULL,'2017-11-30 13:54:05',1),('nmkg0ceKesKBEmf25YBbls0NGv6lioS4QFLWJJI1wFOT8zZNAJLdO6vgStON6vqN',1209600,NULL,'2017-11-17 09:45:30',56),('nOJbl42j5gfRcssZEvBS16zXIp8dMxuFFi5BKeZfHP0jiSqgoTQMxrOHo4JwFmi8',1209600,NULL,'2017-11-17 11:05:25',1),('nwyeKAuIPAXTbRbpsboZfSzYbc2IZZxItwEzRuhyjTdJyDN66bilF4nbELQkN01S',300,NULL,'2017-11-28 10:30:51',42),('OCjvhiJGGe4GTSLBgIDhmhzXFgtx5PsdGQlC1M2O5WlElvnGJ78NgEvbXFyPCR9g',1209600,NULL,'2017-11-16 09:24:16',53),('OHMtExjfTJGHHQSsCAoNVGUHm2Y0Br6TcGNxjcTfuRlKLUBqHoFWh4yhNe2FdKYA',1209600,NULL,'2017-11-20 11:33:44',42),('OIxQBWN7WXPmdtUy1W8AdQp39qb0p28a1rGMCFI8xT1ujowJyH7FE1jCMsE4EfsC',60,NULL,'2017-11-27 07:16:11',1),('OnalkvoyY4al5UfEHoBhrsSfCphavjINOO9i9pckNd7I0QDSur5WnctBwetQzAbf',1209600,NULL,'2017-11-16 12:39:03',1),('OvYBiXRUClRFgju5gd9wCBaYNwMDHkXAXdfiLmyouTx2w6TtqSZqr455NQORnmex',1209600,NULL,'2017-11-20 12:24:52',43),('OWglrime1hyHBrXN3zJxFgsTPYKvi8BLkgAuhngmYyFn8AUsT6EBSAs2NqoGDCmj',1209600,NULL,'2017-11-17 09:11:57',46),('Oyp0Y0rHLpjkK8qYcbhze3RFEyU4zW3dXiI2RBznqzFtNBq7w6OHVlsM1jCE46HS',1209600,NULL,'2017-11-17 12:20:55',1),('p1jAVEIp9oWoGBzQ3dlTSFYlZMKwqOJPYsYxTu0oLFAKHkVE9T8T1c7SIUFEDkMW',1209600,NULL,'2017-11-17 11:24:18',58),('P2asEVklYv01pqqGmgvYuSnQWoENJKVl44fzPOCfCarh9enrpkgqAUSOUG1wI4CU',1209600,NULL,'2017-11-17 09:14:05',56),('pd9YJ4WraBwAS4D9cvbTrbgN6ARrnPFhXuzrELpam7E06xrdiYWJB4GvppUJWWF7',900,'[\"reset-password\"]','2017-11-17 09:39:47',47),('peoeStHHB9HfE0jpkF7DtfiQwINz07Vc3GOpSFCOHlQGS5hXPBT7FC8AOWBstzGc',1209600,NULL,'2017-11-16 09:43:26',53),('pfSbADBJcH5uEloHuY0JglvECnqzod2FbFUNJUE7atV4UyWDFDzVRR2BLf6eLu2T',300,NULL,'2017-12-01 05:55:50',42),('PIAq5JvbE4cK0dGjI0B6mb5muaNYPKHfyh9XmQEmkilKdJfHhhIDUYLO8Ud3AmDz',1209600,NULL,'2017-11-20 12:01:29',42),('PRNkn7G6ucsKGvQdJiSaIgdtN5Gq4hBEME07HbJHIIi47aXmXZhH5j8ChBXDvpte',1209600,NULL,'2017-11-17 15:20:40',42),('PsLyTalHChCX3wHDlZJGdoDwuF20QhdyASpE1yAtlyZGcaKCwNVD66BFfCPSbsyW',300,NULL,'2017-12-04 12:48:36',42),('pWfWYCF72ws1oOyYxFhA1yCG2oE0DZQlIDtqDvSIH6L7fDRV85qKTtBExGGpSo0k',60,NULL,'2017-11-27 12:07:50',42),('PZGQHvoh0iKOOAcMfFnKgZjfv7r6Lh6iA6C5IWukqEoLGVEgLGXckhqvWGwAVfsf',300,NULL,'2017-12-01 08:28:26',42),('Q2UzsRmVnBC7buww2MHDg9Aozh5mGIeOEeOJHASWjU93y8wpvFrFUlCSl7Y9yrPK',1209600,NULL,'2017-12-01 05:55:17',53),('q73kfObC8nwyJUIGLyhOOm03D5QDhV3SVfImJa2M3UZcFr1JbGlFQmibjSx8d3mx',1209600,NULL,'2017-11-17 10:33:11',56),('Qb3hb95sGuTuhaBKNkR4CC3dN8wKUf6IDmladgWdzrHJdslQd7RaC8gF0Ktjq3M8',1209600,NULL,'2017-11-17 10:18:58',56),('QB8dyPPOMX0IljwFzJuEQb5ea76BMtYxhGScK9eexsbFHVn4jZlwveJcigwDDLcj',1209600,NULL,'2017-11-16 07:53:56',53),('QCCgCHigUyaWJVr0ZNEOdAyGgeGcaQLVFvJ3i0arHxhLqApD8yZHhECJ6FgyZw13',3600,NULL,'2017-11-24 06:53:43',53),('QCegVDx9t6bDxGx03PlYoxbm3BpMOax9F99jj4NfnJ89QOGtN2Ht6vMdDcEycVtw',1209600,NULL,'2017-11-17 09:07:33',46),('QcGExG3vMRBbA2HtqNWFUMR97Qo33CWx9WomeCtRQ1VwNsJ6Uiid1uQNPQgn7CBm',1209600,NULL,'2017-11-17 11:25:01',42),('QL7WP3pwQ07zhPfDjZs7bJl64Zp5EHwfW82Dab5l0GjRynmZns6PJ03hHftNGcKN',300,NULL,'2017-12-01 04:53:17',42),('qMsKECT4ZOYI8xxGlMhgM17BxFrbRN0rSmLw5N80dFtkNV6krSYXFUszVyRoy9Is',1209600,NULL,'2017-11-17 05:58:21',1),('qOdxIGdwgi4WC6QecZNwrJCwxLwmIb4kd7lQtSMPAQD0x9MEmHmVlAfLMM7FbKCG',300,NULL,'2017-11-28 13:31:49',42),('qoWsU59kgZ02PFPEAFmUV4TjkcLo3e97k1xGtZ28qG0gX7IlUGeYuLgfkmlyyXdq',1209600,NULL,'2017-11-17 11:05:11',42),('qPdC9O4TBr4PPHecuE6JD281dobn900k0jdtOM84viydJtbq5s4Rln5gVhgUrRLP',60,NULL,'2017-11-27 05:41:11',42),('Rd40eA6qCCD2CPx3sXUgF2bGBKiIAeAbMtHQq0dw0XXNIE3FlpPPay59goB96Csc',1209600,NULL,'2017-11-23 04:56:21',1),('rgew2Pt0LTlB55oOWuxg9L0o9HEBI3FLIeCJ982UfOHlaX4UUpOp1PSOxauiiDTE',1209600,NULL,'2017-11-16 14:13:26',1),('RLMaYj5XEQWgG8By8dIKrCTHxBBqVP83NDjXBTGneWn9s3GKAdSRymzeCzHfGGoc',1209600,NULL,'2017-11-17 10:42:35',1),('RstEZ5ZESJVLeJwe5eywlB2aOobOPKKakfwDIi0Q7bMcb1TaED76EIzXsEz6s0hi',3600,NULL,'2017-12-01 08:51:21',69),('rvgxRz7OkNYv63ICvYu2sOHReoMFjE8hz0atmwiDYncuoxShOB31W9to0iLWD0wn',1209600,NULL,'2017-11-17 12:02:52',1),('rwB2ewqSuo0sLYmM2j0ZteHoxIIbiizbvBzoBN58scH19fO5cRthJ5RPYeiC35BL',300,NULL,'2017-12-05 07:45:54',1),('rY6R0G1aXxEJqnzsxfr4ePcuW0T3kzbNd7lzPmP47Ht3fyseGEYzDX41YKaKhOGx',900,'[\"reset-password\"]','2017-11-17 11:03:50',42),('S0eNLhv3VE4tihpZ877a2iBoRYBu4lyOTS58L919U8Fi1YB0Fp8GQONsOoZxCJGF',1209600,NULL,'2017-11-17 11:23:17',1),('S8v2QYpxfOAPTb2aGYKz42PZOA1V9hjOfs0DT6GjXRfY2FjxtMOfJMcXsIoeLmT0',60,NULL,'2017-11-27 06:03:24',1),('sePWU4bcNF2MWAzKSWblwCTO2bC8FwBX6CNPf87ci263qmUKrxOA4yAjvg0RDQVB',60,NULL,'2017-11-27 09:26:28',42),('SGyRdt6rjjYswCNtDTcuxStu1fguFSAMOuL6cZtkyLKH8dZ2CHfh2DMqEAl5NE3N',300,NULL,'2017-11-30 10:48:09',1),('SMNVOzMb2VNws9GBzDH75binJcVAwyFF8CRJnz2jyqXHxG3YecFc27Aakvg5CBGN',300,NULL,'2017-12-01 06:04:34',69),('SoY58A6iwTIHpF3uyWZVJGAkj8jFY1EfF5AqGhoHp25JvK4Nfwot9wedp10pEzYK',1209600,NULL,'2017-11-17 05:10:47',56),('sPkvO3Rdj1EBU2JvNo16via3VvO0eQm4qHEDSkv63uiRAOEVDZ4CMjFpn2ozeosO',1209600,NULL,'2017-11-17 10:31:14',1),('SRnBiAzEiPt4ACZVkLyMNH3WFFOQycuw23qB9OqbXSAiA88jP6OPwuiW8GHV9aZ2',300,NULL,'2017-12-05 09:01:38',42),('sSNtnBwgtOBxSNtmyAMlnXXS0P2YTpX8ArLLyLmbvwYkeUdATxfkNdTg30ywzQAI',60,NULL,'2017-11-24 07:32:25',53),('sSQ3DU7ez7QBjtf5LQlzWrCaCPFwlu6TWgqMMxAt9qSIvCCrPeMwAQ3uxazvsQ4d',60,NULL,'2017-11-27 10:40:18',42),('str541HnuP7H1pzBfBLixWByn07gQUYAswfjzr3QxeI50m38qb8tGYhmppg1qZ3g',1209600,NULL,'2017-11-16 09:29:56',53),('sZJaCDYKdSKFd5pIiYGfC9o4XBDErVpiuGUImix1QIzxu4pD3fP4YI9AhYcEaOwg',1209600,NULL,'2017-11-16 10:55:24',1),('tCssoOlleRAZ8FEwwbaRUpfbZOzkkVgAzbIvdH6u9lU6BMT1WW5uBtmtXE2PJiYF',60,NULL,'2017-11-27 05:30:41',42),('tHj2lJjvMxAUFCg5OCjRzDsTzkX7xZFKEiuBHGIhKkrrTdQ3CtSI9myBk8t4uAqC',300,NULL,'2017-12-05 12:57:10',42),('TThpF7NFvaCBhp9lkYlCLdlGTY9gD4rSyDo1DLExVCwPq3hoWwejiBGnczeZpeDU',300,NULL,'2017-11-28 07:26:39',42),('ttMXGBoHzwWbyywvtZncM4vg4brw8s7tQpNDfM8lEccWXKjuXbaUMLdHc6AEFeJx',1209600,NULL,'2017-11-17 05:58:37',57),('u2oLbQ4TwkDeYVl4b2ezUSAnqSg5pSaeE2qbJCKuuHLwDKGBG020wujBNoZeKdZG',1209600,NULL,'2017-11-20 06:14:24',53),('U5YaBumdwBU0YnE0bnKYGeLZLWrPpmm5ZITPGP3NKlCfoEljcZe8WFKwfZFa3XYC',1209600,NULL,'2017-11-20 11:35:07',46),('u8rSWEGk32WBEElbMrnNPiVbWT8h7D5HBvTYoeHFK02TEvYQQCtoT1ZWRphsJoKP',300,NULL,'2017-12-01 07:45:02',69),('U9Mr8HdoFPvVvi55ht4gR2pECVGRlrcu3roFnKBEnMHHPdspHK7Aid1h0AhlvUNX',60,NULL,'2017-11-27 05:28:24',42),('UcgSLKZSh19U6ZZZi4moaDz8NEMjH5u8fbGZ2x1YmMQMl9EtKeDcKL1TyutCtAAY',1209600,NULL,'2017-11-16 09:19:18',46),('UELsWzbrtCU6fS6FSyKviyQEs6AAdejTMvJHmlxqGlQyq0Yl3uJ6MwvgYuBrWpI8',300,NULL,'2017-12-05 11:20:28',42),('uuy1TkIwM2ujjHQJwyqmHrAtHw1hG21TvUABRBenM5rCpuHZRMio5d2JIH8DBwds',300,NULL,'2017-12-01 09:09:21',42),('uWKt4MfRp9WiuwYOLMyVdqj0w4MbLCoozX62SS2qvMdjEx7raiyXAqMGP5pDDTCx',60,NULL,'2017-11-27 09:25:32',1),('VaaglDPir6VERuv1HwMsdBKP1jA2OCF8B56TqQEVWwL4jfPelstrlEz9avcAKrOD',1209600,NULL,'2017-11-20 12:27:28',42),('VnNYHWRmz0kELnp3fEPcpZVgcFtLZwhaqg62sBdu3IhL1sJOdXhS5uwgJQYOQu6y',1209600,NULL,'2017-11-17 12:16:48',42),('vUjR5CD1OH3RTvUlBW6URlPaoOsFnNNuLAdsGAibb9fEoBJ2uFAz6EHkLEypIiUB',1209600,NULL,'2017-11-20 11:48:44',42),('VWnYy5Sx6HVXMDZwUhjiNo02mon9FJhH84KQ2jv9vJKTJGGGg0ZNUUoKGZrKscqZ',1209600,NULL,'2017-11-17 13:38:39',42),('W2eFCiiU3gU8tJLgvKZPg4NjVvEFXhd1Lr0IQp9juTUaERz9HA78F2VJidbK7lqQ',1209600,NULL,'2017-11-17 12:33:59',61),('W6Q8AKCoa8IbpCpnQ2b7GAht5HHvYTJfLZJo9ImblMFoG8uLLDAt7KRyEDrnw1XB',300,NULL,'2017-12-05 06:15:58',42),('wGOrGIh2HlkcNN5mpCN43f2ay3G2ZXYVd5D0KpwH7BW0ZPbmH1aBTaGx0yCMWRbZ',300,NULL,'2017-12-01 05:06:37',69),('wHB4s9P5da6eoD03jtZUt4jaPEAExWrvjdHLerfLuoSBwPEUVcQpKnmY6ledgi1n',60,NULL,'2017-11-27 05:43:51',57),('wPGv9CUUvZmq7GOT90UddtFgfFRxIl6p5wYm8TpCXtuyPD5ufhl7zWFR1xdZ6t9A',1209600,NULL,'2017-11-17 09:01:54',56),('WtzmdHmdbjTq63QqbNNThn6UFAXVVFlSQNgn1KHsBJUvLQJk3kmQy2giejtADpZY',1209600,NULL,'2017-11-16 09:15:47',1),('wXBkgsydK8XXn50JLnidl5BaVHzZcNZqtQlYaNUyEdjevozGc7DzgoMnMp2MtPaV',1209600,NULL,'2017-11-20 13:07:38',42),('x1fW9qyZvSwlHlojqLwv4EzzHPyCa39xUm9R6xT4ZmudtIMYyJkXFNElrQGKswcH',1209600,NULL,'2017-11-17 05:24:20',1),('X6olARRENHSdMBQ37peP4UDXphuLFAvnRNEGMQbaOtOZMKrglqospTRLeIMxc8Ik',1209600,NULL,'2017-11-16 13:42:51',1),('XjlCevoTrTTGOcoW19vZo28fLcF17BtwpNxyhkdG15o1GURUcxeCSvGZIRqOX42B',1209600,NULL,'2017-11-17 11:06:30',46),('XKXj6oblIJBI8WvVKGK529Rf3bKVVDvjcqMfbBhZmShaa1Aqgu1AyfEiFhIkKPSv',1209600,NULL,'2017-11-17 09:47:23',46),('Y5YEd1pg8U3sF89MuGTzUj2lSdVCSyuDYu5ROIiwtbAEest6A9fb0i5ZTV1VCwlo',300,NULL,'2017-12-01 07:39:00',69),('yiaTelrKjC5Sp1akdVZYhdnWHzpYKLOp6bgIC2tVRbQbEfcKmkxVao0TZiPDhSeZ',60,NULL,'2017-11-24 09:00:15',53),('yjKI30HAmT12FbqvPiNfNNHkEqQkfhkExTiaIFYDI7ovmcGOhki5V4vqLRI4f1Dq',1209600,NULL,'2017-11-20 12:58:34',52),('YJUrxCJ2do1NgQv9bdoLtUEBgZzd05MFBgOkmY6i6nDJq6jwcZABJQ1X9xr9pDxr',1209600,NULL,'2017-11-16 09:17:03',1),('YmujDMFgIWramkDkDE6CnnXmqDVL9BlXYwmjghqQmW1CQxIpsd9IxGxjLaYhhHMY',1209600,NULL,'2017-11-17 09:07:23',46),('ynLOjs2yxAcVqbfqce1oT6S9AZ1hy6LJFSZ0bF6e566uYH68oXOOziQsUMuU123e',1209600,NULL,'2017-11-16 09:27:06',53),('YPeWR9UaToDk8VagCyyHAzUOOOIhWQi1rRD7md88pJrCG39D7SWJXMrgog7GDHEU',1209600,NULL,'2017-12-05 08:37:53',1),('YURGYgYEAjMhhXFArrib81zmcFBdMyT2WnBnAX3TXynX1kl36YWFyaM3t6MflOHt',60,NULL,'2017-11-27 07:17:35',42),('zBpJi5CNVDFUZOZH8jbH4pKHxvFP1NB4EKoH8z1fgSaRCitguk0dBW19kWPPxCnP',60,NULL,'2017-11-23 12:43:03',1),('zdhmfEOK5m89qChLhfVngkvkD5xKSFi214HzaOw5cVGkoGWLMVPjOx6tnwRXA5e8',1209600,NULL,'2017-11-17 09:09:04',56),('zEDsJZGrIgjIejnpRDIF5x5HSs7HLcFWWtegVgsb2d3VHXzLwO3qouc7EGd0rksE',300,NULL,'2017-12-01 09:35:06',69),('ZMp6bgdjCxITUhuG2lpjnYw68nirJtL0FHvBNa4xLPzlOksHuwR1vjjfr80aJQEe',300,NULL,'2017-11-28 07:29:42',1),('ZooRuHsbi0P9wPZa7BdDvYNkpzmxSBCZnnm10NAtGtY06MxkM2Cpr2f7zRLGuO0Q',1209600,NULL,'2017-11-20 12:59:03',43),('ZrdTgzFhPNZnTsS6GuZrU77GWs8IWHmTO15cEMgruGfs2LH39Oi6YU11vVxAaweb',3600,NULL,'2017-12-01 09:52:27',69),('zvSbCznnbsZEF5FH3EBTiQvUBX05v4uGThx5GEijY7j3wibCOcHxMpEWRZMwjfjW',1209600,NULL,'2017-11-17 05:24:50',57);
/*!40000 ALTER TABLE `accesstoken` ENABLE KEYS */;
UNLOCK TABLES;

--
-- Table structure for table `acl`
--

DROP TABLE IF EXISTS `acl`;
/*!40101 SET @saved_cs_client     = @@character_set_client */;
/*!40101 SET character_set_client = utf8 */;
CREATE TABLE `acl` (
  `id` bigint(20) NOT NULL AUTO_INCREMENT,
  `model` varchar(45) NOT NULL,
  `property` varchar(45) DEFAULT NULL,
  `accessType` varchar(45) NOT NULL,
  `permission` varchar(45) NOT NULL,
  `principalType` varchar(45) NOT NULL,
  `principalId` varchar(45) NOT NULL,
  PRIMARY KEY (`id`)
) ENGINE=InnoDB AUTO_INCREMENT=1130 DEFAULT CHARSET=utf8;
/*!40101 SET character_set_client = @saved_cs_client */;

--
-- Dumping data for table `acl`
--

LOCK TABLES `acl` WRITE;
/*!40000 ALTER TABLE `acl` DISABLE KEYS */;
INSERT INTO `acl` VALUES (1,'Institute','find','READ','DENY','ROLE','$everyone'),(2,'Board','find','READ','DENY','ROLE','$everyone'),(3,'School','find','READ','DENY','ROLE','$everyone'),(4,'role','find','READ','DENY','ROLE','$everyone'),(5,'user','find','READ','DENY','ROLE','$everyone'),(6,'Frequency','find','READ','DENY','ROLE','$everyone'),(7,'Class','find','READ','DENY','ROLE','$everyone'),(8,'Division','find','READ','DENY','ROLE','$everyone'),(9,'Category','find','READ','DENY','ROLE','$everyone'),(10,'Feehead','find','READ','DENY','ROLE','$everyone'),(11,'Feeplan','find','READ','DENY','ROLE','$everyone'),(12,'Zone','find','READ','DENY','ROLE','$everyone'),(13,'AdhocFee','find','READ','DENY','ROLE','$everyone'),(14,'Student','find','READ','DENY','ROLE','$everyone'),(15,'ProcessFee','find','READ','DENY','ROLE','$everyone'),(16,'Report','find','READ','DENY','ROLE','$everyone'),(17,'Academicyear','find','READ','DENY','ROLE','$everyone'),(18,'Institute','findById','READ','DENY','ROLE','$everyone'),(19,'Board','findById','READ','DENY','ROLE','$everyone'),(20,'School','findById','READ','DENY','ROLE','$everyone'),(21,'role','findById','READ','DENY','ROLE','$everyone'),(22,'user','findById','READ','DENY','ROLE','$everyone'),(23,'Frequency','findById','READ','DENY','ROLE','$everyone'),(24,'Class','findById','READ','DENY','ROLE','$everyone'),(25,'Division','findById','READ','DENY','ROLE','$everyone'),(26,'Category','findById','READ','DENY','ROLE','$everyone'),(27,'Feehead','findById','READ','DENY','ROLE','$everyone'),(28,'Feeplan','findById','READ','DENY','ROLE','$everyone'),(29,'Zone','findById','READ','DENY','ROLE','$everyone'),(30,'AdhocFee','findById','READ','DENY','ROLE','$everyone'),(31,'Student','findById','READ','DENY','ROLE','$everyone'),(32,'ProcessFee','findById','READ','DENY','ROLE','$everyone'),(33,'Report','findById','READ','DENY','ROLE','$everyone'),(34,'Academicyear','findById','READ','DENY','ROLE','$everyone'),(35,'Institute','create','WRITE','DENY','ROLE','$everyone'),(36,'Board','create','WRITE','DENY','ROLE','$everyone'),(37,'School','create','WRITE','DENY','ROLE','$everyone'),(38,'role','create','WRITE','DENY','ROLE','$everyone'),(39,'user','create','WRITE','DENY','ROLE','$everyone'),(40,'Frequency','create','WRITE','DENY','ROLE','$everyone'),(41,'Class','create','WRITE','DENY','ROLE','$everyone'),(42,'Division','create','WRITE','DENY','ROLE','$everyone'),(43,'Category','create','WRITE','DENY','ROLE','$everyone'),(44,'Feehead','create','WRITE','DENY','ROLE','$everyone'),(45,'Feeplan','create','WRITE','DENY','ROLE','$everyone'),(46,'Zone','create','WRITE','DENY','ROLE','$everyone'),(47,'AdhocFee','create','WRITE','DENY','ROLE','$everyone'),(48,'Student','create','WRITE','DENY','ROLE','$everyone'),(49,'ProcessFee','create','WRITE','DENY','ROLE','$everyone'),(50,'Report','create','WRITE','DENY','ROLE','$everyone'),(51,'Academicyear','create','WRITE','DENY','ROLE','$everyone'),(52,'Institute','updateAttributes','WRITE','DENY','ROLE','$everyone'),(53,'Board','updateAttributes','WRITE','DENY','ROLE','$everyone'),(54,'School','updateAttributes','WRITE','DENY','ROLE','$everyone'),(55,'role','updateAttributes','WRITE','DENY','ROLE','$everyone'),(56,'user','updateAttributes','WRITE','DENY','ROLE','$everyone'),(57,'Frequency','updateAttributes','WRITE','DENY','ROLE','$everyone'),(58,'Class','updateAttributes','WRITE','DENY','ROLE','$everyone'),(59,'Division','updateAttributes','WRITE','DENY','ROLE','$everyone'),(60,'Category','updateAttributes','WRITE','DENY','ROLE','$everyone'),(61,'Feehead','updateAttributes','WRITE','DENY','ROLE','$everyone'),(62,'Feeplan','updateAttributes','WRITE','DENY','ROLE','$everyone'),(63,'Zone','updateAttributes','WRITE','DENY','ROLE','$everyone'),(64,'AdhocFee','updateAttributes','WRITE','DENY','ROLE','$everyone'),(65,'Student','updateAttributes','WRITE','DENY','ROLE','$everyone'),(66,'ProcessFee','updateAttributes','WRITE','DENY','ROLE','$everyone'),(67,'Report','updateAttributes','WRITE','DENY','ROLE','$everyone'),(68,'Academicyear','updateAttributes','WRITE','DENY','ROLE','$everyone'),(69,'Institute','destroyById','WRITE','DENY','ROLE','$everyone'),(70,'Board','destroyById','WRITE','DENY','ROLE','$everyone'),(71,'School','destroyById','WRITE','DENY','ROLE','$everyone'),(72,'role','destroyById','WRITE','DENY','ROLE','$everyone'),(73,'user','destroyById','WRITE','DENY','ROLE','$everyone'),(74,'Frequency','destroyById','WRITE','DENY','ROLE','$everyone'),(75,'Class','destroyById','WRITE','DENY','ROLE','$everyone'),(76,'Division','destroyById','WRITE','DENY','ROLE','$everyone'),(77,'Category','destroyById','WRITE','DENY','ROLE','$everyone'),(78,'Feehead','destroyById','WRITE','DENY','ROLE','$everyone'),(79,'Feeplan','destroyById','WRITE','DENY','ROLE','$everyone'),(80,'Zone','destroyById','WRITE','DENY','ROLE','$everyone'),(81,'AdhocFee','destroyById','WRITE','DENY','ROLE','$everyone'),(82,'Student','destroyById','WRITE','DENY','ROLE','$everyone'),(83,'ProcessFee','destroyById','WRITE','DENY','ROLE','$everyone'),(84,'Report','destroyById','WRITE','DENY','ROLE','$everyone'),(85,'Academicyear','destroyById','WRITE','DENY','ROLE','$everyone'),(86,'user','createUser','EXECUTE','DENY','ROLE','$everyone'),(87,'Institute','count','READ','DENY','ROLE','$everyone'),(88,'Board','count','READ','DENY','ROLE','$everyone'),(89,'School','count','READ','DENY','ROLE','$everyone'),(90,'role','count','READ','DENY','ROLE','$everyone'),(91,'user','count','READ','DENY','ROLE','$everyone'),(92,'Frequency','count','READ','DENY','ROLE','$everyone'),(93,'Class','count','READ','DENY','ROLE','$everyone'),(94,'Division','count','READ','DENY','ROLE','$everyone'),(95,'Category','count','READ','DENY','ROLE','$everyone'),(96,'Feehead','count','READ','DENY','ROLE','$everyone'),(97,'Feeplan','count','READ','DENY','ROLE','$everyone'),(98,'Zone','count','READ','DENY','ROLE','$everyone'),(99,'AdhocFee','count','READ','DENY','ROLE','$everyone'),(100,'Student','count','READ','DENY','ROLE','$everyone'),(101,'ProcessFee','count','READ','DENY','ROLE','$everyone'),(102,'Report','count','READ','DENY','ROLE','$everyone'),(103,'Academicyear','count','READ','DENY','ROLE','$everyone'),(104,'Institute','find','READ','ALLOW','ROLE','SuperAdmin'),(105,'Board','find','READ','ALLOW','ROLE','SuperAdmin'),(106,'School','find','READ','ALLOW','ROLE','SuperAdmin'),(107,'role','find','READ','ALLOW','ROLE','SuperAdmin'),(108,'user','find','READ','ALLOW','ROLE','SuperAdmin'),(109,'Frequency','find','READ','ALLOW','ROLE','SuperAdmin'),(110,'Class','find','READ','ALLOW','ROLE','SuperAdmin'),(111,'Division','find','READ','ALLOW','ROLE','SuperAdmin'),(112,'Category','find','READ','ALLOW','ROLE','SuperAdmin'),(113,'Feehead','find','READ','ALLOW','ROLE','SuperAdmin'),(114,'Feeplan','find','READ','ALLOW','ROLE','SuperAdmin'),(115,'Zone','find','READ','ALLOW','ROLE','SuperAdmin'),(116,'AdhocFee','find','READ','ALLOW','ROLE','SuperAdmin'),(117,'Student','find','READ','ALLOW','ROLE','SuperAdmin'),(118,'ProcessFee','find','READ','ALLOW','ROLE','SuperAdmin'),(119,'Report','find','READ','ALLOW','ROLE','SuperAdmin'),(120,'Academicyear','find','READ','ALLOW','ROLE','SuperAdmin'),(121,'Institute','findById','READ','ALLOW','ROLE','SuperAdmin'),(122,'Board','findById','READ','ALLOW','ROLE','SuperAdmin'),(123,'School','findById','READ','ALLOW','ROLE','SuperAdmin'),(124,'role','findById','READ','ALLOW','ROLE','SuperAdmin'),(125,'user','findById','READ','ALLOW','ROLE','SuperAdmin'),(126,'Frequency','findById','READ','ALLOW','ROLE','SuperAdmin'),(127,'Class','findById','READ','ALLOW','ROLE','SuperAdmin'),(128,'Division','findById','READ','ALLOW','ROLE','SuperAdmin'),(129,'Category','findById','READ','ALLOW','ROLE','SuperAdmin'),(130,'Feehead','findById','READ','ALLOW','ROLE','SuperAdmin'),(131,'Feeplan','findById','READ','ALLOW','ROLE','SuperAdmin'),(132,'Zone','findById','READ','ALLOW','ROLE','SuperAdmin'),(133,'AdhocFee','findById','READ','ALLOW','ROLE','SuperAdmin'),(134,'Student','findById','READ','ALLOW','ROLE','SuperAdmin'),(135,'ProcessFee','findById','READ','ALLOW','ROLE','SuperAdmin'),(136,'Report','findById','READ','ALLOW','ROLE','SuperAdmin'),(137,'Academicyear','findById','READ','ALLOW','ROLE','SuperAdmin'),(138,'Institute','create','WRITE','ALLOW','ROLE','SuperAdmin'),(139,'Board','create','WRITE','ALLOW','ROLE','SuperAdmin'),(140,'School','create','WRITE','ALLOW','ROLE','SuperAdmin'),(141,'role','create','WRITE','ALLOW','ROLE','SuperAdmin'),(142,'user','create','WRITE','ALLOW','ROLE','SuperAdmin'),(143,'Frequency','create','WRITE','ALLOW','ROLE','SuperAdmin'),(144,'Class','create','WRITE','ALLOW','ROLE','SuperAdmin'),(145,'Division','create','WRITE','ALLOW','ROLE','SuperAdmin'),(146,'Category','create','WRITE','ALLOW','ROLE','SuperAdmin'),(147,'Feehead','create','WRITE','ALLOW','ROLE','SuperAdmin'),(148,'Feeplan','create','WRITE','ALLOW','ROLE','SuperAdmin'),(149,'Zone','create','WRITE','ALLOW','ROLE','SuperAdmin'),(150,'AdhocFee','create','WRITE','ALLOW','ROLE','SuperAdmin'),(151,'Student','create','WRITE','ALLOW','ROLE','SuperAdmin'),(152,'ProcessFee','create','WRITE','ALLOW','ROLE','SuperAdmin'),(153,'Report','create','WRITE','ALLOW','ROLE','SuperAdmin'),(154,'Academicyear','create','WRITE','ALLOW','ROLE','SuperAdmin'),(155,'Institute','updateAttributes','WRITE','ALLOW','ROLE','SuperAdmin'),(156,'Board','updateAttributes','WRITE','ALLOW','ROLE','SuperAdmin'),(158,'role','updateAttributes','WRITE','ALLOW','ROLE','SuperAdmin'),(159,'user','updateAttributes','WRITE','ALLOW','ROLE','SuperAdmin'),(160,'Frequency','updateAttributes','WRITE','ALLOW','ROLE','SuperAdmin'),(161,'Class','updateAttributes','WRITE','ALLOW','ROLE','SuperAdmin'),(162,'Division','updateAttributes','WRITE','ALLOW','ROLE','SuperAdmin'),(163,'Category','updateAttributes','WRITE','ALLOW','ROLE','SuperAdmin'),(164,'Feehead','updateAttributes','WRITE','ALLOW','ROLE','SuperAdmin'),(165,'Feeplan','updateAttributes','WRITE','ALLOW','ROLE','SuperAdmin'),(166,'Zone','updateAttributes','WRITE','ALLOW','ROLE','SuperAdmin'),(167,'AdhocFee','updateAttributes','WRITE','ALLOW','ROLE','SuperAdmin'),(168,'Student','updateAttributes','WRITE','ALLOW','ROLE','SuperAdmin'),(169,'ProcessFee','updateAttributes','WRITE','ALLOW','ROLE','SuperAdmin'),(170,'Report','updateAttributes','WRITE','ALLOW','ROLE','SuperAdmin'),(171,'Academicyear','updateAttributes','WRITE','ALLOW','ROLE','SuperAdmin'),(172,'Institute','destroyById','WRITE','ALLOW','ROLE','SuperAdmin'),(173,'Board','destroyById','WRITE','ALLOW','ROLE','SuperAdmin'),(174,'School','destroyById','WRITE','ALLOW','ROLE','SuperAdmin'),(175,'role','destroyById','WRITE','ALLOW','ROLE','SuperAdmin'),(176,'user','destroyById','WRITE','ALLOW','ROLE','SuperAdmin'),(177,'Frequency','destroyById','WRITE','ALLOW','ROLE','SuperAdmin'),(178,'Class','destroyById','WRITE','ALLOW','ROLE','SuperAdmin'),(179,'Division','destroyById','WRITE','ALLOW','ROLE','SuperAdmin'),(180,'Category','destroyById','WRITE','ALLOW','ROLE','SuperAdmin'),(181,'Feehead','destroyById','WRITE','ALLOW','ROLE','SuperAdmin'),(182,'Feeplan','destroyById','WRITE','ALLOW','ROLE','SuperAdmin'),(183,'Zone','destroyById','WRITE','ALLOW','ROLE','SuperAdmin'),(184,'AdhocFee','destroyById','WRITE','ALLOW','ROLE','SuperAdmin'),(185,'Student','destroyById','WRITE','ALLOW','ROLE','SuperAdmin'),(186,'ProcessFee','destroyById','WRITE','ALLOW','ROLE','SuperAdmin'),(187,'Report','destroyById','WRITE','ALLOW','ROLE','SuperAdmin'),(188,'Academicyear','destroyById','WRITE','ALLOW','ROLE','SuperAdmin'),(189,'user','createUser','EXECUTE','ALLOW','ROLE','SuperAdmin'),(190,'user','updateUser','EXECUTE','ALLOW','ROLE','SuperAdmin'),(191,'Institute','count','READ','ALLOW','ROLE','SuperAdmin'),(192,'Board','count','READ','ALLOW','ROLE','SuperAdmin'),(193,'School','count','READ','ALLOW','ROLE','SuperAdmin'),(194,'role','count','READ','ALLOW','ROLE','SuperAdmin'),(195,'user','count','READ','ALLOW','ROLE','SuperAdmin'),(196,'Frequency','count','READ','ALLOW','ROLE','SuperAdmin'),(197,'Class','count','READ','ALLOW','ROLE','SuperAdmin'),(198,'Division','count','READ','ALLOW','ROLE','SuperAdmin'),(199,'Category','count','READ','ALLOW','ROLE','SuperAdmin'),(200,'Feehead','count','READ','ALLOW','ROLE','SuperAdmin'),(201,'Feeplan','count','READ','ALLOW','ROLE','SuperAdmin'),(202,'Zone','count','READ','ALLOW','ROLE','SuperAdmin'),(203,'AdhocFee','count','READ','ALLOW','ROLE','SuperAdmin'),(204,'Student','count','READ','ALLOW','ROLE','SuperAdmin'),(205,'ProcessFee','count','READ','ALLOW','ROLE','SuperAdmin'),(206,'Report','count','READ','ALLOW','ROLE','SuperAdmin'),(207,'Academicyear','count','READ','ALLOW','ROLE','SuperAdmin'),(208,'role','find','READ','ALLOW','ROLE','SchoolAdmin'),(209,'user','find','READ','ALLOW','ROLE','SchoolAdmin'),(210,'Frequency','find','READ','ALLOW','ROLE','SchoolAdmin'),(211,'Class','find','READ','ALLOW','ROLE','SchoolAdmin'),(212,'Division','find','READ','ALLOW','ROLE','SchoolAdmin'),(213,'Category','find','READ','ALLOW','ROLE','SchoolAdmin'),(214,'Feehead','find','READ','ALLOW','ROLE','SchoolAdmin'),(215,'Feeplan','find','READ','ALLOW','ROLE','SchoolAdmin'),(216,'Zone','find','READ','ALLOW','ROLE','SchoolAdmin'),(217,'AdhocFee','find','READ','ALLOW','ROLE','SchoolAdmin'),(218,'Student','find','READ','ALLOW','ROLE','SchoolAdmin'),(219,'ProcessFee','find','READ','ALLOW','ROLE','SchoolAdmin'),(220,'Report','find','READ','ALLOW','ROLE','SchoolAdmin'),(221,'Academicyear','find','READ','ALLOW','ROLE','SchoolAdmin'),(222,'role','findById','READ','ALLOW','ROLE','SchoolAdmin'),(223,'user','findById','READ','ALLOW','ROLE','SchoolAdmin'),(224,'Frequency','findById','READ','ALLOW','ROLE','SchoolAdmin'),(225,'Class','findById','READ','ALLOW','ROLE','SchoolAdmin'),(226,'Division','findById','READ','ALLOW','ROLE','SchoolAdmin'),(227,'Category','findById','READ','ALLOW','ROLE','SchoolAdmin'),(228,'Feehead','findById','READ','ALLOW','ROLE','SchoolAdmin'),(229,'Feeplan','findById','READ','ALLOW','ROLE','SchoolAdmin'),(230,'Zone','findById','READ','ALLOW','ROLE','SchoolAdmin'),(231,'AdhocFee','findById','READ','ALLOW','ROLE','SchoolAdmin'),(232,'Student','findById','READ','ALLOW','ROLE','SchoolAdmin'),(233,'ProcessFee','findById','READ','ALLOW','ROLE','SchoolAdmin'),(234,'Report','findById','READ','ALLOW','ROLE','SchoolAdmin'),(235,'Academicyear','findById','READ','ALLOW','ROLE','SchoolAdmin'),(236,'role','create','WRITE','ALLOW','ROLE','SchoolAdmin'),(237,'user','create','WRITE','ALLOW','ROLE','SchoolAdmin'),(238,'Frequency','create','WRITE','ALLOW','ROLE','SchoolAdmin'),(239,'Class','create','WRITE','ALLOW','ROLE','SchoolAdmin'),(240,'Division','create','WRITE','ALLOW','ROLE','SchoolAdmin'),(241,'Category','create','WRITE','ALLOW','ROLE','SchoolAdmin'),(242,'Feehead','create','WRITE','ALLOW','ROLE','SchoolAdmin'),(243,'Feeplan','create','WRITE','ALLOW','ROLE','SchoolAdmin'),(244,'Zone','create','WRITE','ALLOW','ROLE','SchoolAdmin'),(245,'AdhocFee','create','WRITE','ALLOW','ROLE','SchoolAdmin'),(246,'Student','create','WRITE','ALLOW','ROLE','SchoolAdmin'),(247,'ProcessFee','create','WRITE','ALLOW','ROLE','SchoolAdmin'),(248,'Report','create','WRITE','ALLOW','ROLE','SchoolAdmin'),(250,'role','updateAttributes','WRITE','ALLOW','ROLE','SchoolAdmin'),(251,'user','updateAttributes','WRITE','ALLOW','ROLE','SchoolAdmin'),(252,'Frequency','updateAttributes','WRITE','ALLOW','ROLE','SchoolAdmin'),(253,'Class','updateAttributes','WRITE','ALLOW','ROLE','SchoolAdmin'),(254,'Division','updateAttributes','WRITE','ALLOW','ROLE','SchoolAdmin'),(255,'Category','updateAttributes','WRITE','ALLOW','ROLE','SchoolAdmin'),(256,'Feehead','updateAttributes','WRITE','ALLOW','ROLE','SchoolAdmin'),(257,'Feeplan','updateAttributes','WRITE','ALLOW','ROLE','SchoolAdmin'),(258,'Zone','updateAttributes','WRITE','ALLOW','ROLE','SchoolAdmin'),(259,'AdhocFee','updateAttributes','WRITE','ALLOW','ROLE','SchoolAdmin'),(260,'Student','updateAttributes','WRITE','ALLOW','ROLE','SchoolAdmin'),(261,'ProcessFee','updateAttributes','WRITE','ALLOW','ROLE','SchoolAdmin'),(262,'Report','updateAttributes','WRITE','ALLOW','ROLE','SchoolAdmin'),(264,'role','destroyById','WRITE','ALLOW','ROLE','SchoolAdmin'),(265,'user','destroyById','WRITE','ALLOW','ROLE','SchoolAdmin'),(266,'Frequency','destroyById','WRITE','ALLOW','ROLE','SchoolAdmin'),(267,'Class','destroyById','WRITE','ALLOW','ROLE','SchoolAdmin'),(268,'Division','destroyById','WRITE','ALLOW','ROLE','SchoolAdmin'),(269,'Category','destroyById','WRITE','ALLOW','ROLE','SchoolAdmin'),(270,'Feehead','destroyById','WRITE','ALLOW','ROLE','SchoolAdmin'),(271,'Feeplan','destroyById','WRITE','ALLOW','ROLE','SchoolAdmin'),(272,'Zone','destroyById','WRITE','ALLOW','ROLE','SchoolAdmin'),(273,'AdhocFee','destroyById','WRITE','ALLOW','ROLE','SchoolAdmin'),(274,'Student','destroyById','WRITE','ALLOW','ROLE','SchoolAdmin'),(275,'ProcessFee','destroyById','WRITE','ALLOW','ROLE','SchoolAdmin'),(276,'Report','destroyById','WRITE','ALLOW','ROLE','SchoolAdmin'),(278,'user','createUser','EXECUTE','ALLOW','ROLE','SchoolAdmin'),(279,'user','updateUser','EXECUTE','ALLOW','ROLE','SchoolAdmin'),(280,'role','count','READ','ALLOW','ROLE','SchoolAdmin'),(281,'user','count','READ','ALLOW','ROLE','SchoolAdmin'),(282,'Frequency','count','READ','ALLOW','ROLE','SchoolAdmin'),(283,'Class','count','READ','ALLOW','ROLE','SchoolAdmin'),(284,'Division','count','READ','ALLOW','ROLE','SchoolAdmin'),(285,'Category','count','READ','ALLOW','ROLE','SchoolAdmin'),(286,'Feehead','count','READ','ALLOW','ROLE','SchoolAdmin'),(287,'Feeplan','count','READ','ALLOW','ROLE','SchoolAdmin'),(288,'Zone','count','READ','ALLOW','ROLE','SchoolAdmin'),(289,'AdhocFee','count','READ','ALLOW','ROLE','SchoolAdmin'),(290,'Student','count','READ','ALLOW','ROLE','SchoolAdmin'),(291,'ProcessFee','count','READ','ALLOW','ROLE','SchoolAdmin'),(292,'Report','count','READ','ALLOW','ROLE','SchoolAdmin'),(293,'Academicyear','count','READ','ALLOW','ROLE','SchoolAdmin'),(304,'Permission','find','READ','DENY','ROLE','$everyone'),(305,'Menu','find','READ','DENY','ROLE','$everyone'),(306,'Permission','findById','READ','DENY','ROLE','$everyone'),(307,'Menu','findById','READ','DENY','ROLE','$everyone'),(308,'Permission','create','WRITE','DENY','ROLE','$everyone'),(309,'Menu','create','WRITE','DENY','ROLE','$everyone'),(310,'Permission','updateAttributes','WRITE','DENY','ROLE','$everyone'),(311,'Menu','updateAttributes','WRITE','DENY','ROLE','$everyone'),(312,'Permission','destroyById','WRITE','DENY','ROLE','$everyone'),(313,'Menu','destroyById','WRITE','DENY','ROLE','$everyone'),(314,'Permission','count','READ','DENY','ROLE','$everyone'),(315,'Menu','count','READ','DENY','ROLE','$everyone'),(316,'Permission','find','READ','ALLOW','ROLE','SuperAdmin'),(317,'Permission','findById','READ','ALLOW','ROLE','SuperAdmin'),(318,'Permission','find','READ','ALLOW','ROLE','SchoolAdmin'),(319,'Permission','findById','READ','ALLOW','ROLE','SchoolAdmin'),(320,'Permission','count','READ','ALLOW','ROLE','SuperAdmin'),(321,'Permission','count','READ','ALLOW','ROLE','SchoolAdmin'),(322,'Institute','deleteRecord','EXECUTE','DENY','ROLE','$everyone'),(323,'Board','deleteRecord','EXECUTE','DENY','ROLE','$everyone'),(324,'School','deleteRecord','EXECUTE','DENY','ROLE','$everyone'),(325,'role','deleteRecord','EXECUTE','DENY','ROLE','$everyone'),(326,'user','deleteRecord','EXECUTE','DENY','ROLE','$everyone'),(327,'Frequency','deleteRecord','EXECUTE','DENY','ROLE','$everyone'),(328,'Class','deleteRecord','EXECUTE','DENY','ROLE','$everyone'),(329,'Division','deleteRecord','EXECUTE','DENY','ROLE','$everyone'),(330,'Category','deleteRecord','EXECUTE','DENY','ROLE','$everyone'),(331,'Feehead','deleteRecord','EXECUTE','DENY','ROLE','$everyone'),(332,'Feeplan','deleteRecord','EXECUTE','DENY','ROLE','$everyone'),(333,'Zone','deleteRecord','EXECUTE','DENY','ROLE','$everyone'),(334,'AdhocFee','deleteRecord','EXECUTE','DENY','ROLE','$everyone'),(335,'Student','deleteRecord','EXECUTE','DENY','ROLE','$everyone'),(336,'ProcessFee','deleteRecord','EXECUTE','DENY','ROLE','$everyone'),(337,'Report','deleteRecord','EXECUTE','DENY','ROLE','$everyone'),(338,'Academicyear','deleteRecord','EXECUTE','DENY','ROLE','$everyone'),(339,'Institute','deleteRecord','EXECUTE','ALLOW','ROLE','SuperAdmin'),(340,'Board','deleteRecord','EXECUTE','ALLOW','ROLE','SuperAdmin'),(341,'School','deleteRecord','EXECUTE','ALLOW','ROLE','SuperAdmin'),(342,'role','deleteRecord','EXECUTE','ALLOW','ROLE','SuperAdmin'),(343,'user','deleteRecord','EXECUTE','ALLOW','ROLE','SuperAdmin'),(344,'Frequency','deleteRecord','EXECUTE','ALLOW','ROLE','SuperAdmin'),(345,'Class','deleteRecord','EXECUTE','ALLOW','ROLE','SuperAdmin'),(346,'Division','deleteRecord','EXECUTE','ALLOW','ROLE','SuperAdmin'),(347,'Category','deleteRecord','EXECUTE','ALLOW','ROLE','SuperAdmin'),(348,'Feehead','deleteRecord','EXECUTE','ALLOW','ROLE','SuperAdmin'),(349,'Feeplan','deleteRecord','EXECUTE','ALLOW','ROLE','SuperAdmin'),(350,'Zone','deleteRecord','EXECUTE','ALLOW','ROLE','SuperAdmin'),(351,'AdhocFee','deleteRecord','EXECUTE','ALLOW','ROLE','SuperAdmin'),(352,'Student','deleteRecord','EXECUTE','ALLOW','ROLE','SuperAdmin'),(353,'ProcessFee','deleteRecord','EXECUTE','ALLOW','ROLE','SuperAdmin'),(354,'Report','deleteRecord','EXECUTE','ALLOW','ROLE','SuperAdmin'),(355,'Academicyear','deleteRecord','EXECUTE','ALLOW','ROLE','SuperAdmin'),(356,'role','deleteRecord','EXECUTE','ALLOW','ROLE','SchoolAdmin'),(357,'user','deleteRecord','EXECUTE','ALLOW','ROLE','SchoolAdmin'),(358,'Frequency','deleteRecord','EXECUTE','ALLOW','ROLE','SchoolAdmin'),(359,'Class','deleteRecord','EXECUTE','ALLOW','ROLE','SchoolAdmin'),(360,'Division','deleteRecord','EXECUTE','ALLOW','ROLE','SchoolAdmin'),(361,'Category','deleteRecord','EXECUTE','ALLOW','ROLE','SchoolAdmin'),(362,'Feehead','deleteRecord','EXECUTE','ALLOW','ROLE','SchoolAdmin'),(363,'Feeplan','deleteRecord','EXECUTE','ALLOW','ROLE','SchoolAdmin'),(364,'Zone','deleteRecord','EXECUTE','ALLOW','ROLE','SchoolAdmin'),(365,'AdhocFee','deleteRecord','EXECUTE','ALLOW','ROLE','SchoolAdmin'),(366,'Student','deleteRecord','EXECUTE','ALLOW','ROLE','SchoolAdmin'),(367,'ProcessFee','deleteRecord','EXECUTE','ALLOW','ROLE','SchoolAdmin'),(368,'Report','deleteRecord','EXECUTE','ALLOW','ROLE','SchoolAdmin'),(370,'Class','create','WRITE','ALLOW','ROLE','Accounting assistant70'),(371,'Class','find','READ','ALLOW','ROLE','Accounting assistant70'),(372,'Class','findById','READ','ALLOW','ROLE','Accounting assistant70'),(373,'Class','count','READ','ALLOW','ROLE','Accounting assistant70'),(374,'Student','create','WRITE','ALLOW','ROLE','Accounting assistant70'),(375,'Report','create','WRITE','ALLOW','ROLE','Accounting assistant70'),(379,'Report','find','READ','ALLOW','ROLE','Accounting assistant70'),(380,'Report','findById','READ','ALLOW','ROLE','Accounting assistant70'),(381,'Report','count','READ','ALLOW','ROLE','Accounting assistant70'),(382,'Class','updateAttributes','WRITE','ALLOW','ROLE','Accounting assistant70'),(388,'Category','create','WRITE','ALLOW','ROLE','Accounting Manager70'),(394,'Student','find','READ','ALLOW','ROLE','Accounting Manager70'),(395,'Student','findById','READ','ALLOW','ROLE','Accounting Manager70'),(396,'Student','count','READ','ALLOW','ROLE','Accounting Manager70'),(403,'role','__get__permission','READ','DENY','ROLE','$everyone'),(404,'role','__get__permission','READ','ALLOW','ROLE','$authenticated'),(405,'Class','find','READ','ALLOW','ROLE','Accounting Manager70'),(406,'Class','findById','READ','ALLOW','ROLE','Accounting Manager70'),(407,'Class','count','READ','ALLOW','ROLE','Accounting Manager70'),(408,'Class','updateAttributes','WRITE','ALLOW','ROLE','Accounting Manager70'),(410,'Class','create','WRITE','ALLOW','ROLE','Accounting Manager70'),(411,'Class','deleteRecord','EXECUTE','ALLOW','ROLE','Accounting Manager70'),(412,'Division','find','READ','ALLOW','ROLE','Accounting Manager70'),(413,'Division','findById','READ','ALLOW','ROLE','Accounting Manager70'),(414,'Division','count','READ','ALLOW','ROLE','Accounting Manager70'),(415,'Division','updateAttributes','WRITE','ALLOW','ROLE','Accounting Manager70'),(416,'Division','create','WRITE','ALLOW','ROLE','Accounting Manager70'),(420,'Category','find','READ','ALLOW','ROLE','Accounting Manager70'),(421,'Category','findById','READ','ALLOW','ROLE','Accounting Manager70'),(422,'Category','count','READ','ALLOW','ROLE','Accounting Manager70'),(423,'Category','updateAttributes','WRITE','ALLOW','ROLE','Accounting Manager70'),(424,'Category','deleteRecord','EXECUTE','ALLOW','ROLE','Accounting Manager70'),(425,'Division','deleteRecord','EXECUTE','ALLOW','ROLE','Accounting Manager70'),(429,'Feehead','find','READ','ALLOW','ROLE','Accounting Manager70'),(430,'Feehead','findById','READ','ALLOW','ROLE','Accounting Manager70'),(431,'Feehead','count','READ','ALLOW','ROLE','Accounting Manager70'),(434,'Feeplan','find','READ','ALLOW','ROLE','Accounting Manager70'),(435,'Feeplan','findById','READ','ALLOW','ROLE','Accounting Manager70'),(436,'Feeplan','count','READ','ALLOW','ROLE','Accounting Manager70'),(437,'Feeplan','create','WRITE','ALLOW','ROLE','Accounting Manager70'),(438,'ProcessFee','find','READ','ALLOW','ROLE','Accounting Manager70'),(439,'ProcessFee','findById','READ','ALLOW','ROLE','Accounting Manager70'),(440,'ProcessFee','count','READ','ALLOW','ROLE','Accounting Manager70'),(442,'Feehead','updateAttributes','WRITE','ALLOW','ROLE','Accounting Manager70'),(443,'Student','create','WRITE','ALLOW','ROLE','Accounting Manager70'),(513,'Feehead','find','READ','ALLOW','ROLE','Mastermanager39'),(514,'Feehead','findById','READ','ALLOW','ROLE','Mastermanager39'),(515,'Feehead','count','READ','ALLOW','ROLE','Mastermanager39'),(516,'Feehead','create','WRITE','ALLOW','ROLE','Mastermanager39'),(517,'Feehead','updateAttributes','WRITE','ALLOW','ROLE','Mastermanager39'),(518,'Feehead','updateAttribute','WRITE','ALLOW','ROLE','Mastermanager39'),(519,'School','__create__SchoolClass','WRITE','ALLOW','ROLE','Mastermanager39'),(520,'Class','find','READ','ALLOW','ROLE','Mastermanager39'),(521,'School','__count__SchoolClass','READ','ALLOW','ROLE','Mastermanager39'),(522,'School','__get__SchoolClass','READ','ALLOW','ROLE','Mastermanager39'),(523,'School','__findById__SchoolClass','READ','ALLOW','ROLE','Mastermanager39'),(524,'Class','__get__ClassSchool','READ','ALLOW','ROLE','Mastermanager39'),(525,'Student','__get__StudentClass','READ','ALLOW','ROLE','Mastermanager39'),(526,'Class','findById','READ','ALLOW','ROLE','Mastermanager39'),(527,'Class','count','READ','ALLOW','ROLE','Mastermanager39'),(528,'Division','findById','READ','ALLOW','ROLE','Mastermanager39'),(529,'School','__count__SchoolDivision','READ','ALLOW','ROLE','Mastermanager39'),(530,'School','__get__SchoolDivision','READ','ALLOW','ROLE','Mastermanager39'),(531,'School','__findById__SchoolDivision','READ','ALLOW','ROLE','Mastermanager39'),(532,'Division','__get__DivisionClass','READ','ALLOW','ROLE','Mastermanager39'),(533,'Division','__get__DivisionSchool','READ','ALLOW','ROLE','Mastermanager39'),(534,'Student','__get__StudentDivision','READ','ALLOW','ROLE','Mastermanager39'),(535,'Division','find','READ','ALLOW','ROLE','Mastermanager39'),(536,'Division','count','READ','ALLOW','ROLE','Mastermanager39'),(537,'School','__create__SchoolDivision','WRITE','ALLOW','ROLE','Mastermanager39'),(538,'Zone','find','READ','ALLOW','ROLE','Mastermanager39'),(539,'Zone','findById','READ','ALLOW','ROLE','Mastermanager39'),(540,'Zone','count','READ','ALLOW','ROLE','Mastermanager39'),(541,'Zone','create','WRITE','ALLOW','ROLE','Mastermanager39'),(542,'School','__updateById__Students','WRITE','ALLOW','ROLE','Mastermanager39'),(543,'Student','updateAttributes','WRITE','ALLOW','ROLE','Mastermanager39'),(544,'Student','updateAttribute','WRITE','ALLOW','ROLE','Mastermanager39'),(545,'School','__count__Students','READ','ALLOW','ROLE','Mastermanager39'),(546,'School','__get__Students','READ','ALLOW','ROLE','Mastermanager39'),(547,'School','__findById__Students','READ','ALLOW','ROLE','Mastermanager39'),(548,'Student','find','READ','ALLOW','ROLE','Mastermanager39'),(549,'Student','findById','READ','ALLOW','ROLE','Mastermanager39'),(550,'Student','count','READ','ALLOW','ROLE','Mastermanager39'),(551,'School','__create__Students','WRITE','ALLOW','ROLE','Mastermanager39'),(558,'School','__create__SchoolYear','WRITE','ALLOW','ROLE','Mastermanager39'),(559,'School','__count__SchoolYear','READ','ALLOW','ROLE','Mastermanager39'),(560,'School','__get__SchoolYear','READ','ALLOW','ROLE','Mastermanager39'),(561,'School','__findById__SchoolYear','READ','ALLOW','ROLE','Mastermanager39'),(562,'AcademicYear','find','READ','ALLOW','ROLE','Mastermanager39'),(563,'AcademicYear','findById','READ','ALLOW','ROLE','Mastermanager39'),(564,'AcademicYear','count','READ','ALLOW','ROLE','Mastermanager39'),(565,'Report','create','WRITE','ALLOW','ROLE','Mastermanager39'),(566,'Report','findById','READ','ALLOW','ROLE','Mastermanager39'),(567,'Report','find','READ','ALLOW','ROLE','Mastermanager39'),(568,'Report','count','READ','ALLOW','ROLE','Mastermanager39'),(569,'Report','deleteRecord','WRITE','ALLOW','ROLE','Mastermanager39'),(570,'ProcessFee','create','WRITE','ALLOW','ROLE','Mastermanager39'),(571,'ProcessFee','updateAttributes','WRITE','ALLOW','ROLE','Mastermanager39'),(572,'ProcessFee','updateAttribute','WRITE','ALLOW','ROLE','Mastermanager39'),(591,'School','__get__Students','READ','ALLOW','ROLE','SchoolAdmin'),(592,'School','__get__SchoolYear','READ','ALLOW','ROLE','SchoolAdmin'),(593,'School','__get__SchoolUsers','READ','ALLOW','ROLE','SchoolAdmin'),(594,'School','__get__SchoolInstitute','READ','ALLOW','ROLE','SchoolAdmin'),(595,'School','__get__SchoolDivision','READ','ALLOW','ROLE','SchoolAdmin'),(596,'School','__get__SchoolClass','READ','ALLOW','ROLE','SchoolAdmin'),(597,'School','__get__SchoolBoard','READ','ALLOW','ROLE','SchoolAdmin'),(598,'School','__get__Roles','READ','ALLOW','ROLE','SchoolAdmin'),(599,'School','__get__Students','READ','ALLOW','ROLE','SuperAdmin'),(600,'School','__get__SchoolYear','READ','ALLOW','ROLE','SuperAdmin'),(601,'School','__get__SchoolUsers','READ','ALLOW','ROLE','SuperAdmin'),(602,'School','__get__SchoolInstitute','READ','ALLOW','ROLE','SuperAdmin'),(603,'School','__get__SchoolDivision','READ','ALLOW','ROLE','SuperAdmin'),(604,'School','__get__SchoolClass','READ','ALLOW','ROLE','SuperAdmin'),(605,'School','__get__SchoolBoard','READ','ALLOW','ROLE','SuperAdmin'),(606,'School','__get__Roles','READ','ALLOW','ROLE','SuperAdmin'),(607,'School','__findById__Students','READ','ALLOW','ROLE','SchoolAdmin'),(608,'School','__findById__SchoolYear','READ','ALLOW','ROLE','SchoolAdmin'),(609,'School','__findById__SchoolUsers','READ','ALLOW','ROLE','SchoolAdmin'),(610,'School','__findById__SchoolInstitute','READ','ALLOW','ROLE','SchoolAdmin'),(611,'School','__findById__SchoolDivision','READ','ALLOW','ROLE','SchoolAdmin'),(612,'School','__findById__SchoolClass','READ','ALLOW','ROLE','SchoolAdmin'),(613,'School','__findById__SchoolBoard','READ','ALLOW','ROLE','SchoolAdmin'),(614,'School','__findById__Roles','READ','ALLOW','ROLE','SchoolAdmin'),(615,'School','__findById__Students','READ','ALLOW','ROLE','SuperAdmin'),(616,'School','__findById__SchoolYear','READ','ALLOW','ROLE','SuperAdmin'),(617,'School','__findById__SchoolUsers','READ','ALLOW','ROLE','SuperAdmin'),(618,'School','__findById__SchoolInstitute','READ','ALLOW','ROLE','SuperAdmin'),(619,'School','__findById__SchoolDivision','READ','ALLOW','ROLE','SuperAdmin'),(620,'School','__findById__SchoolClass','READ','ALLOW','ROLE','SuperAdmin'),(621,'School','__findById__SchoolBoard','READ','ALLOW','ROLE','SuperAdmin'),(622,'School','__findById__Roles','READ','ALLOW','ROLE','SuperAdmin'),(623,'School','__count__Students','READ','ALLOW','ROLE','SchoolAdmin'),(624,'School','__count__SchoolYear','READ','ALLOW','ROLE','SchoolAdmin'),(625,'School','__count__SchoolUsers','READ','ALLOW','ROLE','SchoolAdmin'),(626,'School','__count__SchoolInstitute','READ','ALLOW','ROLE','SchoolAdmin'),(627,'School','__count__SchoolDivision','READ','ALLOW','ROLE','SchoolAdmin'),(628,'School','__count__SchoolClass','READ','ALLOW','ROLE','SchoolAdmin'),(629,'School','__count__SchoolBoard','READ','ALLOW','ROLE','SchoolAdmin'),(630,'School','__count__Roles','READ','ALLOW','ROLE','SchoolAdmin'),(631,'School','__count__Students','READ','ALLOW','ROLE','SuperAdmin'),(632,'School','__count__SchoolYear','READ','ALLOW','ROLE','SuperAdmin'),(633,'School','__count__SchoolUsers','READ','ALLOW','ROLE','SuperAdmin'),(634,'School','__count__SchoolInstitute','READ','ALLOW','ROLE','SuperAdmin'),(635,'School','__count__SchoolDivision','READ','ALLOW','ROLE','SuperAdmin'),(636,'School','__count__SchoolClass','READ','ALLOW','ROLE','SuperAdmin'),(637,'School','__count__SchoolBoard','READ','ALLOW','ROLE','SuperAdmin'),(638,'School','__count__Roles','READ','ALLOW','ROLE','SuperAdmin'),(639,'School','__create__Students','WRITE','ALLOW','ROLE','SchoolAdmin'),(640,'School','__create__SchoolYear','WRITE','ALLOW','ROLE','SchoolAdmin'),(641,'School','__create__SchoolUsers','WRITE','ALLOW','ROLE','SchoolAdmin'),(642,'School','__create__SchoolInstitute','WRITE','ALLOW','ROLE','SchoolAdmin'),(643,'School','__create__SchoolDivision','WRITE','ALLOW','ROLE','SchoolAdmin'),(644,'School','__create__SchoolClass','WRITE','ALLOW','ROLE','SchoolAdmin'),(645,'School','__create__SchoolBoard','WRITE','ALLOW','ROLE','SchoolAdmin'),(646,'School','__create__Roles','WRITE','ALLOW','ROLE','SchoolAdmin'),(647,'School','__create__Students','WRITE','ALLOW','ROLE','SuperAdmin'),(648,'School','__create__SchoolYear','WRITE','ALLOW','ROLE','SuperAdmin'),(649,'School','__create__SchoolUsers','WRITE','ALLOW','ROLE','SuperAdmin'),(650,'School','__create__SchoolInstitute','WRITE','ALLOW','ROLE','SuperAdmin'),(651,'School','__create__SchoolDivision','WRITE','ALLOW','ROLE','SuperAdmin'),(652,'School','__create__SchoolClass','WRITE','ALLOW','ROLE','SuperAdmin'),(653,'School','__create__SchoolBoard','WRITE','ALLOW','ROLE','SuperAdmin'),(654,'School','__create__Roles','WRITE','ALLOW','ROLE','SuperAdmin'),(655,'School','__updateById__Students','WRITE','ALLOW','ROLE','SchoolAdmin'),(656,'School','__updateById__SchoolYear','WRITE','ALLOW','ROLE','SchoolAdmin'),(657,'School','__updateById__SchoolUsers','WRITE','ALLOW','ROLE','SchoolAdmin'),(658,'School','__updateById__SchoolInstitute','WRITE','ALLOW','ROLE','SchoolAdmin'),(659,'School','__updateById__SchoolDivision','WRITE','ALLOW','ROLE','SchoolAdmin'),(660,'School','__updateById__SchoolClass','WRITE','ALLOW','ROLE','SchoolAdmin'),(661,'School','__updateById__SchoolBoard','WRITE','ALLOW','ROLE','SchoolAdmin'),(662,'School','__updateById__Roles','WRITE','ALLOW','ROLE','SchoolAdmin'),(663,'School','__updateById__Students','WRITE','ALLOW','ROLE','SuperAdmin'),(664,'School','__updateById__SchoolYear','WRITE','ALLOW','ROLE','SuperAdmin'),(665,'School','__updateById__SchoolUsers','WRITE','ALLOW','ROLE','SuperAdmin'),(666,'School','__updateById__SchoolInstitute','WRITE','ALLOW','ROLE','SuperAdmin'),(667,'School','__updateById__SchoolDivision','WRITE','ALLOW','ROLE','SuperAdmin'),(668,'School','__updateById__SchoolClass','WRITE','ALLOW','ROLE','SuperAdmin'),(669,'School','__updateById__SchoolBoard','WRITE','ALLOW','ROLE','SuperAdmin'),(670,'School','__updateById__Roles','WRITE','ALLOW','ROLE','SuperAdmin'),(671,'Student','__get__StudentCategory','READ','ALLOW','ROLE','SchoolAdmin'),(672,'Student','__get__StudentClass','READ','ALLOW','ROLE','SchoolAdmin'),(673,'Student','__get__StudentDivision','READ','ALLOW','ROLE','SchoolAdmin'),(674,'Student','__get__StudentSchool','READ','ALLOW','ROLE','SchoolAdmin'),(675,'Student','__get__StudentCategory','READ','ALLOW','ROLE','SuperAdmin'),(676,'Student','__get__StudentClass','READ','ALLOW','ROLE','SuperAdmin'),(677,'Student','__get__StudentDivision','READ','ALLOW','ROLE','SuperAdmin'),(678,'Student','__get__StudentSchool','READ','ALLOW','ROLE','SuperAdmin'),(679,'Class','__get__ClassSchool','READ','ALLOW','ROLE','SchoolAdmin'),(680,'Class','__get__ClassSchool','READ','ALLOW','ROLE','SuperAdmin'),(681,'Division','__get__DivisionClass','READ','ALLOW','ROLE','SchoolAdmin'),(682,'Division','__get__DivisionSchool','READ','ALLOW','ROLE','SuperAdmin'),(683,'role','__get__rolemenu','READ','ALLOW','ROLE','SuperAdmin'),(684,'role','__get__rolemenu','READ','ALLOW','ROLE','SchoolAdmin'),(685,'role','__findById__rolemenu','READ','ALLOW','ROLE','SchoolAdmin'),(686,'role','__findById__rolemenu','READ','ALLOW','ROLE','SchoolAdmin'),(687,'role','__updateById__rolemenu','WRITE','ALLOW','ROLE','SchoolAdmin'),(688,'role','__findById__rolemenu','READ','ALLOW','ROLE','SuperAdmin'),(689,'role','__findById__rolemenu','READ','ALLOW','ROLE','SuperAdmin'),(690,'role','__updateById__rolemenu','WRITE','ALLOW','ROLE','SuperAdmin'),(691,'*','login','EXECUTE','ALLOW','ROLE','$everyone'),(692,'Institute','*','*','DENY','ROLE','$everyone'),(693,'Board','*','*','DENY','ROLE','$everyone'),(694,'School','*','*','DENY','ROLE','$everyone'),(695,'role','*','*','DENY','ROLE','$everyone'),(696,'user','*','*','DENY','ROLE','$everyone'),(697,'Frequency','*','*','DENY','ROLE','$everyone'),(698,'Class','*','*','DENY','ROLE','$everyone'),(699,'Division','*','*','DENY','ROLE','$everyone'),(700,'Dvision','*','*','DENY','ROLE','$everyone'),(701,'Category','*','*','DENY','ROLE','$everyone'),(702,'Feehead','*','*','DENY','ROLE','$everyone'),(703,'Feeplan','*','*','DENY','ROLE','$everyone'),(704,'Zone','*','*','DENY','ROLE','$everyone'),(705,'AdhocFee','*','*','DENY','ROLE','$everyone'),(706,'Student','*','*','DENY','ROLE','$everyone'),(707,'ProcessFee','*','*','DENY','ROLE','$everyone'),(708,'Report','*','*','DENY','ROLE','$everyone'),(709,'Academicyear','*','*','DENY','ROLE','$everyone'),(710,'Class','deleteRecord','WRITE','ALLOW','ROLE','Accounting assistant70'),(711,'School','updateAttribute','WRITE','ALLOW','ROLE','SuperAdmin'),(712,'School','__create__SchoolDivision','WRITE','ALLOW','ROLE','Accounting assistant70'),(713,'School','__updateById__SchoolDivision','WRITE','ALLOW','ROLE','Accounting assistant70'),(714,'Division','updateAttributes','WRITE','ALLOW','ROLE','Accounting assistant70'),(715,'Division','updateAttribute','WRITE','ALLOW','ROLE','Accounting assistant70'),(716,'School','__count__SchoolDivision','READ','ALLOW','ROLE','Accounting assistant70'),(717,'School','__get__SchoolDivision','READ','ALLOW','ROLE','Accounting assistant70'),(718,'School','__findById__SchoolDivision','READ','ALLOW','ROLE','Accounting assistant70'),(719,'Division','__get__DivisionClass','READ','ALLOW','ROLE','Accounting assistant70'),(720,'Division','__get__DivisionSchool','READ','ALLOW','ROLE','Accounting assistant70'),(721,'Student','__get__StudentDivision','READ','ALLOW','ROLE','Accounting assistant70'),(722,'Division','find','READ','ALLOW','ROLE','Accounting assistant70'),(723,'Division','findById','READ','ALLOW','ROLE','Accounting assistant70'),(724,'Division','count','READ','ALLOW','ROLE','Accounting assistant70'),(725,'Division','deleteRecord','WRITE','ALLOW','ROLE','Accounting assistant70'),(726,'School','updateAttributes','WRITE','ALLOW','ROLE','SuperAdmin'),(727,'School','upsert','WRITE','ALLOW','ROLE','SuperAdmin'),(728,'School','__create__SchoolClass','WRITE','ALLOW','ROLE','accasist40'),(729,'School','__count__SchoolClass','READ','ALLOW','ROLE','accasist40'),(730,'School','__get__SchoolClass','READ','ALLOW','ROLE','accasist40'),(731,'School','__findById__SchoolClass','READ','ALLOW','ROLE','accasist40'),(732,'Class','__get__ClassSchool','READ','ALLOW','ROLE','accasist40'),(733,'Student','__get__StudentClass','READ','ALLOW','ROLE','accasist40'),(734,'Class','find','READ','ALLOW','ROLE','accasist40'),(735,'Class','findById','READ','ALLOW','ROLE','accasist40'),(736,'Class','count','READ','ALLOW','ROLE','accasist40'),(737,'Class','deleteRecord','WRITE','ALLOW','ROLE','accasist40'),(738,'School','__count__SchoolClass','READ','ALLOW','ROLE','Auditmanager41'),(739,'School','__get__SchoolClass','READ','ALLOW','ROLE','Auditmanager41'),(740,'School','__findById__SchoolClass','READ','ALLOW','ROLE','Auditmanager41'),(741,'Class','__get__ClassSchool','READ','ALLOW','ROLE','Auditmanager41'),(742,'Student','__get__StudentClass','READ','ALLOW','ROLE','Auditmanager41'),(743,'Class','find','READ','ALLOW','ROLE','Auditmanager41'),(744,'Class','findById','READ','ALLOW','ROLE','Auditmanager41'),(745,'Class','count','READ','ALLOW','ROLE','Auditmanager41'),(746,'School','__create__SchoolClass','WRITE','ALLOW','ROLE','Auditmanager41'),(747,'School','__updateById__SchoolClass','WRITE','ALLOW','ROLE','Auditmanager41'),(748,'Class','updateAttributes','WRITE','ALLOW','ROLE','Auditmanager41'),(749,'Class','updateAttribute','WRITE','ALLOW','ROLE','Auditmanager41'),(750,'School','__get__FeePlans','READ','ALLOW','ROLE','SchoolAdmin'),(751,'School','__findById__FeePlans','READ','ALLOW','ROLE','SchoolAdmin'),(752,'School','__count__FeePlans','READ','ALLOW','ROLE','SchoolAdmin'),(753,'School','__create__FeePlans','WRITE','ALLOW','ROLE','SchoolAdmin'),(754,'School','__updateById__FeePlans','WRITE','ALLOW','ROLE','SchoolAdmin'),(755,'Feeplan','__get__associations','READ','ALLOW','ROLE','SchoolAdmin'),(756,'Feeplan','__findById__associations','READ','ALLOW','ROLE','SchoolAdmin'),(757,'Feeplan','__count__associations','READ','ALLOW','ROLE','SchoolAdmin'),(758,'Feeplan','__create__associations','WRITE','ALLOW','ROLE','SchoolAdmin'),(759,'Feeplan','__updateById__associations','WRITE','ALLOW','ROLE','SchoolAdmin'),(760,'School','__get__FeePlans','READ','ALLOW','ROLE','SuperAdmin'),(761,'School','__findById__FeePlans','READ','ALLOW','ROLE','SuperAdmin'),(762,'School','__count__FeePlans','READ','ALLOW','ROLE','SuperAdmin'),(763,'School','__create__FeePlans','WRITE','ALLOW','ROLE','SuperAdmin'),(764,'School','__updateById__FeePlans','WRITE','ALLOW','ROLE','SuperAdmin'),(765,'Feeplan','__get__associations','READ','ALLOW','ROLE','SuperAdmin'),(766,'Feeplan','__findById__associations','READ','ALLOW','ROLE','SuperAdmin'),(767,'Feeplan','__count__associations','READ','ALLOW','ROLE','SuperAdmin'),(768,'Feeplan','__create__associations','WRITE','ALLOW','ROLE','SuperAdmin'),(769,'Feeplan','__updateById__associations','WRITE','ALLOW','ROLE','SuperAdmin'),(770,'School','__get__Adhocfees','READ','ALLOW','ROLE','SchoolAdmin'),(771,'School','__findById__Adhocfees','READ','ALLOW','ROLE','SchoolAdmin'),(772,'School','__count__Adhocfees','READ','ALLOW','ROLE','SchoolAdmin'),(773,'School','__create__Adhocfees','WRITE','ALLOW','ROLE','SchoolAdmin'),(774,'School','__updateById__Adhocfees','WRITE','ALLOW','ROLE','SchoolAdmin'),(775,'School','__get__Adhocfees','READ','ALLOW','ROLE','SuperAdmin'),(776,'School','__findById__Adhocfees','READ','ALLOW','ROLE','SuperAdmin'),(777,'School','__count__Adhocfees','READ','ALLOW','ROLE','SuperAdmin'),(778,'School','__create__Adhocfees','WRITE','ALLOW','ROLE','SuperAdmin'),(779,'School','__updateById__Adhocfees','WRITE','ALLOW','ROLE','SuperAdmin'),(780,'role','__get__rolemenu','READ','ALLOW','ROLE','SuperAdmin'),(781,'role','__get__rolemenu','READ','ALLOW','ROLE','SchoolAdmin'),(782,'role','__findById__rolemenu','READ','ALLOW','ROLE','SuperAdmin'),(783,'School','findById','READ','ALLOW','ROLE','SchoolAdmin'),(784,'Feeplan','find','READ','ALLOW','ROLE','SchoolAdmin'),(785,'Feeplanassociation','find','READ','ALLOW','ROLE','SchoolAdmin'),(786,'Feehead','find','READ','ALLOW','ROLE','SchoolAdmin'),(787,'Feeplanheaddetails','find','READ','ALLOW','ROLE','SchoolAdmin'),(788,'Feeplan','findById','READ','ALLOW','ROLE','SchoolAdmin'),(789,'Feeplanassociation','findById','READ','ALLOW','ROLE','SchoolAdmin'),(790,'Feehead','findById','READ','ALLOW','ROLE','SchoolAdmin'),(791,'Feeplanheaddetails','findById','READ','ALLOW','ROLE','SchoolAdmin'),(792,'Feeplan','create','WRITE','ALLOW','ROLE','SchoolAdmin'),(793,'Feeplanassociation','create','WRITE','ALLOW','ROLE','SchoolAdmin'),(794,'Feehead','create','WRITE','ALLOW','ROLE','SchoolAdmin'),(795,'Feeplanheaddetails','create','WRITE','ALLOW','ROLE','SchoolAdmin'),(796,'Feeplan','updateAttributes','WRITE','ALLOW','ROLE','SchoolAdmin'),(797,'Feeplanassociation','updateAttributes','WRITE','ALLOW','ROLE','SchoolAdmin'),(798,'Feehead','updateAttributes','WRITE','ALLOW','ROLE','SchoolAdmin'),(799,'Feeplanheaddetails','updateAttributes','WRITE','ALLOW','ROLE','SchoolAdmin'),(800,'Feeplan','count','READ','ALLOW','ROLE','SchoolAdmin'),(801,'Feeplanassociation','count','READ','ALLOW','ROLE','SchoolAdmin'),(802,'Feehead','count','READ','ALLOW','ROLE','SchoolAdmin'),(803,'Feeplanheaddetails','count','READ','ALLOW','ROLE','SchoolAdmin'),(804,'Feeplan','find','READ','ALLOW','ROLE','SuperAdmin'),(805,'Feeplanassociation','find','READ','ALLOW','ROLE','SuperAdmin'),(806,'Feehead','find','READ','ALLOW','ROLE','SuperAdmin'),(807,'Feeplanheaddetails','find','READ','ALLOW','ROLE','SuperAdmin'),(808,'Feeplan','findById','READ','ALLOW','ROLE','SuperAdmin'),(809,'Feeplanassociation','findById','READ','ALLOW','ROLE','SuperAdmin'),(810,'Feehead','findById','READ','ALLOW','ROLE','SuperAdmin'),(811,'Feeplanheaddetails','findById','READ','ALLOW','ROLE','SuperAdmin'),(812,'Feeplan','create','WRITE','ALLOW','ROLE','SuperAdmin'),(813,'Feeplanassociation','create','WRITE','ALLOW','ROLE','SuperAdmin'),(814,'Feehead','create','WRITE','ALLOW','ROLE','SuperAdmin'),(815,'Feeplanheaddetails','create','WRITE','ALLOW','ROLE','SuperAdmin'),(816,'Feeplan','updateAttributes','WRITE','ALLOW','ROLE','SuperAdmin'),(817,'Feeplanassociation','updateAttributes','WRITE','ALLOW','ROLE','SuperAdmin'),(818,'Feehead','updateAttributes','WRITE','ALLOW','ROLE','SuperAdmin'),(819,'Feeplanheaddetails','updateAttributes','WRITE','ALLOW','ROLE','SuperAdmin'),(820,'Feeplan','count','READ','ALLOW','ROLE','SuperAdmin'),(821,'Feeplanassociation','count','READ','ALLOW','ROLE','SuperAdmin'),(822,'Feehead','count','READ','ALLOW','ROLE','SuperAdmin'),(823,'Feeplanheaddetails','count','READ','ALLOW','ROLE','SuperAdmin'),(824,'School','__get__zones','READ','ALLOW','ROLE','SchoolAdmin'),(825,'School','__findById__zones','READ','ALLOW','ROLE','SchoolAdmin'),(826,'School','__count__zones','READ','ALLOW','ROLE','SchoolAdmin'),(827,'School','__create__zones','WRITE','ALLOW','ROLE','SchoolAdmin'),(828,'School','__updateById__zones','WRITE','ALLOW','ROLE','SchoolAdmin'),(829,'School','__get__zones','READ','ALLOW','ROLE','SuperAdmin'),(830,'School','__findById__zones','READ','ALLOW','ROLE','SuperAdmin'),(831,'School','__count__zones','READ','ALLOW','ROLE','SuperAdmin'),(832,'School','__create__zones','WRITE','ALLOW','ROLE','SuperAdmin'),(833,'School','__updateById__zones','WRITE','ALLOW','ROLE','SuperAdmin'),(834,'Feeplanheaddetails','*','*','DENY','ROLE','$everyone'),(835,'Feeplanheaddetails','updateFeeplanheaddetails','EXECUTE','ALLOW','ROLE','SuperAdmin'),(836,'Feeplanheaddetails','updateFeeplanheaddetails','EXECUTE','ALLOW','ROLE','SchoolAdmin'),(837,'Feeplanassociation','*','*','DENY','ROLE','$everyone'),(838,'Feeplanassociation','updateFeeplanAssociation','EXECUTE','ALLOW','ROLE','SuperAdmin'),(839,'Feeplanassociation','updateFeeplanAssociation','EXECUTE','ALLOW','ROLE','SchoolAdmin'),(840,'Student','getStudentFeeplanDetails','READ','ALLOW','ROLE','SuperAdmin'),(841,'Student','getStudentFeeplanDetails','READ','ALLOW','ROLE','SchoolAdmin'),(842,'Zone','*','*','DENY','ROLE','$everyone'),(843,'Zonedetails','*','*','DENY','ROLE','$everyone'),(844,'Zone','find','READ','ALLOW','ROLE','SuperAdmin'),(845,'Zone','findById','READ','ALLOW','ROLE','SuperAdmin'),(846,'Zone','create','WRITE','ALLOW','ROLE','SuperAdmin'),(847,'Zone','updateAttributes','WRITE','ALLOW','ROLE','SuperAdmin'),(848,'Zonedetails','find','READ','ALLOW','ROLE','SuperAdmin'),(849,'Zonedetails','findById','READ','ALLOW','ROLE','SuperAdmin'),(850,'Zonedetails','count','READ','ALLOW','ROLE','SuperAdmin'),(851,'Zonedetails','updateZonedetails','EXECUTE','ALLOW','ROLE','SuperAdmin'),(852,'Zone','find','READ','ALLOW','ROLE','SchoolAdmin'),(853,'Zone','findById','READ','ALLOW','ROLE','SchoolAdmin'),(854,'Zone','create','WRITE','ALLOW','ROLE','SchoolAdmin'),(855,'Zone','updateAttributes','WRITE','ALLOW','ROLE','SchoolAdmin'),(856,'Zonedetails','find','READ','ALLOW','ROLE','SchoolAdmin'),(857,'Zonedetails','findById','READ','ALLOW','ROLE','SchoolAdmin'),(858,'Zonedetails','count','READ','ALLOW','ROLE','SchoolAdmin'),(859,'Zonedetails','updateZonedetails','EXECUTE','ALLOW','ROLE','SchoolAdmin'),(885,'Frequency','find','READ','ALLOW','ROLE','$authenticated'),(886,'Class','find','READ','ALLOW','ROLE','$authenticated'),(887,'Division','find','READ','ALLOW','ROLE','$authenticated'),(888,'Category','find','READ','ALLOW','ROLE','$authenticated'),(889,'Academicyear','find','READ','ALLOW','ROLE','$authenticated'),(890,'Frequency','findById','READ','ALLOW','ROLE','$authenticated'),(891,'Class','findById','READ','ALLOW','ROLE','$authenticated'),(892,'Division','findById','READ','ALLOW','ROLE','$authenticated'),(893,'Category','findById','READ','ALLOW','ROLE','$authenticated'),(894,'Academicyear','findById','READ','ALLOW','ROLE','$authenticated'),(915,'School','__count__Students','READ','ALLOW','ROLE','Accounting assistant70'),(916,'School','__get__Students','READ','ALLOW','ROLE','Accounting assistant70'),(917,'School','__findById__Students','READ','ALLOW','ROLE','Accounting assistant70'),(918,'Student','find','READ','ALLOW','ROLE','Accounting assistant70'),(919,'Student','findById','READ','ALLOW','ROLE','Accounting assistant70'),(920,'Student','count','READ','ALLOW','ROLE','Accounting assistant70'),(925,'Feeplan','__get__associations','READ','ALLOW','ROLE','Accounting Manager70'),(926,'Feeplan','__findById__associations','READ','ALLOW','ROLE','Accounting Manager70'),(927,'Feeplan','__count__associations','READ','ALLOW','ROLE','Accounting Manager70'),(928,'Feeplanassociation','find','READ','ALLOW','ROLE','Accounting Manager70'),(929,'Feeplanassociation','findById','READ','ALLOW','ROLE','Accounting Manager70'),(930,'Feeplanassociation','count','READ','ALLOW','ROLE','Accounting Manager70'),(931,'Feeplan','__create__associations','WRITE','ALLOW','ROLE','Accounting Manager70'),(932,'Feeplanassociation','updateFeeplanAssociation','EXECUTE','ALLOW','ROLE','Accounting Manager70'),(933,'Feeplanassociation','deleteRecord','WRITE','ALLOW','ROLE','Accounting Manager70'),(934,'Feeplan','__updateById__associations','WRITE','ALLOW','ROLE','Accounting Manager70'),(935,'Feeplanassociation','updateFeeplanAssociation','EXECUTE','ALLOW','ROLE','Accounting Manager70'),(936,'Feeplanassociation','updateAttributes','WRITE','ALLOW','ROLE','Accounting Manager70'),(937,'Feeplanassociation','updateAttribute','WRITE','ALLOW','ROLE','Accounting Manager70'),(950,'School','__get__Students','READ','ALLOW','ROLE','$authenticated'),(951,'School','__get__SchoolYear','READ','ALLOW','ROLE','$authenticated'),(952,'School','__get__SchoolUsers','READ','ALLOW','ROLE','$authenticated'),(953,'School','__get__SchoolInstitute','READ','ALLOW','ROLE','$authenticated'),(954,'School','__get__SchoolDivision','READ','ALLOW','ROLE','$authenticated'),(955,'School','__get__SchoolClass','READ','ALLOW','ROLE','$authenticated'),(956,'School','__get__SchoolBoard','READ','ALLOW','ROLE','$authenticated'),(957,'School','__get__Roles','READ','ALLOW','ROLE','$authenticated'),(958,'School','__findById__Students','READ','ALLOW','ROLE','$authenticated'),(959,'School','__findById__SchoolYear','READ','ALLOW','ROLE','$authenticated'),(960,'School','__findById__SchoolUsers','READ','ALLOW','ROLE','$authenticated'),(961,'School','__findById__SchoolInstitute','READ','ALLOW','ROLE','$authenticated'),(962,'School','__findById__SchoolDivision','READ','ALLOW','ROLE','$authenticated'),(963,'School','__findById__SchoolClass','READ','ALLOW','ROLE','$authenticated'),(964,'School','__findById__SchoolBoard','READ','ALLOW','ROLE','$authenticated'),(965,'School','__findById__Roles','READ','ALLOW','ROLE','$authenticated'),(966,'School','__count__Students','READ','ALLOW','ROLE','$authenticated'),(967,'School','__count__SchoolYear','READ','ALLOW','ROLE','$authenticated'),(968,'School','__count__SchoolUsers','READ','ALLOW','ROLE','$authenticated'),(969,'School','__count__SchoolInstitute','READ','ALLOW','ROLE','$authenticated'),(970,'School','__count__SchoolDivision','READ','ALLOW','ROLE','$authenticated'),(971,'School','__count__SchoolClass','READ','ALLOW','ROLE','$authenticated'),(972,'School','__count__SchoolBoard','READ','ALLOW','ROLE','$authenticated'),(973,'School','__count__Roles','READ','ALLOW','ROLE','$authenticated'),(974,'Student','__get__StudentCategory','READ','ALLOW','ROLE','$authenticated'),(975,'Student','__get__StudentClass','READ','ALLOW','ROLE','$authenticated'),(976,'Student','__get__StudentDivision','READ','ALLOW','ROLE','$authenticated'),(977,'Student','__get__StudentSchool','READ','ALLOW','ROLE','$authenticated'),(978,'Student','getStudentFeeplanDetails','READ','ALLOW','ROLE','$authenticated'),(979,'Class','__get__ClassSchool','READ','ALLOW','ROLE','$authenticated'),(980,'Division','__get__DivisionSchool','READ','ALLOW','ROLE','$authenticated'),(981,'role','__get__rolemenu','READ','ALLOW','ROLE','$authenticated'),(982,'role','__findById__rolemenu','READ','ALLOW','ROLE','$authenticated'),(983,'School','__get__FeePlans','READ','ALLOW','ROLE','$authenticated'),(984,'School','__findById__FeePlans','READ','ALLOW','ROLE','$authenticated'),(985,'School','__count__FeePlans','READ','ALLOW','ROLE','$authenticated'),(986,'Feeplan','__get__associations','READ','ALLOW','ROLE','$authenticated'),(987,'Feeplan','__findById__associations','READ','ALLOW','ROLE','$authenticated'),(988,'Feeplan','__count__associations','READ','ALLOW','ROLE','$authenticated'),(989,'School','__get__Adhocfees','READ','ALLOW','ROLE','$authenticated'),(990,'School','__findById__Adhocfees','READ','ALLOW','ROLE','$authenticated'),(991,'School','__count__Adhocfees','READ','ALLOW','ROLE','$authenticated'),(992,'School','__get__zones','READ','ALLOW','ROLE','$authenticated'),(993,'School','__findById__zones','READ','ALLOW','ROLE','$authenticated'),(994,'School','__count__zones','READ','ALLOW','ROLE','$authenticated'),(1058,'Feehead','create','WRITE','ALLOW','ROLE','Accounting assistant70'),(1059,'Feehead','updateAttributes','WRITE','ALLOW','ROLE','Accounting assistant70'),(1060,'Feehead','updateAttribute','WRITE','ALLOW','ROLE','Accounting assistant70'),(1061,'Feehead','find','READ','ALLOW','ROLE','Accounting assistant70'),(1062,'Feehead','findById','READ','ALLOW','ROLE','Accounting assistant70'),(1063,'Feehead','count','READ','ALLOW','ROLE','Accounting assistant70'),(1064,'School','__create__FeePlans','WRITE','ALLOW','ROLE','Accounting assistant70'),(1065,'School','findById','READ','ALLOW','ROLE','Accounting assistant70'),(1066,'Feeplan','create','WRITE','ALLOW','ROLE','Accounting assistant70'),(1067,'Feeplanheaddetails','updateFeeplanheaddetails','EXECUTE','ALLOW','ROLE','Accounting assistant70'),(1068,'School','__updateById__FeePlans','WRITE','ALLOW','ROLE','Accounting assistant70'),(1069,'School','findById','READ','ALLOW','ROLE','Accounting assistant70'),(1070,'Feeplanheaddetails','updateFeeplanheaddetails','EXECUTE','ALLOW','ROLE','Accounting assistant70'),(1071,'Feeplan','updateAttributes','WRITE','ALLOW','ROLE','Accounting assistant70'),(1072,'Feeplan','updateAttribute','WRITE','ALLOW','ROLE','Accounting assistant70'),(1073,'School','__get__FeePlans','READ','ALLOW','ROLE','Accounting assistant70'),(1074,'School','__findById__FeePlans','READ','ALLOW','ROLE','Accounting assistant70'),(1075,'School','__count__FeePlans','READ','ALLOW','ROLE','Accounting assistant70'),(1076,'Feeplan','find','READ','ALLOW','ROLE','Accounting assistant70'),(1077,'Feeplan','findById','READ','ALLOW','ROLE','Accounting assistant70'),(1078,'Feeplan','count','READ','ALLOW','ROLE','Accounting assistant70'),(1079,'School','__create__zones','WRITE','ALLOW','ROLE','Accounting assistant70'),(1080,'Zonedetails','updateZonedetails','EXECUTE','ALLOW','ROLE','Accounting assistant70'),(1081,'School','__updateById__zones','WRITE','ALLOW','ROLE','Accounting assistant70'),(1082,'Zonedetails','updateZonedetails','EXECUTE','ALLOW','ROLE','Accounting assistant70'),(1083,'Zone','updateAttributes','WRITE','ALLOW','ROLE','Accounting assistant70'),(1084,'Zone','updateAttribute','WRITE','ALLOW','ROLE','Accounting assistant70'),(1085,'Zone','deleteRecord','WRITE','ALLOW','ROLE','Accounting assistant70'),(1086,'School','__get__zones','READ','ALLOW','ROLE','Accounting assistant70'),(1087,'School','__findById__zones','READ','ALLOW','ROLE','Accounting assistant70'),(1088,'School','__count__zones','READ','ALLOW','ROLE','Accounting assistant70'),(1089,'Zonedetails','find','READ','ALLOW','ROLE','Accounting assistant70'),(1090,'Zonedetails','findById','READ','ALLOW','ROLE','Accounting assistant70'),(1091,'Zonedetails','count','READ','ALLOW','ROLE','Accounting assistant70'),(1092,'Zone','find','READ','ALLOW','ROLE','Accounting assistant70'),(1093,'Zone','findById','READ','ALLOW','ROLE','Accounting assistant70'),(1094,'Zone','count','READ','ALLOW','ROLE','Accounting assistant70'),(1095,'Feeplan','__get__associations','READ','ALLOW','ROLE','Accounting assistant70'),(1096,'Feeplan','__findById__associations','READ','ALLOW','ROLE','Accounting assistant70'),(1097,'Feeplan','__count__associations','READ','ALLOW','ROLE','Accounting assistant70'),(1098,'Feeplanassociation','find','READ','ALLOW','ROLE','Accounting assistant70'),(1099,'Feeplanassociation','findById','READ','ALLOW','ROLE','Accounting assistant70'),(1100,'Feeplanassociation','count','READ','ALLOW','ROLE','Accounting assistant70'),(1101,'Feeplan','__updateById__associations','WRITE','ALLOW','ROLE','Accounting assistant70'),(1102,'Feeplanassociation','updateFeeplanAssociation','EXECUTE','ALLOW','ROLE','Accounting assistant70'),(1103,'Feeplanassociation','updateAttributes','WRITE','ALLOW','ROLE','Accounting assistant70'),(1104,'Feeplanassociation','updateAttribute','WRITE','ALLOW','ROLE','Accounting assistant70'),(1105,'Feeplan','__create__associations','WRITE','ALLOW','ROLE','Accounting assistant70'),(1106,'Feeplanassociation','updateFeeplanAssociation','EXECUTE','ALLOW','ROLE','Accounting assistant70'),(1107,'School','__create__Adhocfees','WRITE','ALLOW','ROLE','Accounting assistant70'),(1108,'School','__updateById__Adhocfees    ','WRITE','ALLOW','ROLE','Accounting assistant70'),(1109,'Adhocfee','updateAttributes','WRITE','ALLOW','ROLE','Accounting assistant70'),(1110,'Adhocfee','updateAttribute','WRITE','ALLOW','ROLE','Accounting assistant70'),(1111,'School','__get__Adhocfees','READ','ALLOW','ROLE','Accounting assistant70'),(1112,'School','__findById__Adhocfees','READ','ALLOW','ROLE','Accounting assistant70'),(1113,'School','__count__Adhocfees','READ','ALLOW','ROLE','Accounting assistant70'),(1114,'Adhocfee','find','READ','ALLOW','ROLE','Accounting assistant70'),(1115,'Adhocfee','findById','READ','ALLOW','ROLE','Accounting assistant70'),(1116,'Adhocfee','count','READ','ALLOW','ROLE','Accounting assistant70'),(1117,'School','__get__Schoolcategories','READ','ALLOW','ROLE','SchoolAdmin'),(1118,'School','__findById__Schoolcategories','READ','ALLOW','ROLE','SchoolAdmin'),(1119,'School','__count__Schoolcategories','READ','ALLOW','ROLE','SchoolAdmin'),(1120,'School','__create__Schoolcategories','WRITE','ALLOW','ROLE','SchoolAdmin'),(1121,'School','__updateById__Schoolcategories','WRITE','ALLOW','ROLE','SchoolAdmin'),(1122,'School','__get__Schoolcategories','READ','ALLOW','ROLE','SuperAdmin'),(1123,'School','__findById__Schoolcategories','READ','ALLOW','ROLE','SuperAdmin'),(1124,'School','__count__Schoolcategories','READ','ALLOW','ROLE','SuperAdmin'),(1125,'School','__create__Schoolcategories','WRITE','ALLOW','ROLE','SuperAdmin'),(1126,'School','__updateById__Schoolcategories','WRITE','ALLOW','ROLE','SuperAdmin'),(1127,'School','__get__Schoolcategories','READ','ALLOW','ROLE','$authenticated'),(1128,'School','__findById__Schoolcategories','READ','ALLOW','ROLE','$authenticated'),(1129,'School','__count__Schoolcategories','READ','ALLOW','ROLE','$authenticated');
/*!40000 ALTER TABLE `acl` ENABLE KEYS */;
UNLOCK TABLES;

--
-- Table structure for table `adhocfee`
--

DROP TABLE IF EXISTS `adhocfee`;
/*!40101 SET @saved_cs_client     = @@character_set_client */;
/*!40101 SET character_set_client = utf8 */;
CREATE TABLE `adhocfee` (
  `id` bigint(20) NOT NULL AUTO_INCREMENT,
  `schoolId` bigint(20) NOT NULL,
  `adhocFeeName` varchar(50) NOT NULL,
  `adhocFeeDescription` varchar(100) DEFAULT NULL,
  `invoiceDescription` varchar(50) DEFAULT NULL,
  `invoiceDetailText` varchar(100) DEFAULT NULL,
  `adhocFeeCharges` float(18,2) NOT NULL,
  `dueDate` datetime NOT NULL,
  `isTransactionProcessed` tinyint(1) DEFAULT '0',
  `isDelete` tinyint(1) DEFAULT '0',
  `createdBy` bigint(20) NOT NULL,
  `createdOn` datetime NOT NULL DEFAULT CURRENT_TIMESTAMP,
  `updatedBy` bigint(20) DEFAULT NULL,
  `updatedOn` datetime DEFAULT NULL,
  PRIMARY KEY (`id`),
  UNIQUE KEY `schoolId_addhocFeeName` (`schoolId`,`adhocFeeName`),
  KEY `FK_AddhocFee_School_idx` (`schoolId`),
  CONSTRAINT `FK_AddhocFee_School` FOREIGN KEY (`schoolId`) REFERENCES `school` (`id`) ON DELETE NO ACTION ON UPDATE NO ACTION
) ENGINE=InnoDB AUTO_INCREMENT=9 DEFAULT CHARSET=utf8;
/*!40101 SET character_set_client = @saved_cs_client */;

--
-- Dumping data for table `adhocfee`
--

LOCK TABLES `adhocfee` WRITE;
/*!40000 ALTER TABLE `adhocfee` DISABLE KEYS */;
INSERT INTO `adhocfee` VALUES (1,70,'First','Test','Tst','Test',500.00,'2017-11-28 00:00:00',0,1,42,'2017-11-27 13:06:10',42,'2017-11-30 06:19:05'),(2,70,'Summer camp ','Summer camp ','123456','',2500.00,'2017-12-31 00:00:00',0,0,42,'2017-11-28 09:43:43',42,'2017-11-28 12:14:58'),(3,70,'Winter camp','Winter camp','123546','',5000.00,'2017-12-30 00:00:00',0,1,42,'2017-11-28 12:16:16',42,'2017-11-28 12:35:22'),(6,70,'Winter overnight camp','Winter overnight camp','78941651','',6000.00,'2017-11-30 00:00:00',0,0,42,'2017-11-28 12:38:08',42,'2017-11-28 12:38:25'),(7,70,'Alimentary Fee','Alimentary Fee','123456','',3000.00,'2017-12-15 00:00:00',0,0,42,'2017-11-30 06:18:55',42,'2017-11-30 07:31:07'),(8,70,'scholarship fee','scholarship fee','123456','',5000.00,'2017-12-20 00:00:00',0,0,69,'2017-12-01 09:56:09',69,'2017-12-01 09:56:23');
/*!40000 ALTER TABLE `adhocfee` ENABLE KEYS */;
UNLOCK TABLES;

--
-- Table structure for table `adhocfeedetails`
--

DROP TABLE IF EXISTS `adhocfeedetails`;
/*!40101 SET @saved_cs_client     = @@character_set_client */;
/*!40101 SET character_set_client = utf8 */;
CREATE TABLE `adhocfeedetails` (
  `id` bigint(20) NOT NULL AUTO_INCREMENT,
  `adhocFeeId` bigint(20) NOT NULL,
  `categoryId` bigint(20) NOT NULL,
  `classId` bigint(20) NOT NULL,
  `divisionId` bigint(20) DEFAULT NULL,
  `createdBy` bigint(20) NOT NULL,
  `createdOn` datetime NOT NULL DEFAULT CURRENT_TIMESTAMP,
  `updatedBy` bigint(20) DEFAULT NULL,
  `updatedOn` datetime DEFAULT NULL,
  PRIMARY KEY (`id`),
  UNIQUE KEY `addHocFee_category_class_division` (`adhocFeeId`,`categoryId`,`classId`,`divisionId`),
  KEY `FK_AddhockFeeDetails_AddhocFee_idx` (`adhocFeeId`),
  KEY `FK_AddhockFeeDetails_Category_idx` (`categoryId`),
  KEY `FK_AddhockFeeDetails_Class_idx` (`classId`),
  KEY `FK_AddhockFeeDetails_Dvision_idx` (`divisionId`),
  CONSTRAINT `FK_AddhockFeeDetails_AddhocFee` FOREIGN KEY (`adhocFeeId`) REFERENCES `adhocfee` (`id`) ON DELETE NO ACTION ON UPDATE NO ACTION,
  CONSTRAINT `FK_AddhockFeeDetails_Category` FOREIGN KEY (`categoryId`) REFERENCES `category` (`id`) ON DELETE NO ACTION ON UPDATE NO ACTION,
  CONSTRAINT `FK_AddhockFeeDetails_Class` FOREIGN KEY (`classId`) REFERENCES `class` (`id`) ON DELETE NO ACTION ON UPDATE NO ACTION,
  CONSTRAINT `FK_AddhockFeeDetails_Dvision` FOREIGN KEY (`divisionId`) REFERENCES `division` (`id`) ON DELETE NO ACTION ON UPDATE NO ACTION
) ENGINE=InnoDB AUTO_INCREMENT=196 DEFAULT CHARSET=utf8;
/*!40101 SET character_set_client = @saved_cs_client */;

--
-- Dumping data for table `adhocfeedetails`
--

LOCK TABLES `adhocfeedetails` WRITE;
/*!40000 ALTER TABLE `adhocfeedetails` DISABLE KEYS */;
INSERT INTO `adhocfeedetails` VALUES (1,1,13,11,NULL,42,'2017-11-27 13:06:10',NULL,NULL),(2,1,3,11,NULL,42,'2017-11-27 13:06:10',NULL,NULL),(3,1,3,16,NULL,42,'2017-11-27 13:06:10',NULL,NULL),(4,1,3,22,NULL,42,'2017-11-27 13:06:10',NULL,NULL),(5,1,13,22,NULL,42,'2017-11-27 13:06:10',NULL,NULL),(6,1,13,16,NULL,42,'2017-11-27 13:06:10',NULL,NULL),(119,2,3,11,NULL,42,'2017-11-28 12:14:59',NULL,NULL),(120,2,13,11,NULL,42,'2017-11-28 12:14:59',NULL,NULL),(121,2,3,14,NULL,42,'2017-11-28 12:14:59',NULL,NULL),(122,2,13,14,NULL,42,'2017-11-28 12:14:59',NULL,NULL),(123,2,13,13,NULL,42,'2017-11-28 12:14:59',NULL,NULL),(124,2,3,13,NULL,42,'2017-11-28 12:14:59',NULL,NULL),(126,3,4,13,NULL,42,'2017-11-28 12:31:15',NULL,NULL),(137,6,3,22,NULL,42,'2017-11-28 12:38:25',NULL,NULL),(138,6,4,22,NULL,42,'2017-11-28 12:38:25',NULL,NULL),(139,6,7,22,NULL,42,'2017-11-28 12:38:25',NULL,NULL),(140,6,13,22,NULL,42,'2017-11-28 12:38:25',NULL,NULL),(141,6,19,22,NULL,42,'2017-11-28 12:38:25',NULL,NULL),(142,6,3,23,NULL,42,'2017-11-28 12:38:25',NULL,NULL),(143,6,4,23,NULL,42,'2017-11-28 12:38:25',NULL,NULL),(144,6,7,23,NULL,42,'2017-11-28 12:38:25',NULL,NULL),(145,6,13,23,NULL,42,'2017-11-28 12:38:25',NULL,NULL),(146,6,19,23,NULL,42,'2017-11-28 12:38:25',NULL,NULL),(169,7,3,11,NULL,42,'2017-11-30 07:31:08',NULL,NULL),(170,7,13,11,NULL,42,'2017-11-30 07:31:08',NULL,NULL),(181,8,3,14,NULL,69,'2017-12-01 09:56:23',NULL,NULL),(182,8,4,14,NULL,69,'2017-12-01 09:56:23',NULL,NULL),(183,8,7,14,NULL,69,'2017-12-01 09:56:23',NULL,NULL),(184,8,13,14,NULL,69,'2017-12-01 09:56:23',NULL,NULL),(185,8,19,14,NULL,69,'2017-12-01 09:56:23',NULL,NULL),(186,8,3,16,NULL,69,'2017-12-01 09:56:23',NULL,NULL),(187,8,4,16,NULL,69,'2017-12-01 09:56:23',NULL,NULL),(188,8,7,16,NULL,69,'2017-12-01 09:56:23',NULL,NULL),(189,8,13,16,NULL,69,'2017-12-01 09:56:23',NULL,NULL),(190,8,19,16,NULL,69,'2017-12-01 09:56:23',NULL,NULL),(191,8,3,22,NULL,69,'2017-12-01 09:56:23',NULL,NULL),(192,8,4,22,NULL,69,'2017-12-01 09:56:23',NULL,NULL),(193,8,7,22,NULL,69,'2017-12-01 09:56:23',NULL,NULL),(194,8,13,22,NULL,69,'2017-12-01 09:56:23',NULL,NULL),(195,8,19,22,NULL,69,'2017-12-01 09:56:23',NULL,NULL);
/*!40000 ALTER TABLE `adhocfeedetails` ENABLE KEYS */;
UNLOCK TABLES;

--
-- Table structure for table `board`
--

DROP TABLE IF EXISTS `board`;
/*!40101 SET @saved_cs_client     = @@character_set_client */;
/*!40101 SET character_set_client = utf8 */;
CREATE TABLE `board` (
  `id` bigint(20) NOT NULL AUTO_INCREMENT,
  `boardName` varchar(50) NOT NULL,
  `boardDescription` varchar(100) DEFAULT NULL,
  `isDelete` tinyint(1) DEFAULT '0',
  `createdBy` bigint(20) NOT NULL,
  `createdOn` datetime NOT NULL DEFAULT CURRENT_TIMESTAMP,
  `updatedBy` bigint(20) DEFAULT NULL,
  `updatedOn` datetime DEFAULT NULL,
  PRIMARY KEY (`id`),
  UNIQUE KEY `boardName_UNIQUE` (`boardName`)
) ENGINE=InnoDB AUTO_INCREMENT=9 DEFAULT CHARSET=utf8;
/*!40101 SET character_set_client = @saved_cs_client */;

--
-- Dumping data for table `board`
--

LOCK TABLES `board` WRITE;
/*!40000 ALTER TABLE `board` DISABLE KEYS */;
INSERT INTO `board` VALUES (1,'CBSC','CBSC Board',0,1,'2017-11-06 17:58:10',NULL,NULL),(2,'ICSC','ICSC Board',0,1,'2017-11-06 17:58:10',NULL,NULL),(3,'SSE','SSE Board',0,1,'2017-11-06 17:58:10',NULL,NULL),(7,'test','test',0,1,'2017-11-14 06:33:54',NULL,NULL),(8,'ICSC board','ICSC board',0,1,'2017-11-16 09:44:24',NULL,NULL);
/*!40000 ALTER TABLE `board` ENABLE KEYS */;
UNLOCK TABLES;

--
-- Table structure for table `category`
--

DROP TABLE IF EXISTS `category`;
/*!40101 SET @saved_cs_client     = @@character_set_client */;
/*!40101 SET character_set_client = utf8 */;
CREATE TABLE `category` (
  `id` bigint(20) NOT NULL AUTO_INCREMENT,
  `schoolId` bigint(20) DEFAULT NULL,
  `categoryName` varchar(50) NOT NULL,
  `categoryDescription` varchar(50) DEFAULT NULL,
  `categoryCode` varchar(24) NOT NULL,
  `isDelete` tinyint(1) DEFAULT '0',
  `createdBy` bigint(20) NOT NULL,
  `createdOn` datetime NOT NULL DEFAULT CURRENT_TIMESTAMP,
  `updatedBy` bigint(20) DEFAULT NULL,
  `updatedOn` datetime DEFAULT NULL,
  PRIMARY KEY (`id`),
  UNIQUE KEY `categoryName_School_UNIQUE` (`schoolId`,`categoryName`),
  UNIQUE KEY `categoryCode_School_UNIQUE` (`schoolId`,`categoryCode`),
  KEY `FK_Category_School_idx` (`schoolId`),
  CONSTRAINT `FK_Category_School` FOREIGN KEY (`schoolId`) REFERENCES `school` (`id`) ON DELETE NO ACTION ON UPDATE NO ACTION
) ENGINE=InnoDB AUTO_INCREMENT=29 DEFAULT CHARSET=utf8;
/*!40101 SET character_set_client = @saved_cs_client */;

--
-- Dumping data for table `category`
--

LOCK TABLES `category` WRITE;
/*!40000 ALTER TABLE `category` DISABLE KEYS */;
INSERT INTO `category` VALUES (2,70,'Staff','Staff Category','Staff',1,1,'2017-11-06 12:32:49',1,'2017-11-15 13:23:05'),(3,70,'Management','Management Category','Management',0,1,'2017-11-06 12:32:49',NULL,NULL),(4,70,'RTE','RTE Category','RTE',0,1,'2017-11-06 12:32:49',NULL,NULL),(7,70,'General','General Category','GEN',0,46,'2017-11-13 10:04:46',NULL,NULL),(13,70,'OPEN','OPEN Category','005',0,46,'2017-11-13 11:54:16',NULL,NULL),(19,70,'Staff1','staff category ','Staff1',0,42,'2017-11-15 14:15:20',45,'2017-11-16 06:43:52'),(20,98,'Open','Open Category','Open',0,42,'2017-12-04 12:47:01',NULL,NULL),(21,71,'General ','General Category','General',0,1,'2017-12-05 05:51:13',NULL,NULL),(22,70,'OBC','OBC','OBC',0,42,'2017-12-05 05:53:07',NULL,NULL),(24,71,'RTE','RTE','RTE',0,1,'2017-12-05 05:54:33',NULL,NULL),(25,98,'RTE234','RTE','RTE',0,42,'2017-12-05 05:59:20',1,'2017-12-05 07:01:40'),(27,98,'OBC','OBC','OBC',0,42,'2017-12-05 05:59:44',NULL,NULL),(28,98,'General','General','General',0,42,'2017-12-05 09:00:22',NULL,NULL);
/*!40000 ALTER TABLE `category` ENABLE KEYS */;
UNLOCK TABLES;

--
-- Table structure for table `class`
--

DROP TABLE IF EXISTS `class`;
/*!40101 SET @saved_cs_client     = @@character_set_client */;
/*!40101 SET character_set_client = utf8 */;
CREATE TABLE `class` (
  `id` bigint(20) NOT NULL AUTO_INCREMENT,
  `schoolId` bigint(20) DEFAULT NULL,
  `className` varchar(50) DEFAULT NULL,
  `classCode` varchar(24) NOT NULL,
  `isDelete` tinyint(1) DEFAULT '0',
  `createdBy` bigint(20) NOT NULL,
  `createdOn` datetime NOT NULL DEFAULT CURRENT_TIMESTAMP,
  `updatedBy` bigint(20) DEFAULT NULL,
  `updatedOn` datetime DEFAULT NULL,
  PRIMARY KEY (`id`),
  UNIQUE KEY `school_className` (`schoolId`,`className`),
  UNIQUE KEY `school_classCode` (`schoolId`,`classCode`),
  KEY `FK_Class_School_idx` (`schoolId`),
  CONSTRAINT `FK_Class_School` FOREIGN KEY (`schoolId`) REFERENCES `school` (`id`) ON DELETE NO ACTION ON UPDATE NO ACTION
) ENGINE=InnoDB AUTO_INCREMENT=33 DEFAULT CHARSET=utf8;
/*!40101 SET character_set_client = @saved_cs_client */;

--
-- Dumping data for table `class`
--

LOCK TABLES `class` WRITE;
/*!40000 ALTER TABLE `class` DISABLE KEYS */;
INSERT INTO `class` VALUES (11,70,'Std 1','Std First',0,46,'2017-11-13 09:36:34',45,'2017-11-16 06:24:08'),(13,70,'Std 2','Std 2',0,46,'2017-11-13 09:37:34',42,'2017-11-15 04:57:27'),(14,70,'Std 3','Std 3',0,46,'2017-11-13 09:38:00',42,'2017-11-15 04:57:35'),(16,70,'Std 4','Std 4',0,42,'2017-11-13 10:08:27',42,'2017-11-16 12:59:16'),(18,71,'Std 1','Std 1',0,46,'2017-11-15 09:57:46',NULL,NULL),(19,70,'Std 5','Std 5',0,44,'2017-11-15 12:49:06',44,'2017-11-15 12:49:33'),(20,70,'Std 6','Std 6',1,45,'2017-11-16 06:28:40',45,'2017-11-16 06:29:10'),(22,70,'Std 7 ','Std 7 ',0,42,'2017-11-16 13:20:02',NULL,NULL),(23,70,'Std 8','Std 8',0,42,'2017-11-16 13:21:57',42,'2017-11-16 13:23:03'),(24,71,'Std 2','Std 2',0,56,'2017-11-17 05:11:28',NULL,NULL),(25,71,'Std 3','Std 3',0,56,'2017-11-17 05:11:37',NULL,NULL),(26,71,'Std 4','Std 4',0,56,'2017-11-17 05:11:46',NULL,NULL),(27,71,'Std 5','Std 5',0,56,'2017-11-17 05:11:55',NULL,NULL),(28,71,'dfsf','gsghdvfsdgsghdvfs',0,56,'2017-11-17 08:10:53',NULL,NULL),(29,70,'std 9','Std 9',0,42,'2017-11-17 14:18:34',NULL,NULL),(30,98,'Std 1','Std 1',1,42,'2017-12-01 06:14:33',42,'2017-12-01 06:36:53'),(32,98,'Std 2','Std 2',0,42,'2017-12-01 06:37:26',NULL,NULL);
/*!40000 ALTER TABLE `class` ENABLE KEYS */;
UNLOCK TABLES;

--
-- Table structure for table `division`
--

DROP TABLE IF EXISTS `division`;
/*!40101 SET @saved_cs_client     = @@character_set_client */;
/*!40101 SET character_set_client = utf8 */;
CREATE TABLE `division` (
  `id` bigint(20) NOT NULL AUTO_INCREMENT,
  `classId` bigint(20) NOT NULL,
  `schoolId` bigint(20) NOT NULL,
  `divisionName` varchar(50) NOT NULL,
  `divisionCode` varchar(24) NOT NULL,
  `isDelete` tinyint(1) DEFAULT '0',
  `createdBy` bigint(20) NOT NULL,
  `createdOn` datetime NOT NULL DEFAULT CURRENT_TIMESTAMP,
  `updatedBy` bigint(20) DEFAULT NULL,
  `updatedOn` datetime DEFAULT NULL,
  PRIMARY KEY (`id`),
  UNIQUE KEY `school_class_divisionName` (`schoolId`,`classId`,`divisionName`),
  UNIQUE KEY `school_class_divisionCode` (`schoolId`,`classId`,`divisionName`),
  UNIQUE KEY `school_class_divisionCode_UNIQUE` (`schoolId`,`classId`,`divisionCode`),
  KEY `FK_Division_Class_idx` (`classId`),
  KEY `FK_Division_School_idx` (`schoolId`),
  CONSTRAINT `FK_Division_Class` FOREIGN KEY (`classId`) REFERENCES `class` (`id`) ON DELETE NO ACTION ON UPDATE NO ACTION,
  CONSTRAINT `FK_Division_School` FOREIGN KEY (`schoolId`) REFERENCES `school` (`id`) ON DELETE NO ACTION ON UPDATE NO ACTION
) ENGINE=InnoDB AUTO_INCREMENT=54 DEFAULT CHARSET=utf8;
/*!40101 SET character_set_client = @saved_cs_client */;

--
-- Dumping data for table `division`
--

LOCK TABLES `division` WRITE;
/*!40000 ALTER TABLE `division` DISABLE KEYS */;
INSERT INTO `division` VALUES (31,11,70,'A','A',0,46,'2017-11-13 12:02:12',NULL,NULL),(32,11,70,'B','B',0,46,'2017-11-13 12:02:31',NULL,NULL),(33,13,70,'A','A',0,46,'2017-11-13 12:02:41',NULL,NULL),(34,13,70,'B','B',0,46,'2017-11-13 12:02:51',NULL,NULL),(35,14,70,'A','A',0,46,'2017-11-13 12:03:06',NULL,NULL),(36,14,70,'B','B',0,42,'2017-11-14 08:55:34',NULL,NULL),(37,18,71,'A','A',0,46,'2017-11-15 09:57:57',56,'2017-11-17 05:14:31'),(38,19,70,'B','B',0,44,'2017-11-15 12:50:23',45,'2017-11-16 06:30:51'),(39,19,70,'C','C',0,44,'2017-11-15 12:50:44',45,'2017-11-16 06:30:36'),(41,16,70,'A','A',0,42,'2017-11-16 12:56:14',NULL,NULL),(42,16,70,'B','B',0,42,'2017-11-16 12:56:23',NULL,NULL),(43,13,70,'C','C',0,42,'2017-11-16 16:08:52',NULL,NULL),(44,24,71,'A','A',0,56,'2017-11-17 05:13:09',NULL,NULL),(45,24,71,'B','B',0,56,'2017-11-17 05:13:17',NULL,NULL),(46,25,71,'A','A',0,56,'2017-11-17 05:13:27',NULL,NULL),(47,25,71,'B','B',0,56,'2017-11-17 05:13:34',NULL,NULL),(48,26,71,'A','A',0,56,'2017-11-17 05:13:46',NULL,NULL),(49,26,71,'B','B',0,56,'2017-11-17 05:13:53',NULL,NULL),(50,27,71,'A','A',0,56,'2017-11-17 05:14:02',NULL,NULL),(51,27,71,'B','B',0,56,'2017-11-17 05:14:10',NULL,NULL),(52,29,70,'A','A',0,42,'2017-11-17 14:19:18',NULL,NULL),(53,32,98,'A','A',0,42,'2017-12-01 06:37:51',NULL,NULL);
/*!40000 ALTER TABLE `division` ENABLE KEYS */;
UNLOCK TABLES;

--
-- Table structure for table `feehead`
--

DROP TABLE IF EXISTS `feehead`;
/*!40101 SET @saved_cs_client     = @@character_set_client */;
/*!40101 SET character_set_client = utf8 */;
CREATE TABLE `feehead` (
  `id` bigint(20) NOT NULL AUTO_INCREMENT,
  `schoolId` bigint(20) NOT NULL,
  `frequencyId` bigint(20) NOT NULL,
  `feeHeadName` varchar(50) NOT NULL,
  `feeHeadDescription` varchar(100) DEFAULT NULL,
  `chargeHeadName` varchar(20) NOT NULL,
  `isDelete` tinyint(1) DEFAULT '0',
  `createdBy` bigint(20) NOT NULL,
  `createdOn` datetime NOT NULL DEFAULT CURRENT_TIMESTAMP,
  `updatedBy` bigint(20) DEFAULT NULL,
  `updatedOn` datetime DEFAULT NULL,
  PRIMARY KEY (`id`),
  UNIQUE KEY `schoolId_chargeHeadName_UNIQUE` (`schoolId`,`chargeHeadName`),
  UNIQUE KEY `schoolId_feeHeadName_UNIQUE` (`schoolId`,`feeHeadName`),
  KEY `FK_FeeHeads_Frequency_idx` (`frequencyId`),
  KEY `FK_FeeHeads_School_idx` (`schoolId`),
  CONSTRAINT `FK_FeeHeads_Frequency` FOREIGN KEY (`frequencyId`) REFERENCES `frequency` (`id`) ON DELETE NO ACTION ON UPDATE NO ACTION,
  CONSTRAINT `FK_FeeHeads_School` FOREIGN KEY (`schoolId`) REFERENCES `school` (`id`) ON DELETE NO ACTION ON UPDATE NO ACTION
) ENGINE=InnoDB AUTO_INCREMENT=24 DEFAULT CHARSET=utf8;
/*!40101 SET character_set_client = @saved_cs_client */;

--
-- Dumping data for table `feehead`
--

LOCK TABLES `feehead` WRITE;
/*!40000 ALTER TABLE `feehead` DISABLE KEYS */;
INSERT INTO `feehead` VALUES (6,70,3,'Sport fee','Sport fee','ChargeHead3',0,42,'2017-11-23 13:26:20',69,'2017-12-01 09:13:13'),(14,70,4,'Tuition Fee','Academic fee for entire year','ChargeHead1 ',0,42,'2017-11-27 05:29:22',NULL,NULL),(15,70,2,'Cultural Fee','Cultural fee for quarter','ChargeHead2',0,42,'2017-11-27 05:30:03',42,'2017-11-28 13:30:22'),(16,70,1,'Computer lab fee','Computer lab fee','ChargeHead4',0,42,'2017-11-28 06:32:04',NULL,NULL),(17,70,3,'Library Fee','Library Fee','ChargeHead5',0,42,'2017-11-28 06:32:19',42,'2017-11-28 07:03:33'),(18,70,2,'Extra curricular','Extra curricular','ChargeHead6',0,42,'2017-11-30 03:53:06',NULL,NULL),(19,98,2,'Tuition Fee','Tuition Fee','ChargeHead5',0,42,'2017-11-30 07:10:10',42,'2017-11-30 07:11:23'),(20,70,3,'Karate Fee','Karate Fee','ChargeHead7',0,42,'2017-11-30 08:37:29',42,'2017-11-30 08:37:44'),(21,70,2,'Misc. fee ','Misc. fee ','ChargeHead8',0,42,'2017-11-30 10:39:14',42,'2017-11-30 10:39:45'),(22,70,3,'E learning ','E learning ','ChargeHead9',0,42,'2017-11-30 13:43:08',42,'2017-11-30 13:43:26'),(23,70,1,'Miscc fee','','ChargeHead10',0,69,'2017-12-01 09:53:54',NULL,NULL);
/*!40000 ALTER TABLE `feehead` ENABLE KEYS */;
UNLOCK TABLES;

--
-- Table structure for table `feeplan`
--

DROP TABLE IF EXISTS `feeplan`;
/*!40101 SET @saved_cs_client     = @@character_set_client */;
/*!40101 SET character_set_client = utf8 */;
CREATE TABLE `feeplan` (
  `id` bigint(20) NOT NULL AUTO_INCREMENT,
  `schoolId` bigint(20) NOT NULL,
  `feePlanName` varchar(50) NOT NULL,
  `feePlanDescription` varchar(100) DEFAULT NULL,
  `academicYear` varchar(20) NOT NULL,
  `isTransactionProcessed` tinyint(1) DEFAULT '0',
  `isDelete` tinyint(1) DEFAULT '0',
  `createdBy` bigint(20) NOT NULL,
  `createdOn` datetime NOT NULL DEFAULT CURRENT_TIMESTAMP,
  `updatedBy` bigint(20) DEFAULT NULL,
  `updatedOn` datetime DEFAULT NULL,
  PRIMARY KEY (`id`),
  UNIQUE KEY `schoolId_feePlanName_UNIQUE` (`schoolId`,`feePlanName`),
  KEY `FK_FeePlan_School_idx` (`schoolId`),
  CONSTRAINT `FK_FeePlan_School` FOREIGN KEY (`schoolId`) REFERENCES `school` (`id`) ON DELETE NO ACTION ON UPDATE NO ACTION
) ENGINE=InnoDB AUTO_INCREMENT=53 DEFAULT CHARSET=utf8;
/*!40101 SET character_set_client = @saved_cs_client */;

--
-- Dumping data for table `feeplan`
--

LOCK TABLES `feeplan` WRITE;
/*!40000 ALTER TABLE `feeplan` DISABLE KEYS */;
INSERT INTO `feeplan` VALUES (41,70,'RTE Fee Plan ','RTE Fee Plan ','2018-19',0,0,42,'2017-11-30 06:02:40',42,'2017-12-01 09:17:40'),(42,70,'Fee plan for General','Fee plan for General','2018-19',0,0,42,'2017-11-30 06:03:58',42,'2017-12-01 09:17:16'),(43,98,'Fee Plan for RTE',NULL,'2017-18',0,0,42,'2017-11-30 07:11:13',NULL,NULL),(44,98,'Feeplan for GEneral ','Feeplan for GEneral ','2017-18',0,0,42,'2017-11-30 07:12:02',NULL,NULL),(45,70,'Feeplan for staff','Feeplan for staff','2018-19',0,0,42,'2017-11-30 08:47:21',69,'2017-12-01 09:14:57'),(47,70,'Fee plan for GENERAL1','Fee plan for GENERAL1','2018-19',0,0,42,'2017-11-30 11:52:06',NULL,NULL),(48,70,'Fee plan for OPEN','Fee plan for OPEN','2018-19',0,0,42,'2017-11-30 15:47:57',NULL,NULL),(49,70,'test plan 11',NULL,'2017 - 18',0,0,42,'2017-12-01 08:48:56',NULL,NULL),(50,70,'test plan 12',NULL,'2018-19',0,0,69,'2017-12-01 08:55:48',69,'2017-12-01 08:56:05'),(51,70,'Fee Plan for staff','Fee Plan for staff','2018-19',0,0,69,'2017-12-01 09:19:43',69,'2017-12-01 09:20:16'),(52,70,'Fee plan for RTE & staff','Fee plan for RTE & staff','2018-19',0,0,69,'2017-12-01 09:54:27',69,'2017-12-01 09:54:45');
/*!40000 ALTER TABLE `feeplan` ENABLE KEYS */;
UNLOCK TABLES;

--
-- Table structure for table `feeplanassociation`
--

DROP TABLE IF EXISTS `feeplanassociation`;
/*!40101 SET @saved_cs_client     = @@character_set_client */;
/*!40101 SET character_set_client = utf8 */;
CREATE TABLE `feeplanassociation` (
  `id` bigint(20) NOT NULL AUTO_INCREMENT,
  `schoolId` bigint(20) NOT NULL,
  `feeplanId` bigint(20) NOT NULL,
  `classId` bigint(20) NOT NULL,
  `categoryId` bigint(20) NOT NULL,
  `academicYear` varchar(20) NOT NULL,
  `createdBy` bigint(20) NOT NULL,
  `createdOn` datetime NOT NULL DEFAULT CURRENT_TIMESTAMP,
  `updatedBy` bigint(20) DEFAULT NULL,
  `updatedOn` datetime DEFAULT NULL,
  PRIMARY KEY (`id`),
  UNIQUE KEY `feeplanId_classId_categoryId_UNIQUE` (`feeplanId`,`classId`,`categoryId`,`academicYear`),
  KEY `FK_FeePlanAssociation_FeePlan_idx` (`feeplanId`),
  KEY `FK_FeePlanAssociation_Class_idx` (`classId`),
  KEY `FK_FeePlanAssociation_Category_idx` (`categoryId`),
  KEY `FK_FeePlanAssociation_School_idx` (`schoolId`),
  CONSTRAINT `FK_FeePlanAssociation_Category` FOREIGN KEY (`categoryId`) REFERENCES `category` (`id`) ON DELETE NO ACTION ON UPDATE NO ACTION,
  CONSTRAINT `FK_FeePlanAssociation_Class` FOREIGN KEY (`classId`) REFERENCES `class` (`id`) ON DELETE NO ACTION ON UPDATE NO ACTION,
  CONSTRAINT `FK_FeePlanAssociation_FeePlan` FOREIGN KEY (`feeplanId`) REFERENCES `feeplan` (`id`) ON DELETE NO ACTION ON UPDATE NO ACTION,
  CONSTRAINT `FK_FeePlanAssociation_School` FOREIGN KEY (`schoolId`) REFERENCES `school` (`id`) ON DELETE NO ACTION ON UPDATE NO ACTION
) ENGINE=InnoDB AUTO_INCREMENT=37 DEFAULT CHARSET=utf8;
/*!40101 SET character_set_client = @saved_cs_client */;

--
-- Dumping data for table `feeplanassociation`
--

LOCK TABLES `feeplanassociation` WRITE;
/*!40000 ALTER TABLE `feeplanassociation` DISABLE KEYS */;
INSERT INTO `feeplanassociation` VALUES (11,70,42,11,7,'2018-19',42,'2017-11-30 09:02:00',NULL,NULL),(12,70,42,13,7,'2018-19',42,'2017-11-30 09:02:00',NULL,NULL),(13,70,42,14,7,'2018-19',42,'2017-11-30 09:02:00',NULL,NULL),(14,70,42,19,7,'2018-19',42,'2017-11-30 09:02:00',NULL,NULL),(15,70,42,16,7,'2018-19',42,'2017-11-30 09:02:00',NULL,NULL),(21,70,45,11,19,'2018-19',42,'2017-11-30 11:58:18',NULL,NULL),(24,70,45,19,19,'2018-19',42,'2017-11-30 11:58:18',NULL,NULL),(25,70,45,13,19,'2018-19',42,'2017-11-30 11:58:18',NULL,NULL),(26,70,45,14,19,'2018-19',42,'2017-11-30 11:58:18',NULL,NULL),(27,70,41,11,4,'2018-19',42,'2017-11-30 12:04:34',NULL,NULL),(28,70,41,16,4,'2018-19',42,'2017-11-30 12:04:34',NULL,NULL),(29,70,41,23,4,'2018-19',42,'2017-11-30 12:04:34',NULL,NULL),(30,70,47,22,7,'2018-19',42,'2017-11-30 13:56:55',NULL,NULL),(31,70,52,29,4,'2018-19',69,'2017-12-01 09:55:10',NULL,NULL),(32,70,52,29,19,'2018-19',69,'2017-12-01 09:55:10',NULL,NULL),(34,98,43,32,20,'2017-18',42,'2017-12-05 06:15:44',NULL,NULL),(35,98,43,32,25,'2017-18',42,'2017-12-05 06:15:44',NULL,NULL),(36,98,43,32,27,'2017-18',42,'2017-12-05 06:15:44',NULL,NULL);
/*!40000 ALTER TABLE `feeplanassociation` ENABLE KEYS */;
UNLOCK TABLES;

--
-- Table structure for table `feeplanheaddetails`
--

DROP TABLE IF EXISTS `feeplanheaddetails`;
/*!40101 SET @saved_cs_client     = @@character_set_client */;
/*!40101 SET character_set_client = utf8 */;
CREATE TABLE `feeplanheaddetails` (
  `id` bigint(20) NOT NULL AUTO_INCREMENT,
  `schoolId` bigint(20) NOT NULL,
  `feePlanId` bigint(20) NOT NULL,
  `feeHeadId` bigint(20) NOT NULL,
  `feeCharges` decimal(9,2) NOT NULL,
  `sequenceNumber` int(2) NOT NULL,
  `dueDate` date NOT NULL,
  `createdBy` bigint(20) NOT NULL,
  `createdOn` datetime NOT NULL DEFAULT CURRENT_TIMESTAMP,
  `updatedBy` bigint(20) DEFAULT NULL,
  `updatedOn` datetime DEFAULT NULL,
  PRIMARY KEY (`id`),
  UNIQUE KEY `feePlan_feeHead_dueDate_UNIQUE` (`feePlanId`,`feeHeadId`,`dueDate`),
  KEY `FK_FeePlanDetails_FeePlan_idx` (`feePlanId`),
  KEY `FK_FeePlanDetails_FeeHead_idx` (`feeHeadId`),
  KEY `FK_FeePlanDetails_School_idx` (`schoolId`),
  CONSTRAINT `FK_FeePlanDetails_FeeHead` FOREIGN KEY (`feeHeadId`) REFERENCES `feehead` (`id`) ON DELETE NO ACTION ON UPDATE NO ACTION,
  CONSTRAINT `FK_FeePlanDetails_FeePlan` FOREIGN KEY (`feePlanId`) REFERENCES `feeplan` (`id`) ON DELETE NO ACTION ON UPDATE NO ACTION,
  CONSTRAINT `FK_FeePlanDetails_School` FOREIGN KEY (`schoolId`) REFERENCES `school` (`id`) ON DELETE NO ACTION ON UPDATE NO ACTION
) ENGINE=InnoDB AUTO_INCREMENT=277 DEFAULT CHARSET=utf8;
/*!40101 SET character_set_client = @saved_cs_client */;

--
-- Dumping data for table `feeplanheaddetails`
--

LOCK TABLES `feeplanheaddetails` WRITE;
/*!40000 ALTER TABLE `feeplanheaddetails` DISABLE KEYS */;
INSERT INTO `feeplanheaddetails` VALUES (11,98,43,19,50000.00,1,'2017-11-30',42,'2017-11-30 07:11:13',NULL,NULL),(12,98,44,19,30000.00,1,'2017-11-30',42,'2017-11-30 07:12:02',NULL,NULL),(13,98,44,19,30000.00,2,'2018-03-02',42,'2017-11-30 07:12:02',NULL,NULL),(14,98,44,19,30000.00,4,'2018-08-30',42,'2017-11-30 07:12:02',NULL,NULL),(15,98,44,19,30000.00,3,'2018-05-30',42,'2017-11-30 07:12:02',NULL,NULL),(91,70,47,15,1000.00,4,'2019-08-05',42,'2017-11-30 11:52:06',NULL,NULL),(92,70,47,6,1000.00,2,'2019-02-05',42,'2017-11-30 11:52:06',NULL,NULL),(93,70,47,6,1000.00,1,'2018-11-05',42,'2017-11-30 11:52:06',NULL,NULL),(94,70,47,15,1000.00,1,'2018-11-05',42,'2017-11-30 11:52:06',NULL,NULL),(95,70,47,15,1000.00,2,'2019-02-05',42,'2017-11-30 11:52:06',NULL,NULL),(96,70,47,15,1000.00,3,'2019-05-05',42,'2017-11-30 11:52:06',NULL,NULL),(97,70,47,14,1000.00,1,'2018-11-05',42,'2017-11-30 11:52:06',NULL,NULL),(98,70,48,16,3000.00,2,'2018-12-05',42,'2017-11-30 15:47:57',NULL,NULL),(99,70,48,16,3000.00,3,'2019-01-05',42,'2017-11-30 15:47:57',NULL,NULL),(100,70,48,16,3000.00,5,'2019-03-05',42,'2017-11-30 15:47:57',NULL,NULL),(101,70,48,6,2000.00,1,'2018-11-05',42,'2017-11-30 15:47:57',NULL,NULL),(102,70,48,6,2000.00,2,'2018-12-05',42,'2017-11-30 15:47:57',NULL,NULL),(103,70,48,16,3000.00,1,'2018-11-05',42,'2017-11-30 15:47:57',NULL,NULL),(104,70,48,16,3000.00,6,'2019-04-05',42,'2017-11-30 15:47:57',NULL,NULL),(105,70,48,16,3000.00,4,'2019-02-05',42,'2017-11-30 15:47:57',NULL,NULL),(106,70,48,16,3000.00,7,'2019-05-05',42,'2017-11-30 15:47:57',NULL,NULL),(107,70,48,16,3000.00,8,'2019-06-05',42,'2017-11-30 15:47:57',NULL,NULL),(108,70,48,16,3000.00,9,'2019-07-05',42,'2017-11-30 15:47:57',NULL,NULL),(109,70,48,16,3000.00,10,'2019-08-05',42,'2017-11-30 15:47:57',NULL,NULL),(110,70,48,16,3000.00,11,'2019-09-05',42,'2017-11-30 15:47:57',NULL,NULL),(111,70,48,16,3000.00,12,'2019-10-05',42,'2017-11-30 15:47:57',NULL,NULL),(127,70,49,21,2000.00,1,'2017-11-05',42,'2017-12-01 08:49:05',NULL,NULL),(128,70,49,21,2000.00,2,'2018-02-05',42,'2017-12-01 08:49:05',NULL,NULL),(129,70,49,21,2000.00,4,'2018-08-05',42,'2017-12-01 08:49:05',NULL,NULL),(130,70,49,21,2000.00,3,'2018-05-05',42,'2017-12-01 08:49:05',NULL,NULL),(132,70,50,14,2500.00,1,'2018-11-05',69,'2017-12-01 08:56:08',NULL,NULL),(142,70,45,16,1000.00,1,'2018-11-05',69,'2017-12-01 09:14:58',NULL,NULL),(143,70,45,16,1000.00,2,'2018-12-05',69,'2017-12-01 09:14:58',NULL,NULL),(144,70,45,16,1000.00,3,'2019-01-05',69,'2017-12-01 09:14:58',NULL,NULL),(145,70,45,16,1000.00,4,'2019-02-05',69,'2017-12-01 09:14:58',NULL,NULL),(146,70,45,16,1000.00,5,'2019-03-05',69,'2017-12-01 09:14:58',NULL,NULL),(147,70,45,16,1000.00,6,'2019-04-05',69,'2017-12-01 09:14:58',NULL,NULL),(148,70,45,16,1000.00,7,'2019-05-05',69,'2017-12-01 09:14:58',NULL,NULL),(149,70,45,16,1000.00,8,'2019-06-05',69,'2017-12-01 09:14:58',NULL,NULL),(150,70,45,16,1000.00,9,'2019-07-05',69,'2017-12-01 09:14:58',NULL,NULL),(151,70,45,16,1000.00,10,'2019-08-05',69,'2017-12-01 09:14:58',NULL,NULL),(152,70,45,16,1000.00,11,'2019-09-05',69,'2017-12-01 09:14:58',NULL,NULL),(153,70,45,16,1000.00,12,'2019-10-05',69,'2017-12-01 09:14:58',NULL,NULL),(154,70,45,15,900.00,1,'2018-11-05',69,'2017-12-01 09:14:58',NULL,NULL),(155,70,45,15,900.00,2,'2019-02-05',69,'2017-12-01 09:14:58',NULL,NULL),(156,70,45,15,900.00,3,'2019-05-05',69,'2017-12-01 09:14:58',NULL,NULL),(157,70,45,15,900.00,4,'2019-08-05',69,'2017-12-01 09:14:58',NULL,NULL),(158,70,45,14,30000.00,1,'2018-11-05',69,'2017-12-01 09:14:58',NULL,NULL),(159,70,45,17,100.00,1,'2018-11-05',69,'2017-12-01 09:14:58',NULL,NULL),(160,70,45,17,100.00,2,'2018-12-05',69,'2017-12-01 09:14:58',NULL,NULL),(208,70,42,14,50000.00,1,'2018-11-05',42,'2017-12-01 09:17:17',NULL,NULL),(209,70,42,15,2000.00,1,'2018-11-05',42,'2017-12-01 09:17:17',NULL,NULL),(210,70,42,15,2000.00,2,'2019-02-05',42,'2017-12-01 09:17:17',NULL,NULL),(211,70,42,15,2000.00,3,'2019-05-05',42,'2017-12-01 09:17:17',NULL,NULL),(212,70,42,15,2000.00,4,'2019-08-05',42,'2017-12-01 09:17:17',NULL,NULL),(213,70,42,17,1000.00,1,'2018-11-05',42,'2017-12-01 09:17:17',NULL,NULL),(214,70,42,17,1000.00,2,'2019-02-05',42,'2017-12-01 09:17:17',NULL,NULL),(215,70,42,21,1000.00,1,'2018-11-05',42,'2017-12-01 09:17:17',NULL,NULL),(216,70,42,21,1000.00,2,'2019-02-05',42,'2017-12-01 09:17:17',NULL,NULL),(217,70,42,21,1000.00,3,'2019-05-05',42,'2017-12-01 09:17:17',NULL,NULL),(218,70,42,21,1000.00,4,'2019-08-05',42,'2017-12-01 09:17:17',NULL,NULL),(219,70,42,22,1000.00,1,'2018-11-05',42,'2017-12-01 09:17:17',NULL,NULL),(220,70,42,22,1000.00,2,'2019-02-05',42,'2017-12-01 09:17:17',NULL,NULL),(221,70,41,16,1000.00,1,'2018-11-05',42,'2017-12-01 09:17:41',NULL,NULL),(222,70,41,16,1000.00,2,'2018-12-05',42,'2017-12-01 09:17:41',NULL,NULL),(223,70,41,16,1000.00,3,'2019-01-05',42,'2017-12-01 09:17:41',NULL,NULL),(224,70,41,16,1000.00,4,'2019-02-05',42,'2017-12-01 09:17:41',NULL,NULL),(225,70,41,16,1000.00,5,'2019-03-05',42,'2017-12-01 09:17:41',NULL,NULL),(226,70,41,16,1000.00,6,'2019-04-05',42,'2017-12-01 09:17:41',NULL,NULL),(227,70,41,16,1000.00,7,'2019-05-05',42,'2017-12-01 09:17:41',NULL,NULL),(228,70,41,16,1000.00,8,'2019-06-05',42,'2017-12-01 09:17:41',NULL,NULL),(229,70,41,16,1000.00,9,'2019-07-05',42,'2017-12-01 09:17:41',NULL,NULL),(230,70,41,16,1000.00,10,'2019-08-05',42,'2017-12-01 09:17:41',NULL,NULL),(231,70,41,16,1000.00,11,'2019-09-05',42,'2017-12-01 09:17:41',NULL,NULL),(232,70,41,16,1000.00,12,'2019-10-05',42,'2017-12-01 09:17:41',NULL,NULL),(233,70,41,6,2000.00,1,'2018-11-05',42,'2017-12-01 09:17:41',NULL,NULL),(234,70,41,6,2000.00,2,'2018-12-05',42,'2017-12-01 09:17:41',NULL,NULL),(235,70,41,21,1000.00,1,'2018-11-05',42,'2017-12-01 09:17:41',NULL,NULL),(236,70,41,21,1000.00,2,'2019-02-05',42,'2017-12-01 09:17:41',NULL,NULL),(237,70,41,21,1000.00,3,'2019-05-05',42,'2017-12-01 09:17:41',NULL,NULL),(238,70,41,21,1000.00,4,'2019-08-05',42,'2017-12-01 09:17:41',NULL,NULL),(253,70,51,6,1000.00,1,'2018-11-05',69,'2017-12-01 09:20:17',NULL,NULL),(254,70,51,6,1000.00,2,'2019-02-05',69,'2017-12-01 09:20:17',NULL,NULL),(255,70,51,18,1000.00,1,'2018-11-05',69,'2017-12-01 09:20:17',NULL,NULL),(256,70,51,18,1000.00,2,'2019-02-05',69,'2017-12-01 09:20:17',NULL,NULL),(257,70,51,18,1000.00,3,'2019-05-05',69,'2017-12-01 09:20:17',NULL,NULL),(258,70,51,18,1000.00,4,'2019-08-05',69,'2017-12-01 09:20:17',NULL,NULL),(262,70,52,6,1000.00,1,'2018-11-05',69,'2017-12-01 09:54:46',NULL,NULL),(263,70,52,6,1000.00,2,'2018-12-05',69,'2017-12-01 09:54:46',NULL,NULL),(264,70,52,16,1000.00,4,'2019-02-05',69,'2017-12-01 09:54:46',NULL,NULL),(265,70,52,16,1000.00,2,'2018-12-05',69,'2017-12-01 09:54:46',NULL,NULL),(266,70,52,16,1000.00,5,'2019-03-05',69,'2017-12-01 09:54:46',NULL,NULL),(267,70,52,16,1000.00,3,'2019-01-05',69,'2017-12-01 09:54:46',NULL,NULL),(268,70,52,16,1000.00,6,'2019-04-05',69,'2017-12-01 09:54:46',NULL,NULL),(269,70,52,14,1000.00,1,'2018-11-05',69,'2017-12-01 09:54:46',NULL,NULL),(270,70,52,16,1000.00,1,'2018-11-05',69,'2017-12-01 09:54:46',NULL,NULL),(271,70,52,16,1000.00,7,'2019-05-05',69,'2017-12-01 09:54:46',NULL,NULL),(272,70,52,16,1000.00,8,'2019-06-05',69,'2017-12-01 09:54:46',NULL,NULL),(273,70,52,16,1000.00,9,'2019-07-05',69,'2017-12-01 09:54:46',NULL,NULL),(274,70,52,16,1000.00,10,'2019-08-05',69,'2017-12-01 09:54:46',NULL,NULL),(275,70,52,16,1000.00,11,'2019-09-05',69,'2017-12-01 09:54:46',NULL,NULL),(276,70,52,16,1000.00,12,'2019-10-05',69,'2017-12-01 09:54:46',NULL,NULL);
/*!40000 ALTER TABLE `feeplanheaddetails` ENABLE KEYS */;
UNLOCK TABLES;

--
-- Table structure for table `frequency`
--

DROP TABLE IF EXISTS `frequency`;
/*!40101 SET @saved_cs_client     = @@character_set_client */;
/*!40101 SET character_set_client = utf8 */;
CREATE TABLE `frequency` (
  `id` bigint(20) NOT NULL AUTO_INCREMENT,
  `frequencyName` varchar(50) NOT NULL,
  `frequencyValue` int(11) NOT NULL,
  `isDelete` tinyint(1) DEFAULT '0',
  `createdBy` bigint(20) NOT NULL,
  `createdOn` datetime NOT NULL DEFAULT CURRENT_TIMESTAMP,
  `updatedBy` bigint(20) DEFAULT NULL,
  `updatedOn` datetime DEFAULT NULL,
  PRIMARY KEY (`id`),
  UNIQUE KEY `frequencyName_UNIQUE` (`frequencyName`)
) ENGINE=InnoDB AUTO_INCREMENT=7 DEFAULT CHARSET=utf8;
/*!40101 SET character_set_client = @saved_cs_client */;

--
-- Dumping data for table `frequency`
--

LOCK TABLES `frequency` WRITE;
/*!40000 ALTER TABLE `frequency` DISABLE KEYS */;
INSERT INTO `frequency` VALUES (1,'Monthly',12,0,1,'2017-11-06 12:35:41',1,'2017-11-27 12:30:03'),(2,'Quarterly',4,0,1,'2017-11-06 12:35:41',1,'2017-11-28 07:20:27'),(3,'Half Yearly',2,0,1,'2017-11-06 12:35:41',NULL,NULL),(4,'Yearly',1,0,1,'2017-11-06 12:35:41',NULL,NULL),(5,'OneTime',1,0,1,'2017-11-06 12:35:41',NULL,NULL);
/*!40000 ALTER TABLE `frequency` ENABLE KEYS */;
UNLOCK TABLES;

--
-- Table structure for table `institute`
--

DROP TABLE IF EXISTS `institute`;
/*!40101 SET @saved_cs_client     = @@character_set_client */;
/*!40101 SET character_set_client = utf8 */;
CREATE TABLE `institute` (
  `id` bigint(20) NOT NULL AUTO_INCREMENT,
  `instituteName` varchar(100) NOT NULL,
  `instituteDescription` varchar(100) DEFAULT NULL,
  `phone` varchar(50) DEFAULT NULL,
  `email` varchar(254) DEFAULT NULL,
  `address` varchar(500) DEFAULT NULL,
  `isDelete` tinyint(1) DEFAULT '0',
  `createdBy` bigint(20) NOT NULL,
  `createdOn` datetime NOT NULL DEFAULT CURRENT_TIMESTAMP,
  `updatedBy` bigint(20) DEFAULT NULL,
  `updatedOn` datetime DEFAULT NULL,
  PRIMARY KEY (`id`),
  UNIQUE KEY `instituteName_UNIQUE` (`instituteName`)
) ENGINE=InnoDB AUTO_INCREMENT=36 DEFAULT CHARSET=utf8;
/*!40101 SET character_set_client = @saved_cs_client */;

--
-- Dumping data for table `institute`
--

LOCK TABLES `institute` WRITE;
/*!40000 ALTER TABLE `institute` DISABLE KEYS */;
INSERT INTO `institute` VALUES (27,'St.Xaviers education ','Great campus, infrastructure, huge area availability, football turf, basketball courts','987654321000000','abc@gmail.com','3, Narveer Tanaji Malusare Rd, Vittalvadi, Narveer Tanaji Malusare Rd, Vittalvadi, Hingne Khurd,Pune, Maharashtra 411051',0,1,'2017-11-10 10:30:33',1,'2017-11-17 13:30:14'),(29,'Symboisis','Colleges in india, Best collage for economics in pune, bsc and msc economic.','9762982700','','3rd Floor, SCHC Building, Senapati Bapat Road, Pune, Maharashtra 411004',0,1,'2017-11-10 10:51:33',NULL,NULL),(30,'Bishop\'s education','Bishop\'s School','9789451231','abc@gmail.com','5-A, General Bhagat Marg, Camp, Pune, Maharashtra 411001',0,1,'2017-11-13 09:26:01',1,'2017-11-13 09:28:39'),(33,'Dr. D.Y Patil','Dr. D.Y Patil','9762982710','admin@gmail.com','Sant Tukaram Nagar, Pimpri, Pune- (Maharashtra) India, Maharashtra 411018',0,1,'2017-11-16 09:34:50',1,'2017-11-16 09:41:47'),(34,'fh','','','ghf@fdss.com','',1,1,'2017-11-17 09:51:06',1,'2017-11-17 09:51:19'),(35,'hfg','','','hpz31@slipry.net','',1,1,'2017-11-17 11:09:25',1,'2017-11-17 12:07:46');
/*!40000 ALTER TABLE `institute` ENABLE KEYS */;
UNLOCK TABLES;

--
-- Table structure for table `invoice`
--

DROP TABLE IF EXISTS `invoice`;
/*!40101 SET @saved_cs_client     = @@character_set_client */;
/*!40101 SET character_set_client = utf8 */;
CREATE TABLE `invoice` (
  `id` bigint(20) NOT NULL AUTO_INCREMENT,
  `invoiceNumber` varchar(32) NOT NULL,
  `merchantId` varchar(12) NOT NULL,
  `aggregatorId` varchar(12) DEFAULT NULL,
  `userId` varchar(24) NOT NULL,
  `userName` varchar(48) DEFAULT NULL,
  `emailId` varchar(264) DEFAULT NULL,
  `mobile` varchar(20) DEFAULT NULL,
  `desc` varchar(48) NOT NULL,
  `dueDate` date NOT NULL,
  `chargeAmount` decimal(9,2) NOT NULL,
  `isProcessed` tinyint(1) DEFAULT NULL,
  `transactionId` varchar(24) DEFAULT NULL,
  `paymentId` varchar(24) DEFAULT NULL,
  `paymentDate` datetime DEFAULT NULL,
  `settlementID` varchar(32) DEFAULT NULL,
  `settlementDate` datetime DEFAULT NULL,
  `calculatedLateFees` decimal(9,2) DEFAULT NULL,
  `type` varchar(20) NOT NULL,
  PRIMARY KEY (`id`),
  UNIQUE KEY `invoiceNumber_UNIQUE` (`invoiceNumber`)
) ENGINE=InnoDB DEFAULT CHARSET=utf8;
/*!40101 SET character_set_client = @saved_cs_client */;

--
-- Dumping data for table `invoice`
--

LOCK TABLES `invoice` WRITE;
/*!40000 ALTER TABLE `invoice` DISABLE KEYS */;
/*!40000 ALTER TABLE `invoice` ENABLE KEYS */;
UNLOCK TABLES;

--
-- Table structure for table `invoicedetails`
--

DROP TABLE IF EXISTS `invoicedetails`;
/*!40101 SET @saved_cs_client     = @@character_set_client */;
/*!40101 SET character_set_client = utf8 */;
CREATE TABLE `invoicedetails` (
  `id` bigint(20) NOT NULL AUTO_INCREMENT,
  `invoiceNumber` varchar(32) NOT NULL,
  `feePlanName` varchar(50) NOT NULL,
  `className` varchar(50) NOT NULL,
  `categoryName` varchar(50) NOT NULL,
  `feeHeadName` varchar(50) NOT NULL,
  `frquecneyName` varchar(50) NOT NULL,
  `chargeHeadName` varchar(20) NOT NULL,
  `chargeAmount` decimal(9,2) NOT NULL,
  `dueDate` date NOT NULL,
  PRIMARY KEY (`id`)
) ENGINE=InnoDB DEFAULT CHARSET=utf8;
/*!40101 SET character_set_client = @saved_cs_client */;

--
-- Dumping data for table `invoicedetails`
--

LOCK TABLES `invoicedetails` WRITE;
/*!40000 ALTER TABLE `invoicedetails` DISABLE KEYS */;
/*!40000 ALTER TABLE `invoicedetails` ENABLE KEYS */;
UNLOCK TABLES;

--
-- Table structure for table `menu`
--

DROP TABLE IF EXISTS `menu`;
/*!40101 SET @saved_cs_client     = @@character_set_client */;
/*!40101 SET character_set_client = utf8 */;
CREATE TABLE `menu` (
  `id` bigint(20) NOT NULL AUTO_INCREMENT,
  `menuName` varchar(50) NOT NULL,
  `menuParentId` bigint(20) DEFAULT NULL,
  `logicalSequence` int(11) DEFAULT NULL,
  `isDelete` tinyint(1) DEFAULT '0',
  `createdBy` bigint(20) NOT NULL,
  `createdOn` datetime NOT NULL DEFAULT CURRENT_TIMESTAMP,
  `updatedBy` bigint(20) DEFAULT NULL,
  `updatedOn` datetime DEFAULT NULL,
  PRIMARY KEY (`id`),
  UNIQUE KEY `menuName_UNIQUE` (`menuName`)
) ENGINE=InnoDB AUTO_INCREMENT=20 DEFAULT CHARSET=utf8;
/*!40101 SET character_set_client = @saved_cs_client */;

--
-- Dumping data for table `menu`
--

LOCK TABLES `menu` WRITE;
/*!40000 ALTER TABLE `menu` DISABLE KEYS */;
INSERT INTO `menu` VALUES (1,'Institures',0,1,0,1,'2017-11-03 15:12:09',NULL,NULL),(2,'Board',0,2,0,1,'2017-11-03 15:12:09',NULL,NULL),(3,'Schools',0,3,0,1,'2017-11-03 15:12:09',NULL,NULL),(4,'Role And Permissions',0,4,0,1,'2017-11-03 15:12:09',NULL,NULL),(5,'User Management',0,5,0,1,'2017-11-03 15:12:09',NULL,NULL),(6,'Frequency',0,6,0,1,'2017-11-03 15:12:09',NULL,NULL),(7,'Class',0,7,0,1,'2017-11-03 15:12:09',NULL,NULL),(8,'Division',0,8,0,1,'2017-11-03 15:12:09',NULL,NULL),(9,'Category',0,9,0,1,'2017-11-03 15:12:09',NULL,NULL),(10,'Fee Heads',0,10,0,1,'2017-11-03 15:12:09',NULL,NULL),(11,'Fee Plans',0,11,0,1,'2017-11-03 15:12:09',NULL,NULL),(12,'Zone',0,12,0,1,'2017-11-03 15:12:09',NULL,NULL),(13,'AddHoc Fee',0,13,0,1,'2017-11-03 15:12:09',NULL,NULL),(14,'Student Management',0,14,0,1,'2017-11-03 15:12:09',NULL,NULL),(15,'Process Fee',0,15,0,1,'2017-11-03 15:12:09',NULL,NULL),(16,'Reports',0,16,0,1,'2017-11-03 15:12:09',NULL,NULL),(17,'AcademicYear',0,17,0,1,'2017-11-03 12:49:35',NULL,NULL),(18,'FeePlanAssociation',0,18,0,1,'2017-11-13 12:23:06',NULL,NULL),(19,'Permission',0,19,0,1,'2017-11-27 15:23:16',NULL,NULL);
/*!40000 ALTER TABLE `menu` ENABLE KEYS */;
UNLOCK TABLES;

--
-- Table structure for table `permission`
--

DROP TABLE IF EXISTS `permission`;
/*!40101 SET @saved_cs_client     = @@character_set_client */;
/*!40101 SET character_set_client = utf8 */;
CREATE TABLE `permission` (
  `id` bigint(20) NOT NULL AUTO_INCREMENT,
  `menuId` bigint(20) NOT NULL,
  `roleId` bigint(20) NOT NULL,
  `permissionName` varchar(50) NOT NULL,
  `modelName` varchar(50) DEFAULT NULL,
  `isDelete` tinyint(1) DEFAULT '0',
  `createdBy` bigint(20) NOT NULL,
  `createdOn` datetime NOT NULL DEFAULT CURRENT_TIMESTAMP,
  `updatedBy` bigint(20) DEFAULT NULL,
  `updatedOn` datetime DEFAULT NULL,
  PRIMARY KEY (`id`),
  UNIQUE KEY `roleId_permissionName_UNIQE` (`roleId`,`permissionName`),
  KEY `FK_Permission_Menu_idx` (`menuId`),
  CONSTRAINT `FK_Permission_Menu` FOREIGN KEY (`menuId`) REFERENCES `menu` (`id`) ON DELETE NO ACTION ON UPDATE NO ACTION,
  CONSTRAINT `FK_Permission_Role` FOREIGN KEY (`roleId`) REFERENCES `role` (`id`) ON DELETE NO ACTION ON UPDATE NO ACTION
) ENGINE=InnoDB AUTO_INCREMENT=126 DEFAULT CHARSET=utf8;
/*!40101 SET character_set_client = @saved_cs_client */;

--
-- Dumping data for table `permission`
--

LOCK TABLES `permission` WRITE;
/*!40000 ALTER TABLE `permission` DISABLE KEYS */;
INSERT INTO `permission` VALUES (1,1,1,'Institute.Create','Institute',0,1,'2017-11-03 15:52:26',NULL,NULL),(2,1,1,'Institute.Read','Institute',0,1,'2017-11-03 15:52:26',NULL,NULL),(3,1,1,'Institute.Update','Institute',0,1,'2017-11-03 15:52:26',NULL,NULL),(4,1,1,'Institute.Delete','Institute',0,1,'2017-11-03 15:52:26',NULL,NULL),(5,2,1,'Board.Create','Board',0,1,'2017-11-03 15:52:26',NULL,NULL),(6,2,1,'Board.Read','Board',0,1,'2017-11-03 15:52:26',NULL,NULL),(7,2,1,'Board.Update','Board',0,1,'2017-11-03 15:52:26',NULL,NULL),(8,2,1,'Board.Delete','Board',0,1,'2017-11-03 15:52:26',NULL,NULL),(9,3,1,'School.Create','School',0,1,'2017-11-03 15:52:26',NULL,NULL),(10,3,1,'School.Read','School',0,1,'2017-11-03 15:52:26',NULL,NULL),(11,3,1,'School.Update','School',0,1,'2017-11-03 15:52:26',NULL,NULL),(12,3,1,'School.Delete','School',0,1,'2017-11-03 15:52:26',NULL,NULL),(13,4,1,'Role.Create','role',0,1,'2017-11-03 15:52:26',NULL,NULL),(14,4,1,'Role.Read','role',0,1,'2017-11-03 15:52:26',NULL,NULL),(15,4,1,'Role.Update','role',0,1,'2017-11-03 15:52:26',NULL,NULL),(16,4,1,'Role.Delete','role',0,1,'2017-11-03 15:52:26',NULL,NULL),(17,5,1,'User.Create','user',0,1,'2017-11-03 15:52:26',NULL,NULL),(18,5,1,'User.Read','user',0,1,'2017-11-03 15:52:26',NULL,NULL),(19,5,1,'User.Update','user',0,1,'2017-11-03 15:52:26',NULL,NULL),(20,5,1,'User.Delete','user',0,1,'2017-11-03 15:52:26',NULL,NULL),(21,6,1,'Frequency.Create','Frequency',0,1,'2017-11-03 15:52:26',NULL,NULL),(22,6,1,'Frequency.Read','Frequency',0,1,'2017-11-03 15:52:26',NULL,NULL),(23,6,1,'Frequency.Update','Frequency',0,1,'2017-11-03 15:52:26',NULL,NULL),(24,6,1,'Frequency.Delete','Frequency',0,1,'2017-11-03 15:52:26',NULL,NULL),(25,7,1,'Class.Create','Class',0,1,'2017-11-03 15:52:26',NULL,NULL),(26,7,1,'Class.Read','Class',0,1,'2017-11-03 16:11:22',NULL,NULL),(27,7,1,'Class.Update','Class',0,1,'2017-11-03 16:11:22',NULL,NULL),(28,7,1,'Class.Delete','Class',0,1,'2017-11-03 16:11:22',NULL,NULL),(29,8,1,'Division.Create','Dvision',0,1,'2017-11-03 16:11:22',NULL,NULL),(30,8,1,'Division.Read','Dvision',0,1,'2017-11-03 16:11:23',NULL,NULL),(31,8,1,'Division.Update','Dvision',0,1,'2017-11-03 16:11:23',NULL,NULL),(32,8,1,'Division.Delete','Dvision',0,1,'2017-11-03 16:11:23',NULL,NULL),(33,9,1,'Category.Create','Category',0,1,'2017-11-03 16:11:23',NULL,NULL),(34,9,1,'Category.Read','Category',0,1,'2017-11-03 16:11:23',NULL,NULL),(35,9,1,'Category.Update','Category',0,1,'2017-11-03 16:11:23',NULL,NULL),(36,9,1,'Category.Delete','Category',0,1,'2017-11-03 16:11:23',NULL,NULL),(37,10,1,'Feehead.Create','Feehead',0,1,'2017-11-03 16:11:23',NULL,NULL),(38,10,1,'Feehead.Read','Feehead',0,1,'2017-11-03 16:11:23',NULL,NULL),(39,10,1,'Feehead.Update','Feehead',0,1,'2017-11-03 16:11:23',NULL,NULL),(40,10,1,'Feehead.Delete','Feehead',0,1,'2017-11-03 16:11:24',NULL,NULL),(41,11,1,'Feeplan.Create','Feeplan',0,1,'2017-11-03 16:11:24',NULL,NULL),(42,11,1,'Feeplan.Read','Feeplan',0,1,'2017-11-03 16:11:24',NULL,NULL),(43,11,1,'Feeplan.Update','Feeplan',0,1,'2017-11-03 16:11:24',NULL,NULL),(44,11,1,'Feeplan.Delete','Feeplan',0,1,'2017-11-03 16:11:24',NULL,NULL),(45,12,1,'Zone.Create','Zone',0,1,'2017-11-03 16:11:24',NULL,NULL),(46,12,1,'Zone.Read','Zone',0,1,'2017-11-03 16:11:24',NULL,NULL),(47,12,1,'Zone.Update','Zone',0,1,'2017-11-03 16:11:24',NULL,NULL),(48,12,1,'Zone.Delete','Zone',0,1,'2017-11-03 16:11:24',NULL,NULL),(49,13,1,'Adhocfee.Create','Adhocfee',0,1,'2017-11-03 16:11:24',NULL,NULL),(50,13,1,'Adhocfee.Read','Adhocfee',0,1,'2017-11-03 16:11:24',NULL,NULL),(51,13,1,'Adhocfee.Update','Adhocfee',0,1,'2017-11-03 16:11:24',NULL,NULL),(52,13,1,'Adhocfee.Delete','Adhocfee',0,1,'2017-11-03 16:11:24',NULL,NULL),(53,14,1,'Student.Create','Student',0,1,'2017-11-03 16:11:24',NULL,NULL),(54,14,1,'Student.Read','Student',0,1,'2017-11-03 16:11:25',NULL,NULL),(55,14,1,'Student.Update','Student',0,1,'2017-11-03 16:11:25',NULL,NULL),(56,14,1,'Student.Delete','Student',0,1,'2017-11-03 16:11:25',NULL,NULL),(57,15,1,'ProcessFee.Create','ProcessFee',0,1,'2017-11-03 16:11:25',NULL,NULL),(58,15,1,'ProcessFee.Read','ProcessFee',0,1,'2017-11-03 16:11:25',NULL,NULL),(59,15,1,'ProcessFee.Update','ProcessFee',0,1,'2017-11-03 16:11:25',NULL,NULL),(60,15,1,'ProcessFee.Delete','ProcessFee',0,1,'2017-11-03 16:11:25',NULL,NULL),(61,16,1,'Report.Create','Report',0,1,'2017-11-03 16:11:25',NULL,NULL),(62,16,1,'Report.Read','Report',0,1,'2017-11-03 16:11:25',NULL,NULL),(63,16,1,'Report.Update','Report',0,1,'2017-11-03 16:11:25',NULL,NULL),(64,16,1,'Report.Delete','Report',0,1,'2017-11-03 16:11:25',NULL,NULL),(65,17,1,'AcademicYear.Create','Academicyear',0,1,'2017-11-03 12:51:59',NULL,NULL),(66,17,1,'AcademicYear.Read','Academicyear',0,1,'2017-11-03 12:51:59',NULL,NULL),(67,17,1,'AcademicYear.Update','Academicyear',0,1,'2017-11-03 12:51:59',NULL,NULL),(68,17,1,'AcademicYear.Delete','Academicyear',0,1,'2017-11-03 12:51:59',NULL,NULL),(74,7,2,'Class.Create','Class',0,1,'2017-11-03 15:52:26',NULL,NULL),(75,7,2,'Class.Read','Class',0,1,'2017-11-03 16:11:22',NULL,NULL),(76,7,2,'Class.Update','Class',0,1,'2017-11-03 16:11:22',NULL,NULL),(77,7,2,'Class.Delete','Class',0,1,'2017-11-03 16:11:22',NULL,NULL),(78,8,2,'Division.Create','Division',0,1,'2017-11-03 16:11:22',NULL,NULL),(79,8,2,'Division.Read','Dvision',0,1,'2017-11-03 16:11:23',NULL,NULL),(80,8,2,'Division.Update','Dvision',0,1,'2017-11-03 16:11:23',NULL,NULL),(81,8,2,'Division.Delete','Dvision',0,1,'2017-11-03 16:11:23',NULL,NULL),(86,10,2,'Feehead.Create','Feehead',0,1,'2017-11-03 16:11:23',NULL,NULL),(87,10,2,'Feehead.Read','Feehead',0,1,'2017-11-03 16:11:23',NULL,NULL),(88,10,2,'Feehead.Update','Feehead',0,1,'2017-11-03 16:11:23',NULL,NULL),(89,10,2,'Feehead.Delete','Feehead',0,1,'2017-11-03 16:11:24',NULL,NULL),(90,11,2,'Feeplan.Create','Feeplan',0,1,'2017-11-03 16:11:24',NULL,NULL),(91,11,2,'Feeplan.Read','Feeplan',0,1,'2017-11-03 16:11:24',NULL,NULL),(92,11,2,'Feeplan.Update','Feeplan',0,1,'2017-11-03 16:11:24',NULL,NULL),(93,11,2,'Feeplan.Delete','Feeplan',0,1,'2017-11-03 16:11:24',NULL,NULL),(94,12,2,'Zone.Create','Zone',0,1,'2017-11-03 16:11:24',NULL,NULL),(95,12,2,'Zone.Read','Zone',0,1,'2017-11-03 16:11:24',NULL,NULL),(96,12,2,'Zone.Update','Zone',0,1,'2017-11-03 16:11:24',NULL,NULL),(97,12,2,'Zone.Delete','Zone',0,1,'2017-11-03 16:11:24',NULL,NULL),(98,13,2,'Adhocfee.Create','Adhocfee',0,1,'2017-11-03 16:11:24',NULL,NULL),(99,13,2,'Adhocfee.Read','Adhocfee',0,1,'2017-11-03 16:11:24',NULL,NULL),(100,13,2,'Adhocfee.Update','Adhocfee',0,1,'2017-11-03 16:11:24',NULL,NULL),(101,13,2,'Adhocfee.Delete','Adhocfee',0,1,'2017-11-03 16:11:24',NULL,NULL),(102,14,2,'Student.Create','Student',0,1,'2017-11-03 16:11:24',NULL,NULL),(103,14,2,'Student.Read','Student',0,1,'2017-11-03 16:11:25',NULL,NULL),(104,14,2,'Student.Update','Student',0,1,'2017-11-03 16:11:25',NULL,NULL),(105,14,2,'Student.Delete','Student',0,1,'2017-11-03 16:11:25',NULL,NULL),(106,15,2,'ProcessFee.Create','ProcessFee',0,1,'2017-11-03 16:11:25',NULL,NULL),(107,15,2,'ProcessFee.Read','ProcessFee',0,1,'2017-11-03 16:11:25',NULL,NULL),(108,15,2,'ProcessFee.Update','ProcessFee',0,1,'2017-11-03 16:11:25',NULL,NULL),(109,15,2,'ProcessFee.Delete','ProcessFee',0,1,'2017-11-03 16:11:25',NULL,NULL),(110,16,2,'Report.Create','Report',0,1,'2017-11-03 16:11:25',NULL,NULL),(111,16,2,'Report.Read','Report',0,1,'2017-11-03 16:11:25',NULL,NULL),(112,16,2,'Report.Update','Report',0,1,'2017-11-03 16:11:25',NULL,NULL),(113,16,2,'Report.Delete','Report',0,1,'2017-11-03 16:11:25',NULL,NULL),(118,18,2,'Feeplanassociation.Create','Feeplanassociation',0,1,'2017-11-27 15:26:48',NULL,NULL),(119,18,2,'Feeplanassociation.Read','Feeplanassociation',0,1,'2017-11-27 15:26:49',NULL,NULL),(120,18,2,'Feeplanassociation.Update','Feeplanassociation',0,1,'2017-11-27 15:26:49',NULL,NULL),(121,18,2,'Feeplanassociation.Delete','Feeplanassociation',0,1,'2017-11-27 15:26:49',NULL,NULL),(122,18,1,'Feeplanassociation.Create','Feeplanassociation',0,1,'2017-11-27 15:26:50',NULL,NULL),(123,18,1,'Feeplanassociation.Read','Feeplanassociation',0,1,'2017-11-27 15:26:50',NULL,NULL),(124,18,1,'Feeplanassociation.Update','Feeplanassociation',0,1,'2017-11-27 15:26:50',NULL,NULL),(125,18,1,'Feeplanassociation.Delete','Feeplanassociation',0,1,'2017-11-27 15:26:50',NULL,NULL);
/*!40000 ALTER TABLE `permission` ENABLE KEYS */;
UNLOCK TABLES;

--
-- Table structure for table `role`
--

DROP TABLE IF EXISTS `role`;
/*!40101 SET @saved_cs_client     = @@character_set_client */;
/*!40101 SET character_set_client = utf8 */;
CREATE TABLE `role` (
  `id` bigint(20) NOT NULL AUTO_INCREMENT,
  `schoolId` bigint(20) DEFAULT NULL,
  `name` varchar(50) NOT NULL,
  `description` varchar(500) DEFAULT NULL,
  `displayName` varchar(50) DEFAULT NULL,
  `isDelete` tinyint(1) DEFAULT '0',
  `createdBy` bigint(20) NOT NULL,
  `created` datetime NOT NULL DEFAULT CURRENT_TIMESTAMP,
  `updatedBy` bigint(20) DEFAULT NULL,
  `modified` datetime DEFAULT NULL,
  PRIMARY KEY (`id`),
  UNIQUE KEY `school_role_UNIQUE` (`schoolId`,`name`),
  KEY `FK_Role_School_idx` (`schoolId`),
  CONSTRAINT `FK_Role_School` FOREIGN KEY (`schoolId`) REFERENCES `school` (`id`) ON DELETE NO ACTION ON UPDATE NO ACTION
) ENGINE=InnoDB AUTO_INCREMENT=44 DEFAULT CHARSET=utf8;
/*!40101 SET character_set_client = @saved_cs_client */;

--
-- Dumping data for table `role`
--

LOCK TABLES `role` WRITE;
/*!40000 ALTER TABLE `role` DISABLE KEYS */;
INSERT INTO `role` VALUES (1,NULL,'SuperAdmin','Super Administration','SuperAdmin',0,1,'2017-11-03 16:14:10',NULL,NULL),(2,NULL,'SchoolAdmin','School Admin','SchoolAdmin',0,1,'2017-11-03 16:14:10',NULL,NULL),(16,70,'Accounting assistant70','Responsible to define & view Fee heads and Fee plans','Accounting Assistant',0,42,'2017-11-10 11:37:00',42,'2017-11-10 11:37:27'),(20,70,'Accounting Manager70','Monitor finance related operations','Accounting Manager',0,42,'2017-11-10 11:43:10',42,NULL),(21,70,'Accounting supervisor70','Able to define adhoc fees and transport fee plans','Accounting supervisor',0,42,'2017-11-10 11:52:54',NULL,NULL),(22,70,'Financial reporting manager70','Supervising financial reports for each year','Financial reporting manager',1,42,'2017-11-10 11:53:22',42,NULL),(31,70,'Accountant analyst70','','Accountant analyst',0,46,'2017-11-13 09:31:24',NULL,NULL),(32,70,'Audit consultant70','','Audit consultant',0,42,'2017-11-13 10:09:20',46,'2017-11-13 10:34:40'),(33,71,'accountant Staff71','Responsible to handle fee heads and fee plans','accountant Staff',1,46,'2017-11-13 11:25:17',56,NULL),(34,71,'Finance head71','Responsible to set cost for each fee head','Finance head',1,46,'2017-11-13 11:26:44',56,NULL),(35,71,'abc35','','abc',1,46,'2017-11-15 10:04:04',56,NULL),(36,70,'accasistant36','acc asistant1','acc asistant',1,42,'2017-11-15 14:16:02',42,NULL),(37,70,'test37','test','test',1,42,'2017-11-15 14:33:47',42,NULL),(38,70,'test38','test','test',1,42,'2017-11-15 15:34:14',42,NULL),(39,71,'Mastermanager39','Responsible to create and maintain master data','Master manager',0,56,'2017-11-17 05:20:15',56,NULL),(40,70,'accasist40','','acc asist',0,42,'2017-11-17 13:41:16',42,NULL),(41,70,'Auditmanager41','','Audit manager',0,42,'2017-11-17 14:07:51',42,NULL),(42,71,'Accountantassistant42','','Accountant assistant',0,1,'2017-11-22 06:52:56',1,NULL),(43,98,'Backoffice43','Back office','Back office',0,42,'2017-12-05 09:27:55',42,NULL);
/*!40000 ALTER TABLE `role` ENABLE KEYS */;
UNLOCK TABLES;

--
-- Table structure for table `rolemapping`
--

DROP TABLE IF EXISTS `rolemapping`;
/*!40101 SET @saved_cs_client     = @@character_set_client */;
/*!40101 SET character_set_client = utf8 */;
CREATE TABLE `rolemapping` (
  `id` bigint(20) NOT NULL AUTO_INCREMENT,
  `principalType` varchar(45) NOT NULL DEFAULT 'USER',
  `principalId` bigint(20) NOT NULL,
  `roleId` bigint(20) NOT NULL,
  PRIMARY KEY (`id`),
  KEY `usermapping_idx` (`principalId`),
  KEY `roleMapping_idx` (`roleId`),
  CONSTRAINT `roleMapping` FOREIGN KEY (`roleId`) REFERENCES `role` (`id`) ON DELETE NO ACTION ON UPDATE NO ACTION,
  CONSTRAINT `usermapping` FOREIGN KEY (`principalId`) REFERENCES `user` (`id`) ON DELETE NO ACTION ON UPDATE NO ACTION
) ENGINE=InnoDB AUTO_INCREMENT=53 DEFAULT CHARSET=utf8;
/*!40101 SET character_set_client = @saved_cs_client */;

--
-- Dumping data for table `rolemapping`
--

LOCK TABLES `rolemapping` WRITE;
/*!40000 ALTER TABLE `rolemapping` DISABLE KEYS */;
INSERT INTO `rolemapping` VALUES (1,'USER',1,1),(26,'USER',42,2),(27,'USER',43,2),(28,'USER',44,16),(29,'USER',45,20),(30,'USER',46,2),(31,'USER',47,16),(32,'USER',48,32),(33,'USER',49,16),(34,'USER',50,31),(35,'USER',51,2),(36,'USER',52,2),(37,'USER',53,2),(38,'USER',54,2),(39,'USER',55,20),(40,'USER',56,2),(41,'USER',57,39),(42,'USER',58,2),(43,'USER',60,2),(44,'USER',61,2),(45,'USER',62,2),(46,'USER',63,2),(47,'USER',64,20),(48,'USER',65,20),(49,'USER',66,20),(50,'USER',67,39),(51,'USER',68,39),(52,'USER',69,16);
/*!40000 ALTER TABLE `rolemapping` ENABLE KEYS */;
UNLOCK TABLES;

--
-- Table structure for table `rolemenudetails`
--

DROP TABLE IF EXISTS `rolemenudetails`;
/*!40101 SET @saved_cs_client     = @@character_set_client */;
/*!40101 SET character_set_client = utf8 */;
CREATE TABLE `rolemenudetails` (
  `id` bigint(20) NOT NULL AUTO_INCREMENT,
  `roleId` bigint(20) NOT NULL,
  `menuId` bigint(20) NOT NULL,
  `createdBy` bigint(20) NOT NULL,
  `createdOn` datetime NOT NULL DEFAULT CURRENT_TIMESTAMP,
  `updatedBy` bigint(20) DEFAULT NULL,
  `updatedOn` datetime DEFAULT NULL,
  PRIMARY KEY (`id`),
  UNIQUE KEY `role_menu_UNIQUE` (`roleId`,`menuId`),
  KEY `FK_RoleMenuAction_Role_idx` (`roleId`),
  KEY `FK_RoleMenuAction_Menu_idx` (`menuId`),
  CONSTRAINT `FK_RoleMenuAction_Menu` FOREIGN KEY (`menuId`) REFERENCES `menu` (`id`) ON DELETE NO ACTION ON UPDATE NO ACTION,
  CONSTRAINT `FK_RoleMenuAction_Role` FOREIGN KEY (`roleId`) REFERENCES `role` (`id`) ON DELETE NO ACTION ON UPDATE NO ACTION
) ENGINE=InnoDB AUTO_INCREMENT=36 DEFAULT CHARSET=utf8;
/*!40101 SET character_set_client = @saved_cs_client */;

--
-- Dumping data for table `rolemenudetails`
--

LOCK TABLES `rolemenudetails` WRITE;
/*!40000 ALTER TABLE `rolemenudetails` DISABLE KEYS */;
INSERT INTO `rolemenudetails` VALUES (1,1,1,1,'2017-11-03 12:20:07',NULL,NULL),(2,1,2,1,'2017-11-03 12:20:07',NULL,NULL),(3,1,3,1,'2017-11-03 12:20:07',NULL,NULL),(4,1,4,1,'2017-11-03 12:20:07',NULL,NULL),(5,1,5,1,'2017-11-03 12:20:07',NULL,NULL),(6,1,6,1,'2017-11-03 12:20:07',NULL,NULL),(7,1,7,1,'2017-11-03 12:20:07',NULL,NULL),(8,1,8,1,'2017-11-03 12:20:07',NULL,NULL),(9,1,9,1,'2017-11-03 12:20:07',NULL,NULL),(10,1,10,1,'2017-11-03 12:20:07',NULL,NULL),(11,1,11,1,'2017-11-03 12:20:07',NULL,NULL),(12,1,12,1,'2017-11-03 12:20:07',NULL,NULL),(13,1,13,1,'2017-11-03 12:20:07',NULL,NULL),(14,1,14,1,'2017-11-03 12:20:07',NULL,NULL),(15,1,15,1,'2017-11-03 12:20:07',NULL,NULL),(16,1,16,1,'2017-11-03 12:20:07',NULL,NULL),(17,1,17,1,'2017-11-03 13:16:14',NULL,NULL),(18,2,4,1,'2017-11-03 14:03:33',NULL,NULL),(19,2,5,1,'2017-11-03 14:03:33',NULL,NULL),(21,2,7,1,'2017-11-03 14:03:33',NULL,NULL),(22,2,8,1,'2017-11-03 14:03:33',NULL,NULL),(24,2,10,1,'2017-11-03 14:03:33',NULL,NULL),(25,2,11,1,'2017-11-03 14:03:33',NULL,NULL),(26,2,12,1,'2017-11-03 14:03:33',NULL,NULL),(27,2,13,1,'2017-11-03 14:03:33',NULL,NULL),(28,2,14,1,'2017-11-03 14:03:33',NULL,NULL),(29,2,15,1,'2017-11-03 14:03:33',NULL,NULL),(30,2,16,1,'2017-11-03 14:03:33',NULL,NULL),(31,2,17,1,'2017-11-03 14:03:33',NULL,NULL),(33,1,18,1,'2017-11-30 10:59:27',NULL,NULL),(34,2,18,1,'2017-11-30 10:59:27',NULL,NULL),(35,2,9,1,'2017-12-04 17:45:04',NULL,NULL);
/*!40000 ALTER TABLE `rolemenudetails` ENABLE KEYS */;
UNLOCK TABLES;

--
-- Table structure for table `rolepermissiondetails`
--

DROP TABLE IF EXISTS `rolepermissiondetails`;
/*!40101 SET @saved_cs_client     = @@character_set_client */;
/*!40101 SET character_set_client = utf8 */;
CREATE TABLE `rolepermissiondetails` (
  `id` bigint(20) NOT NULL AUTO_INCREMENT,
  `roleId` bigint(20) NOT NULL,
  `permissionId` bigint(20) NOT NULL,
  `permissionName` varchar(50) NOT NULL,
  `createdBy` bigint(20) NOT NULL,
  `createdOn` datetime NOT NULL DEFAULT CURRENT_TIMESTAMP,
  `updatedBy` bigint(20) DEFAULT NULL,
  `updatedOn` datetime DEFAULT NULL,
  PRIMARY KEY (`id`),
  UNIQUE KEY `role_permission_UNIQUE` (`roleId`,`permissionId`),
  KEY `FK_RolePermission_Role_idx` (`roleId`),
  KEY `FK_RolePermission_Permission_idx` (`permissionId`),
  CONSTRAINT `FK_RolePermission_Permission` FOREIGN KEY (`permissionId`) REFERENCES `permission` (`id`) ON DELETE NO ACTION ON UPDATE NO ACTION,
  CONSTRAINT `FK_RolePermission_Role` FOREIGN KEY (`roleId`) REFERENCES `role` (`id`) ON DELETE NO ACTION ON UPDATE NO ACTION
) ENGINE=InnoDB AUTO_INCREMENT=1778 DEFAULT CHARSET=utf8;
/*!40101 SET character_set_client = @saved_cs_client */;

--
-- Dumping data for table `rolepermissiondetails`
--

LOCK TABLES `rolepermissiondetails` WRITE;
/*!40000 ALTER TABLE `rolepermissiondetails` DISABLE KEYS */;
INSERT INTO `rolepermissiondetails` VALUES (1,1,1,'Institute.Create',1,'2017-11-03 13:56:01',NULL,NULL),(2,1,2,'Institute.Read',1,'2017-11-03 13:56:01',NULL,NULL),(3,1,3,'Institute.Update',1,'2017-11-03 13:56:01',NULL,NULL),(4,1,4,'Institute.Delete',1,'2017-11-03 13:56:01',NULL,NULL),(5,1,5,'Board.Create',1,'2017-11-03 13:56:01',NULL,NULL),(6,1,6,'Board.Read',1,'2017-11-03 13:56:01',NULL,NULL),(7,1,7,'Board.Update',1,'2017-11-03 13:56:01',NULL,NULL),(8,1,8,'Board.Delete',1,'2017-11-03 13:56:01',NULL,NULL),(9,1,9,'School.Create',1,'2017-11-03 13:56:01',NULL,NULL),(10,1,10,'School.Read',1,'2017-11-03 13:56:01',NULL,NULL),(11,1,11,'School.Update',1,'2017-11-03 13:56:01',NULL,NULL),(12,1,12,'School.Delete',1,'2017-11-03 13:56:01',NULL,NULL),(13,1,13,'Role.Create',1,'2017-11-03 13:56:01',NULL,NULL),(14,1,14,'Role.Read',1,'2017-11-03 13:56:01',NULL,NULL),(15,1,15,'Role.Update',1,'2017-11-03 13:56:01',NULL,NULL),(16,1,16,'Role.Delete',1,'2017-11-03 13:56:01',NULL,NULL),(17,1,17,'User.Create',1,'2017-11-03 13:56:01',NULL,NULL),(18,1,18,'User.Read',1,'2017-11-03 13:56:01',NULL,NULL),(19,1,19,'User.Update',1,'2017-11-03 13:56:01',NULL,NULL),(20,1,20,'User.Delete',1,'2017-11-03 13:56:01',NULL,NULL),(21,1,21,'Frequency.Create',1,'2017-11-03 13:56:01',NULL,NULL),(22,1,22,'Frequency.Read',1,'2017-11-03 13:56:01',NULL,NULL),(23,1,23,'Frequency.Update',1,'2017-11-03 13:56:01',NULL,NULL),(24,1,24,'Frequency.Delete',1,'2017-11-03 13:56:01',NULL,NULL),(25,1,25,'Class.Create',1,'2017-11-03 13:56:01',NULL,NULL),(26,1,26,'Class.Read',1,'2017-11-03 13:56:01',NULL,NULL),(27,1,27,'Class.Update',1,'2017-11-03 13:56:01',NULL,NULL),(28,1,28,'Class.Delete',1,'2017-11-03 13:56:01',NULL,NULL),(29,1,29,'Division.Create',1,'2017-11-03 13:56:01',NULL,NULL),(30,1,30,'Division.Read',1,'2017-11-03 13:56:01',NULL,NULL),(31,1,31,'Division.Update',1,'2017-11-03 13:56:01',NULL,NULL),(32,1,32,'Division.Delete',1,'2017-11-03 13:56:01',NULL,NULL),(33,1,33,'Category.Create',1,'2017-11-03 13:56:01',NULL,NULL),(34,1,34,'Category.Read',1,'2017-11-03 13:56:01',NULL,NULL),(35,1,35,'Category.Update',1,'2017-11-03 13:56:01',NULL,NULL),(36,1,36,'Category.Delete',1,'2017-11-03 13:56:01',NULL,NULL),(37,1,37,'Feehead.Create',1,'2017-11-03 13:56:01',NULL,NULL),(38,1,38,'Feehead.Read',1,'2017-11-03 13:56:01',NULL,NULL),(39,1,39,'Feehead.Update',1,'2017-11-03 13:56:01',NULL,NULL),(40,1,40,'Feehead.Delete',1,'2017-11-03 13:56:01',NULL,NULL),(41,1,41,'Feeplan.Create',1,'2017-11-03 13:56:01',NULL,NULL),(42,1,42,'Feeplan.Read',1,'2017-11-03 13:56:01',NULL,NULL),(43,1,43,'Feeplan.Update',1,'2017-11-03 13:56:01',NULL,NULL),(44,1,44,'Feeplan.Delete',1,'2017-11-03 13:56:01',NULL,NULL),(45,1,45,'Zone.Create',1,'2017-11-03 13:56:01',NULL,NULL),(46,1,46,'Zone.Read',1,'2017-11-03 13:56:01',NULL,NULL),(47,1,47,'Zone.Update',1,'2017-11-03 13:56:01',NULL,NULL),(48,1,48,'Zone.Delete',1,'2017-11-03 13:56:01',NULL,NULL),(49,1,49,'Adhocfee.Create',1,'2017-11-03 13:56:01',NULL,NULL),(50,1,50,'Adhocfee.Read',1,'2017-11-03 13:56:01',NULL,NULL),(51,1,51,'Adhocfee.Update',1,'2017-11-03 13:56:01',NULL,NULL),(52,1,52,'Adhocfee.Delete',1,'2017-11-03 13:56:01',NULL,NULL),(53,1,53,'Student.Create',1,'2017-11-03 13:56:01',NULL,NULL),(54,1,54,'Student.Read',1,'2017-11-03 13:56:01',NULL,NULL),(55,1,55,'Student.Update',1,'2017-11-03 13:56:01',NULL,NULL),(56,1,56,'Student.Delete',1,'2017-11-03 13:56:01',NULL,NULL),(57,1,57,'ProcessFee.Create',1,'2017-11-03 13:56:01',NULL,NULL),(58,1,58,'ProcessFee.Read',1,'2017-11-03 13:56:01',NULL,NULL),(59,1,59,'ProcessFee.Update',1,'2017-11-03 13:56:01',NULL,NULL),(60,1,60,'ProcessFee.Delete',1,'2017-11-03 13:56:01',NULL,NULL),(61,1,61,'Report.Create',1,'2017-11-03 13:56:01',NULL,NULL),(62,1,62,'Report.Read',1,'2017-11-03 13:56:01',NULL,NULL),(63,1,63,'Report.Update',1,'2017-11-03 13:56:01',NULL,NULL),(64,1,64,'Report.Delete',1,'2017-11-03 13:56:01',NULL,NULL),(65,1,65,'AcademicYear.Create',1,'2017-11-03 13:56:01',NULL,NULL),(66,1,66,'AcademicYear.Read',1,'2017-11-03 13:56:01',NULL,NULL),(67,1,67,'AcademicYear.Update',1,'2017-11-03 13:56:01',NULL,NULL),(68,1,68,'AcademicYear.Delete',1,'2017-11-03 13:56:01',NULL,NULL),(69,2,13,'Role.Create',1,'2017-11-03 14:06:07',NULL,NULL),(70,2,14,'Role.Read',1,'2017-11-03 14:06:07',NULL,NULL),(71,2,15,'Role.Update',1,'2017-11-03 14:06:07',NULL,NULL),(72,2,16,'Role.Delete',1,'2017-11-03 14:06:07',NULL,NULL),(73,2,17,'User.Create',1,'2017-11-03 14:06:07',NULL,NULL),(74,2,18,'User.Read',1,'2017-11-03 14:06:07',NULL,NULL),(75,2,19,'User.Update',1,'2017-11-03 14:06:07',NULL,NULL),(76,2,20,'User.Delete',1,'2017-11-03 14:06:07',NULL,NULL),(81,2,25,'Class.Create',1,'2017-11-03 14:06:07',NULL,NULL),(82,2,26,'Class.Read',1,'2017-11-03 14:06:07',NULL,NULL),(83,2,27,'Class.Update',1,'2017-11-03 14:06:07',NULL,NULL),(84,2,28,'Class.Delete',1,'2017-11-03 14:06:07',NULL,NULL),(85,2,29,'Division.Create',1,'2017-11-03 14:06:07',NULL,NULL),(86,2,30,'Division.Read',1,'2017-11-03 14:06:07',NULL,NULL),(87,2,31,'Division.Update',1,'2017-11-03 14:06:07',NULL,NULL),(88,2,32,'Division.Delete',1,'2017-11-03 14:06:07',NULL,NULL),(93,2,37,'Feehead.Create',1,'2017-11-03 14:06:07',NULL,NULL),(94,2,38,'Feehead.Read',1,'2017-11-03 14:06:07',NULL,NULL),(95,2,39,'Feehead.Update',1,'2017-11-03 14:06:07',NULL,NULL),(96,2,40,'Feehead.Delete',1,'2017-11-03 14:06:07',NULL,NULL),(97,2,41,'Feeplan.Create',1,'2017-11-03 14:06:07',NULL,NULL),(98,2,42,'Feeplan.Read',1,'2017-11-03 14:06:07',NULL,NULL),(99,2,43,'Feeplan.Update',1,'2017-11-03 14:06:07',NULL,NULL),(100,2,44,'Feeplan.Delete',1,'2017-11-03 14:06:07',NULL,NULL),(101,2,45,'Zone.Create',1,'2017-11-03 14:06:07',NULL,NULL),(102,2,46,'Zone.Read',1,'2017-11-03 14:06:07',NULL,NULL),(103,2,47,'Zone.Update',1,'2017-11-03 14:06:07',NULL,NULL),(104,2,48,'Zone.Delete',1,'2017-11-03 14:06:07',NULL,NULL),(105,2,49,'Adhocfee.Create',1,'2017-11-03 14:06:07',NULL,NULL),(106,2,50,'Adhocfee.Read',1,'2017-11-03 14:06:07',NULL,NULL),(107,2,51,'Adhocfee.Update',1,'2017-11-03 14:06:07',NULL,NULL),(108,2,52,'Adhocfee.Delete',1,'2017-11-03 14:06:07',NULL,NULL),(109,2,53,'Student.Create',1,'2017-11-03 14:06:07',NULL,NULL),(110,2,54,'Student.Read',1,'2017-11-03 14:06:07',NULL,NULL),(111,2,55,'Student.Update',1,'2017-11-03 14:06:07',NULL,NULL),(112,2,56,'Student.Delete',1,'2017-11-03 14:06:07',NULL,NULL),(113,2,57,'ProcessFee.Create',1,'2017-11-03 14:06:07',NULL,NULL),(114,2,58,'ProcessFee.Read',1,'2017-11-03 14:06:07',NULL,NULL),(115,2,59,'ProcessFee.Update',1,'2017-11-03 14:06:07',NULL,NULL),(116,2,60,'ProcessFee.Delete',1,'2017-11-03 14:06:07',NULL,NULL),(117,2,61,'Report.Create',1,'2017-11-03 14:06:07',NULL,NULL),(118,2,62,'Report.Read',1,'2017-11-03 14:06:07',NULL,NULL),(119,2,63,'Report.Update',1,'2017-11-03 14:06:07',NULL,NULL),(120,2,64,'Report.Delete',1,'2017-11-03 14:06:07',NULL,NULL),(1593,21,17,'User.Create',46,'2017-11-13 05:22:34',NULL,NULL),(1594,21,13,'Role.Create',46,'2017-11-13 05:22:49',NULL,NULL),(1595,21,15,'Role.Update',46,'2017-11-13 05:22:54',NULL,NULL),(1596,21,14,'Role.Read',46,'2017-11-13 05:22:56',NULL,NULL),(1605,16,25,'Class.Create',42,'2017-11-14 06:18:52',NULL,NULL),(1606,16,26,'Class.Read',42,'2017-11-14 06:18:55',NULL,NULL),(1607,16,53,'Student.Create',42,'2017-11-14 06:19:02',NULL,NULL),(1608,16,61,'Report.Create',42,'2017-11-14 06:27:47',NULL,NULL),(1610,16,62,'Report.Read',42,'2017-11-14 06:28:37',NULL,NULL),(1611,16,76,'Class.Update',42,'2017-11-15 12:47:58',NULL,NULL),(1619,20,103,'Student.Read',42,'2017-11-16 06:07:38',NULL,NULL),(1622,20,75,'Class.Read',42,'2017-11-16 06:22:39',NULL,NULL),(1623,20,76,'Class.Update',42,'2017-11-16 06:23:40',NULL,NULL),(1625,20,74,'Class.Create',42,'2017-11-16 06:28:06',NULL,NULL),(1626,20,77,'Class.Delete',42,'2017-11-16 06:28:54',NULL,NULL),(1627,20,79,'Division.Read',42,'2017-11-16 06:29:29',NULL,NULL),(1628,20,80,'Division.Update',42,'2017-11-16 06:30:09',NULL,NULL),(1629,20,78,'Division.Create',42,'2017-11-16 06:31:03',NULL,NULL),(1634,20,81,'Division.Delete',42,'2017-11-16 06:46:53',NULL,NULL),(1636,20,87,'Feehead.Read',42,'2017-11-16 06:59:19',NULL,NULL),(1639,20,91,'Feeplan.Read',42,'2017-11-16 07:01:14',NULL,NULL),(1640,20,90,'Feeplan.Create',42,'2017-11-16 07:01:36',NULL,NULL),(1641,20,107,'ProcessFee.Read',42,'2017-11-16 07:02:03',NULL,NULL),(1643,20,88,'Feehead.Update',42,'2017-11-16 16:39:19',NULL,NULL),(1644,20,102,'Student.Create',42,'2017-11-16 16:40:10',NULL,NULL),(1674,39,87,'Feehead.Read',56,'2017-11-17 06:42:13',NULL,NULL),(1675,39,86,'Feehead.Create',56,'2017-11-17 06:42:17',NULL,NULL),(1676,39,88,'Feehead.Update',56,'2017-11-17 06:42:21',NULL,NULL),(1677,39,74,'Class.Create',56,'2017-11-17 06:42:29',NULL,NULL),(1678,39,75,'Class.Read',56,'2017-11-17 06:42:32',NULL,NULL),(1679,39,79,'Division.Read',56,'2017-11-17 06:42:40',NULL,NULL),(1680,39,78,'Division.Create',56,'2017-11-17 06:42:43',NULL,NULL),(1681,39,95,'Transport.Read',56,'2017-11-17 06:42:53',NULL,NULL),(1682,39,94,'Transport.Create',56,'2017-11-17 06:42:56',NULL,NULL),(1683,39,104,'Student.Update',56,'2017-11-17 06:43:04',NULL,NULL),(1684,39,103,'Student.Read',56,'2017-11-17 06:43:07',NULL,NULL),(1685,39,102,'Student.Create',56,'2017-11-17 06:43:09',NULL,NULL),(1691,39,110,'Report.Create',56,'2017-11-17 07:00:49',NULL,NULL),(1692,39,111,'Report.Read',56,'2017-11-17 07:00:57',NULL,NULL),(1693,39,113,'Report.Delete',56,'2017-11-17 07:01:01',NULL,NULL),(1694,39,106,'ProcessFee.Create',56,'2017-11-17 07:01:09',NULL,NULL),(1695,39,108,'ProcessFee.Update',56,'2017-11-17 07:01:11',NULL,NULL),(1696,16,77,'Class.Delete',46,'2017-11-17 10:03:23',NULL,NULL),(1697,16,78,'Division.Create',46,'2017-11-17 10:03:35',NULL,NULL),(1698,16,80,'Division.Update',46,'2017-11-17 10:03:38',NULL,NULL),(1699,16,79,'Division.Read',46,'2017-11-17 10:03:42',NULL,NULL),(1700,16,81,'Division.Delete',46,'2017-11-17 10:03:45',NULL,NULL),(1701,40,74,'Class.Create',42,'2017-11-17 13:42:18',NULL,NULL),(1702,40,75,'Class.Read',42,'2017-11-17 13:42:28',NULL,NULL),(1703,40,77,'Class.Delete',42,'2017-11-17 13:42:32',NULL,NULL),(1704,41,75,'Class.Read',42,'2017-11-17 14:09:15',NULL,NULL),(1705,41,74,'Class.Create',42,'2017-11-17 14:09:26',NULL,NULL),(1706,41,76,'Class.Update',42,'2017-11-17 14:09:31',NULL,NULL),(1709,2,118,'Feeplanassociation.Create',1,'2017-11-27 15:30:26',NULL,NULL),(1710,2,119,'Feeplanassociation.Read',1,'2017-11-27 15:30:26',NULL,NULL),(1711,2,120,'Feeplanassociation.Update',1,'2017-11-27 15:30:26',NULL,NULL),(1712,2,121,'Feeplanassociation.Delete',1,'2017-11-27 15:30:27',NULL,NULL),(1713,1,122,'Feeplanassociation.Create',1,'2017-11-27 15:30:27',NULL,NULL),(1714,1,123,'Feeplanassociation.Read',1,'2017-11-27 15:30:27',NULL,NULL),(1715,1,124,'Feeplanassociation.Update',1,'2017-11-27 15:30:27',NULL,NULL),(1716,1,125,'Feeplanassociation.Delete',1,'2017-11-27 15:30:28',NULL,NULL),(1730,16,103,'Student.Read',42,'2017-12-01 05:47:22',NULL,NULL),(1732,20,119,'Feeplanassociation.Read',42,'2017-12-01 07:08:49',NULL,NULL),(1733,20,118,'Feeplanassociation.Create',42,'2017-12-01 07:08:53',NULL,NULL),(1734,20,121,'Feeplanassociation.Delete',42,'2017-12-01 07:08:57',NULL,NULL),(1735,20,120,'Feeplanassociation.Update',42,'2017-12-01 07:09:03',NULL,NULL),(1758,16,86,'Feehead.Create',42,'2017-12-01 09:51:48',NULL,NULL),(1759,16,88,'Feehead.Update',42,'2017-12-01 09:51:51',NULL,NULL),(1760,16,87,'Feehead.Read',42,'2017-12-01 09:51:54',NULL,NULL),(1761,16,90,'Feeplan.Create',42,'2017-12-01 09:52:01',NULL,NULL),(1762,16,92,'Feeplan.Update',42,'2017-12-01 09:52:04',NULL,NULL),(1763,16,91,'Feeplan.Read',42,'2017-12-01 09:52:08',NULL,NULL),(1764,16,94,'Zone.Create',42,'2017-12-01 09:52:17',NULL,NULL),(1765,16,96,'Zone.Update',42,'2017-12-01 09:52:20',NULL,NULL),(1766,16,97,'Zone.Delete',42,'2017-12-01 09:52:24',NULL,NULL),(1767,16,95,'Zone.Read',42,'2017-12-01 09:52:26',NULL,NULL),(1768,16,119,'Feeplanassociation.Read',42,'2017-12-01 09:52:34',NULL,NULL),(1769,16,120,'Feeplanassociation.Update',42,'2017-12-01 09:52:37',NULL,NULL),(1770,16,118,'Feeplanassociation.Create',42,'2017-12-01 09:52:40',NULL,NULL),(1771,16,98,'Adhocfee.Create',42,'2017-12-01 09:55:26',NULL,NULL),(1772,16,100,'Adhocfee.Update',42,'2017-12-01 09:55:29',NULL,NULL),(1773,16,99,'Adhocfee.Read',42,'2017-12-01 09:55:33',NULL,NULL),(1774,2,33,'Category.Create',1,'2017-12-04 17:48:18',NULL,NULL),(1775,2,34,'Category.Read',1,'2017-12-04 17:48:18',NULL,NULL),(1776,2,35,'Category.Update',1,'2017-12-04 17:48:18',NULL,NULL),(1777,2,36,'Category.Delete',1,'2017-12-04 17:48:18',NULL,NULL);
/*!40000 ALTER TABLE `rolepermissiondetails` ENABLE KEYS */;
UNLOCK TABLES;

--
-- Table structure for table `roleschooldetails`
--

DROP TABLE IF EXISTS `roleschooldetails`;
/*!40101 SET @saved_cs_client     = @@character_set_client */;
/*!40101 SET character_set_client = utf8 */;
CREATE TABLE `roleschooldetails` (
  `id` bigint(20) NOT NULL AUTO_INCREMENT,
  `roleId` bigint(20) NOT NULL,
  `schoolId` bigint(20) NOT NULL,
  `createdBy` bigint(20) NOT NULL,
  `createdOn` datetime NOT NULL DEFAULT CURRENT_TIMESTAMP,
  `updatedBy` bigint(20) DEFAULT NULL,
  `updatedOn` datetime DEFAULT NULL,
  PRIMARY KEY (`id`),
  UNIQUE KEY `role_school_UNIQUE` (`roleId`,`schoolId`),
  KEY `FK_UserSchoolDetails_School_idx` (`schoolId`),
  KEY `FK_UserSchoolDetails_User_idx` (`roleId`),
  CONSTRAINT `FK_RoleSchoolDetails_Role` FOREIGN KEY (`roleId`) REFERENCES `role` (`id`) ON DELETE NO ACTION ON UPDATE NO ACTION,
  CONSTRAINT `FK_RoleSchoolDetails_School` FOREIGN KEY (`schoolId`) REFERENCES `school` (`id`) ON DELETE NO ACTION ON UPDATE NO ACTION
) ENGINE=InnoDB DEFAULT CHARSET=utf8;
/*!40101 SET character_set_client = @saved_cs_client */;

--
-- Dumping data for table `roleschooldetails`
--

LOCK TABLES `roleschooldetails` WRITE;
/*!40000 ALTER TABLE `roleschooldetails` DISABLE KEYS */;
/*!40000 ALTER TABLE `roleschooldetails` ENABLE KEYS */;
UNLOCK TABLES;

--
-- Table structure for table `school`
--

DROP TABLE IF EXISTS `school`;
/*!40101 SET @saved_cs_client     = @@character_set_client */;
/*!40101 SET character_set_client = utf8 */;
CREATE TABLE `school` (
  `id` bigint(20) NOT NULL AUTO_INCREMENT,
  `instituteId` bigint(20) NOT NULL,
  `boardId` bigint(20) NOT NULL,
  `schoolName` varchar(100) NOT NULL,
  `schoolCode` varchar(50) NOT NULL,
  `schoolEmail` varchar(254) DEFAULT NULL,
  `schoolPhone` varchar(20) DEFAULT NULL,
  `schoolAddress` varchar(500) DEFAULT NULL,
  `schoolCity` varchar(50) DEFAULT NULL,
  `schoolState` varchar(50) DEFAULT NULL,
  `schoolCountry` varchar(50) DEFAULT NULL,
  `schoolLogo` varchar(50) DEFAULT NULL,
  `schoolHeader` varchar(50) NOT NULL,
  `processingDate` int(2) NOT NULL,
  `graceDays` int(2) NOT NULL,
  `isDelete` tinyint(1) DEFAULT '0',
  `createdBy` bigint(20) NOT NULL,
  `createdOn` datetime NOT NULL DEFAULT CURRENT_TIMESTAMP,
  `updatedBy` bigint(20) DEFAULT NULL,
  `updatedOn` datetime DEFAULT NULL,
  PRIMARY KEY (`id`),
  UNIQUE KEY `schoolName_UNIQUE` (`schoolName`),
  UNIQUE KEY `schoolCode_UNIQUE` (`schoolCode`),
  KEY `FK_School_Institute_idx` (`instituteId`),
  KEY `FK_School_Board_idx` (`boardId`),
  CONSTRAINT `FK_School_Board` FOREIGN KEY (`boardId`) REFERENCES `board` (`id`) ON DELETE NO ACTION ON UPDATE NO ACTION,
  CONSTRAINT `FK_School_Institute` FOREIGN KEY (`instituteId`) REFERENCES `institute` (`id`) ON DELETE NO ACTION ON UPDATE NO ACTION
) ENGINE=InnoDB AUTO_INCREMENT=100 DEFAULT CHARSET=utf8;
/*!40101 SET character_set_client = @saved_cs_client */;

--
-- Dumping data for table `school`
--

LOCK TABLES `school` WRITE;
/*!40000 ALTER TABLE `school` DISABLE KEYS */;
INSERT INTO `school` VALUES (70,27,1,'St. Xavier School','X001','abc@yahoo.com','9762982700','3, Narveer Tanaji Malusare Rd, Vittalvadi, Narveer Tanaji Malusare Rd, Vittalvadi','Pune','Maharashtra',NULL,'/api/containers/70/download/logosample.jpg','St.Xavier',5,15,0,1,'2017-11-10 11:01:05',1,'2017-12-05 07:24:48'),(71,27,2,'St.Vincent\'s high school','X002','abcd@gmail.com','9762982700','No. 2005/2006, St. Vincent\'s Street, Opposite Shivaji Market, Camp','Pune','Maharashtra',NULL,'logoImg.jpg','St.Vincent',10,15,0,1,'2017-11-10 11:02:33',1,'2017-11-30 07:08:47'),(72,29,2,'Symbiosis International School','SM001','hpz2w@slipry.net','9822053665','Gate No. 3, Symbiosis Viman Nagar Campus, Off., New Airport Rd, Viman Nagar, Pune, Maharashtra 411014','Pune','Maharashtra',NULL,'logoImg.jpg','Symbi International',1,10,0,1,'2017-11-13 05:37:37',1,'2017-11-17 10:35:36'),(74,29,2,'Symbiosis Institute of Management Studies','SM002','','','Khadki, Range Hill Rd, Pune, Maharashtra 411020','','',NULL,'logo.png','SIMS',1,10,0,1,'2017-11-13 06:49:45',NULL,NULL),(80,29,1,'Symboisis school of economics','SM004','abc@yahoo.com','54655461631','hjk','Pune','kkbk',NULL,'logo.png','SSE',1,10,0,1,'2017-11-13 07:37:29',1,'2017-11-17 11:11:07'),(82,29,1,'Symbiosis Institute of Management Studies(CBSC)','sm005','','','','','',NULL,'logo.png','SIMS',1,10,0,1,'2017-11-13 09:24:25',1,'2017-11-15 13:28:03'),(83,30,1,'The Bishop\'s Co-Ed School','BP01','','','Plot No. 78, Yerawada Town Planning Scheme, Near Pepsi Godown, Village Yerawada, Kalyani Nagar, ','Pune','Maharashtra',NULL,'logo.png','Bishop',1,10,0,1,'2017-11-13 09:26:55',1,'2017-11-13 09:27:47'),(84,30,2,'The Bishop\'s School','BS002','abc@bishop.com','7894561231','S.No.16/7, Hadapsar Rd, Undri, Pune, Maharashtra 411028','Pune','Maharsatra',NULL,'logoImg.jpg','Bishop school',1,10,0,1,'2017-11-16 09:17:49',1,'2017-11-16 09:24:04'),(87,30,2,'The Bishop\'s School (ICSC)','BS003','abc@bishop.com','7894561231','S.No.16/7, Hadapsar Rd, Undri, Pune, Maharashtra 411028','Pune','Maharsatra',NULL,NULL,'Bishop school',1,10,0,1,'2017-11-16 09:18:25',1,'2017-11-16 09:20:35'),(88,30,2,'The Bishop\'s Co-Ed School (ICSC)','BS005','abc2@yahoo.com','7894561230','Plot No. 78, Yerawada Town Planning Scheme, Near Pepsi Godown, Village Yerawada, Kalyani Nagar, Pune, Maharashtra 411006','Pune','Maharashtra',NULL,NULL,'Bishop\'s Co-Ed School',1,10,0,1,'2017-11-16 09:25:17',NULL,NULL),(89,29,3,'Symbiosis Institute of Management Studies (SSE)','S007','abc@bishop2.com','9354353656','df','fsd','fsd',NULL,NULL,'Symbiosis Institute of Management Studies',1,10,1,1,'2017-11-16 09:28:09',1,'2017-11-16 16:04:18'),(90,29,2,'Symb, Pune','SYMB','pune@pune.com','9999999999','Pune','Pune','Pune',NULL,NULL,'SYMB',1,10,1,1,'2017-11-16 13:45:48',1,'2017-11-16 13:46:05'),(91,33,8,'fgdg','df','as@xsf.no','9654656666','fsd','dfs','sfs',NULL,NULL,'fg',1,10,1,1,'2017-11-17 07:47:26',1,'2017-11-17 10:45:33'),(93,27,2,'St. Xavier school (ICSC)','X003','abc@xaiver.com','111111111111555','3, Narveer Tanaji Malusare Rd, Vittalvadi, Narveer Tanaji Malusare Rd, Vittalvadi, Hingne Khurd, Pune, Maharashtra 411051','Pune','Maharashtra ',NULL,NULL,'St. Xavier school',1,10,0,1,'2017-11-17 09:55:55',1,'2017-11-17 10:11:51'),(94,29,3,'symbi','s09','hpz30@slipry.net','35535345435465','afsds','dsfsd','sfsdf',NULL,'logosample.jpg','sym,bi',1,10,0,1,'2017-11-17 10:53:46',1,'2017-11-17 11:07:19'),(95,30,2,'fgd','gdfg','hpz31@slipry.net','9898797897','dgf','gdf','dgf',NULL,NULL,'gfd',1,10,0,1,'2017-11-17 11:08:57',NULL,NULL),(96,35,2,'fghgfh','fghf','hpz32@slipry.net','8798800900','hgfh','fhfg','fhg',NULL,NULL,'fghfg',1,10,1,1,'2017-11-17 11:10:06',1,'2017-11-17 12:08:00'),(97,33,2,'afdsgdfgdf','regbegr','fsd@fd.com','9789789787','gregr','gre','er',NULL,'logosample.jpg','gdffdg',1,10,1,1,'2017-11-17 12:03:28',1,'2017-11-17 12:08:05'),(98,27,2,'St. Francis high school','SC001','abhi@gmail.com','5467889880','Pune','Pune','Maharashtra',NULL,'logosample.jpg','St. Francis high school',5,10,0,1,'2017-11-20 12:21:03',1,'2017-11-30 07:09:32'),(99,33,2,'Dr. DY patil Talegoan','DY002','admin@dy.com','7894544566','Talegaon','Talegaon','Maharashtra',NULL,'/api/containers/99/download/logosample.jpg','Dr. DY patil Talegoan',5,15,0,1,'2017-11-30 07:08:07',1,'2017-11-30 07:08:08');
/*!40000 ALTER TABLE `school` ENABLE KEYS */;
UNLOCK TABLES;

--
-- Table structure for table `schoolmerchant`
--

DROP TABLE IF EXISTS `schoolmerchant`;
/*!40101 SET @saved_cs_client     = @@character_set_client */;
/*!40101 SET character_set_client = utf8 */;
CREATE TABLE `schoolmerchant` (
  `id` bigint(20) NOT NULL AUTO_INCREMENT,
  `schoolId` bigint(20) NOT NULL,
  `merchantId` varchar(12) NOT NULL,
  `securityKey` varchar(64) NOT NULL,
  `isDefault` tinyint(1) DEFAULT '0',
  `isDelete` tinyint(1) DEFAULT '0',
  `createdBy` bigint(20) NOT NULL,
  `createdOn` datetime NOT NULL DEFAULT CURRENT_TIMESTAMP,
  `updatedBy` bigint(20) DEFAULT NULL,
  `updatedOn` datetime DEFAULT NULL,
  PRIMARY KEY (`id`),
  UNIQUE KEY `school_merchant_UNIQE` (`schoolId`,`merchantId`),
  KEY `FK_SchoolMerchant_School_idx` (`schoolId`),
  CONSTRAINT `FK_SchoolMerchant_School` FOREIGN KEY (`schoolId`) REFERENCES `schoolfeesystem`.`school` (`id`) ON DELETE NO ACTION ON UPDATE NO ACTION
) ENGINE=InnoDB AUTO_INCREMENT=16 DEFAULT CHARSET=utf8;
/*!40101 SET character_set_client = @saved_cs_client */;

--
-- Dumping data for table `schoolmerchant`
--

LOCK TABLES `schoolmerchant` WRITE;
/*!40000 ALTER TABLE `schoolmerchant` DISABLE KEYS */;
INSERT INTO `schoolmerchant` VALUES (1,71,'VIN001','espl@123',0,0,1,'2017-11-27 06:07:33',1,'2017-11-30 09:13:15'),(2,72,'SYM001','1234',1,0,1,'2017-11-27 07:16:00',1,'2017-11-27 07:16:11'),(3,84,'B0011','1234',0,1,1,'2017-11-27 07:30:58',1,'2017-11-27 07:36:11'),(7,71,'VIN002','espl@123',0,0,1,'2017-11-30 09:09:15',1,'2017-11-30 10:47:50'),(8,71,'VIN003','espl@123',0,0,1,'2017-11-30 09:13:09',NULL,NULL),(11,71,'VIN004','espl@123',1,0,1,'2017-11-30 10:47:50',NULL,NULL),(12,71,'VIN005','espl@123',0,0,1,'2017-11-30 10:48:09',NULL,NULL),(15,71,'VIN007','espl@123',0,0,1,'2017-12-05 07:15:22',NULL,NULL);
/*!40000 ALTER TABLE `schoolmerchant` ENABLE KEYS */;
UNLOCK TABLES;

--
-- Table structure for table `student`
--

DROP TABLE IF EXISTS `student`;
/*!40101 SET @saved_cs_client     = @@character_set_client */;
/*!40101 SET character_set_client = utf8 */;
CREATE TABLE `student` (
  `id` bigint(20) NOT NULL AUTO_INCREMENT,
  `schoolId` bigint(20) NOT NULL,
  `categoryId` bigint(20) NOT NULL,
  `classId` bigint(20) NOT NULL,
  `divisionId` bigint(20) DEFAULT NULL,
  `zoneId` bigint(20) DEFAULT NULL,
  `gRNumber` varchar(50) DEFAULT NULL,
  `studentCode` varchar(24) NOT NULL,
  `title` varchar(10) DEFAULT NULL,
  `studentFirstName` varchar(50) NOT NULL,
  `studentMiddleName` varchar(50) NOT NULL,
  `studentLastName` varchar(50) NOT NULL,
  `studentGender` varchar(10) NOT NULL,
  `fatherFirstName` varchar(50) DEFAULT NULL,
  `fatherLastName` varchar(50) DEFAULT NULL,
  `fatherMobile` varchar(20) DEFAULT NULL,
  `motherFirstName` varchar(50) DEFAULT NULL,
  `motherLastName` varchar(50) DEFAULT NULL,
  `motherMobile` varchar(20) DEFAULT NULL,
  `guardianFirstName` varchar(50) DEFAULT NULL,
  `guardianLastName` varchar(50) DEFAULT NULL,
  `guardianMobile` varchar(20) DEFAULT NULL,
  `studentDateOfBirth` date DEFAULT NULL,
  `dateOfJoining` date DEFAULT NULL,
  `address` varchar(500) DEFAULT NULL,
  `city` varchar(50) DEFAULT NULL,
  `state` varchar(50) DEFAULT NULL,
  `country` varchar(50) DEFAULT NULL,
  `phone` varchar(20) DEFAULT NULL,
  `email` varchar(254) DEFAULT NULL,
  `religion` varchar(50) DEFAULT NULL,
  `cast` varchar(50) DEFAULT NULL,
  `bloodGroup` varchar(20) DEFAULT NULL,
  `academicYear` varchar(20) NOT NULL,
  `isRegistered` tinyint(1) NOT NULL DEFAULT '0',
  `isActive` tinyint(1) DEFAULT '1',
  `deactiveDate` datetime DEFAULT NULL,
  `deactiveDesc` varchar(100) DEFAULT NULL,
  `isDelete` tinyint(1) DEFAULT '0',
  `createdBy` bigint(20) NOT NULL,
  `createdOn` datetime NOT NULL DEFAULT CURRENT_TIMESTAMP,
  `updatedBy` bigint(20) DEFAULT NULL,
  `updatedOn` datetime DEFAULT NULL,
  PRIMARY KEY (`id`),
  UNIQUE KEY `school_studentCode_UNIQUE` (`schoolId`,`studentCode`),
  KEY `FK_Student_School_idx` (`schoolId`),
  KEY `FK_Student_Category_idx` (`categoryId`),
  KEY `FK_Student_Class_idx` (`classId`),
  KEY `FK_Student_Division_idx` (`divisionId`),
  KEY `FK_Student_Zone_idx` (`zoneId`),
  CONSTRAINT `FK_Student_Category` FOREIGN KEY (`categoryId`) REFERENCES `category` (`id`) ON DELETE NO ACTION ON UPDATE NO ACTION,
  CONSTRAINT `FK_Student_Class` FOREIGN KEY (`classId`) REFERENCES `class` (`id`) ON DELETE NO ACTION ON UPDATE NO ACTION,
  CONSTRAINT `FK_Student_Division` FOREIGN KEY (`divisionId`) REFERENCES `division` (`id`) ON DELETE NO ACTION ON UPDATE NO ACTION,
  CONSTRAINT `FK_Student_School` FOREIGN KEY (`schoolId`) REFERENCES `school` (`id`) ON DELETE NO ACTION ON UPDATE NO ACTION,
  CONSTRAINT `FK_Student_Zone` FOREIGN KEY (`zoneId`) REFERENCES `zone` (`id`) ON DELETE NO ACTION ON UPDATE NO ACTION
) ENGINE=InnoDB AUTO_INCREMENT=1122 DEFAULT CHARSET=utf8;
/*!40101 SET character_set_client = @saved_cs_client */;

--
-- Dumping data for table `student`
--

LOCK TABLES `student` WRITE;
/*!40000 ALTER TABLE `student` DISABLE KEYS */;
INSERT INTO `student` VALUES (61,70,3,11,31,NULL,'1267','10101','Mr','Riya','Satish','Anam','Female','Satish','Anam','9833368007','Kajal','Anam','9619650762','.','.','0','1987-09-04','2016-10-09','.','','Maharashtra','India','0','','hindu','general','not known','2011',0,1,NULL,NULL,1,1,'2017-11-13 18:30:00',42,'2017-11-14 13:45:50'),(62,70,2,11,31,NULL,'1268','10102','Mr','Anushree','Somnathan','Vishwanathan','Female','Somnathan','Vishwanathan','9833451810','Latha','Vishwanathan','9987579428','.','.','0','1985-10-09','2016-10-08','.','','Maharashtra','India','0','','hindu','general','not known','2011',0,1,NULL,NULL,1,1,'2017-11-13 18:30:00',42,'2017-11-14 13:45:54'),(67,70,7,11,31,NULL,'K001','1001','Mr','James','Alpha','Butt','Male','Alpha','Butt','9762147262','Daniela','Butt','9822053665','','','','2014-03-02','2017-06-14','Aundh, Pune','','Maharashtra','India','9762982700','','Hindu','OPEN','O+','2011',0,1,NULL,NULL,1,42,'2017-11-14 13:57:37',42,'2017-11-14 14:06:13'),(68,70,4,11,31,NULL,'K002','1002','Mr','Josephine','Refugia','Darakjy','Male','Refugia','Darakjy','9762147263','Cecilia','Darakjy','9822053666','','','','2014-03-03','2017-06-14','Baner, Pune','','Maharashtra','India','9762982701','','Hindu','OPEN','AB+','2011',0,1,NULL,NULL,1,42,'2017-11-14 13:57:38',42,'2017-11-14 14:06:19'),(69,70,7,11,32,NULL,'K003','1003','Mr','Art','Shawnda','Venere','Male','Shawnda','Venere','9762147264','Leslie','Venere','9822053667','','','','2014-03-04','2017-06-14','Sb road,Pune','','Maharashtra','India','9762982702','','Hindu','OPEN','O+','5',0,1,NULL,NULL,0,42,'2017-11-14 13:57:38',42,'2017-11-16 04:13:45'),(70,70,3,11,32,NULL,'K004','1004','Mr','Lenna','Mona','Paprocki','Female','Mona','Paprocki','9762147265','Nan','Paprocki','9822053668','','','','2014-03-05','2017-06-14','Law college Road Pune','','Maharashtra','India','9762982703','','Hindu','OPEN','O+','2011',0,1,NULL,NULL,0,42,'2017-11-14 13:57:38',NULL,NULL),(71,70,3,13,31,NULL,'K005','1005','Mr','Donette','Gilma','Foller','Female','Gilma','Foller','9762147266','Izetta','Foller','9822053669','','','','2014-03-06','2017-06-14','Kothrud, Pune','','Maharashtra','India','9762982704','','Hindu','OPEN','B+','2011',0,1,NULL,NULL,0,42,'2017-11-14 13:57:38',NULL,NULL),(72,70,7,13,32,NULL,'K006','1006','Mr','Simona','Janey','Morasca','Female','Janey','Morasca','9762147267','Tegan','Morasca','9822053670','','','','2014-03-07','2017-06-14','Karvenagar,Pune','','Maharashtra','India','9762982705','','Hindu','OPEN','O+','2011',0,1,NULL,NULL,0,42,'2017-11-14 13:57:38',NULL,NULL),(73,70,4,13,32,NULL,'K007','1007','Mr','Mitsue','Lili','Tollner','Female','Lili','Tollner','9762147268','Ruthann','Tollner','9822053671','','','','2014-03-08','2017-06-14','Pimple saudagar,Pune','','Maharashtra','India','9762982706','','Hindu','OPEN','O+','2011',0,1,NULL,NULL,0,42,'2017-11-14 13:57:38',NULL,NULL),(74,70,2,14,31,NULL,'K008','1008','Mr','Leota','Loren','Dilliard','Male','Loren','Dilliard','9762147269','Joni','Dilliard','9822053672','','','','2014-03-09','2017-06-14','Prabhat road,Pune','','Maharashtra','India','9762982707','','Hindu','OPEN','B -','2011',0,1,NULL,NULL,0,42,'2017-11-14 13:57:38',NULL,NULL),(75,70,3,14,31,NULL,'K009','1009','Mr','Sage','Dorothy','Wieser','Male','Dorothy','Wieser','9762147270','Vi','Wieser','9822053673','','','','2014-03-10','2017-06-14','Camp ,Pune','','Maharashtra','India','9762982708','','Hindu','OPEN','O+','2011',0,1,NULL,NULL,0,42,'2017-11-14 13:57:39',NULL,NULL),(76,70,7,14,32,NULL,'K010','1010','Mr','Kris','Gail','Marrier','Male','Gail','Marrier','9762147271','Colette','Marrier','9822053674','','','','2014-03-11','2017-06-14','Kalyani nagar,Pune','','Maharashtra','India','9762982709','','Hindu','OPEN','AB+','2011',0,1,NULL,NULL,0,42,'2017-11-14 13:57:39',NULL,NULL),(98,70,7,11,31,NULL,'G001','10020','Mr','Jolanda','Glendora','Hanafan','Male','Glendora','Hanafan','8941687452','Sarbacher','Hanafan','9786455232','','','','2002-05-11','2012-06-14','Aundh, Pune','','Maharashtra','India','9822053665','','Hindu','OPEN','O+','2011',0,1,NULL,NULL,0,42,'2017-11-14 14:15:51',NULL,NULL),(99,70,7,11,31,NULL,'G001','1030','Mr','Jolanda','Glendora','Hanafan','Male','Glendora','Hanafan','8941687452','Sarbacher','Hanafan','9786455232','','','','2002-05-11','2012-06-14','Aundh, Pune','','Maharashtra','India','9822053665','','Hindu','OPEN','O+','2011',0,1,NULL,NULL,0,42,'2017-11-15 05:00:51',NULL,NULL),(100,70,4,11,32,NULL,'G002','1031','Mr','Barrett','Avery','Toyama','Male','Avery','Toyama','8941687453','Steier','Toyama','9786455233','','','','2002-05-12','2012-06-14','Baner, Pune','','Maharashtra','India','9822053666','','Hindu','OPEN','AB+','2011',0,1,NULL,NULL,0,42,'2017-11-15 05:00:51',NULL,NULL),(101,70,3,11,31,NULL,'G004','1033','Mr','Ashlyn','Nicolette','Pinilla','Female','Nicolette','Pinilla','8941687455','Brossart','Pinilla','9786455235','','','','2002-05-14','2012-06-14','Law college Road Pune','','Maharashtra','India','9822053668','','Hindu','OPEN','O+','2011',0,1,NULL,NULL,0,42,'2017-11-15 05:00:51',NULL,NULL),(102,70,7,14,32,NULL,'G011','1046','Mr','Rebecka','Gwenn','Gesick','Female','Gwenn','Gesick','8941687466','Suffield','Gesick','9786455246','','','','2002-05-25','2012-06-14','Sb road,Pune','','Maharashtra','India','9822053679','','Hindu','OPEN','O+','2011',0,1,NULL,NULL,0,42,'2017-11-15 05:00:51',NULL,NULL),(103,70,7,14,31,NULL,'G011','1047','Mr','Frederica','Salena','Blunk','Female','Salena','Blunk','8941687467','Karpel','Blunk','9786455247','','','','2002-05-26','2012-06-14','Law college Road Pune','','Maharashtra','India','9822053680','','Hindu','OPEN','B -','2011',0,1,NULL,NULL,0,42,'2017-11-15 05:00:51',NULL,NULL),(104,70,7,14,32,NULL,'G017','1049','Mr','Glen','Yoko','Bartolet','Female','Yoko','Bartolet','8941687468','Fishburne','Bartolet','9786455248','','','','2002-05-27','2012-06-14','Kothrud, Pune','','Maharashtra','India','9822053681','','Hindu','OPEN','O+','2011',0,1,NULL,NULL,0,42,'2017-11-15 05:00:51',NULL,NULL),(105,70,4,14,31,NULL,'G018','1050','Mr','Freeman','Taryn','Gochal','Female','Taryn','Gochal','8941687469','Moyd','Gochal','9786455249','','','','2002-05-28','2012-06-14','Karvenagar,Pune','','Maharashtra','India','9822053682','','Hindu','OPEN','AB+','2011',0,1,NULL,NULL,0,42,'2017-11-15 05:00:52',NULL,NULL),(106,70,2,14,32,NULL,'G019','1051','Mr','Vincent','Katina','Meinerding','Male','Katina','Meinerding','8941687470','Polidori','Meinerding','9786455250','','','','2002-05-29','2012-06-14','Pimple saudagar,Pune','','Maharashtra','India','9822053683','','Hindu','OPEN','O+','2011',0,1,NULL,NULL,0,42,'2017-11-15 05:00:52',NULL,NULL),(107,70,3,14,31,NULL,'G020','1052','Mr','Rima','Rickie','Bevelacqua','Male','Rickie','Bevelacqua','8941687471','Plumer','Bevelacqua','9786455251','','','','2002-05-30','2012-06-14','Prabhat road,Pune','','Maharashtra','India','9822053684','','Hindu','OPEN','O+','2011',0,1,NULL,NULL,0,42,'2017-11-15 05:00:52',NULL,NULL),(108,70,2,13,31,NULL,'G007','1036','Mr','Marge','Tiera','Limmel','Female','Tiera','Limmel','8941687458','Frankel','Limmel','9786455238','','','','2011-05-16','2012-06-14','Pimple saudagar,Pune','','Maharashtra','India','9822053671','','Hindu','OPEN','O+','2011',0,1,NULL,NULL,0,42,'2017-11-15 05:17:30',NULL,NULL),(109,70,3,13,32,NULL,'G009','1038','Mr','Aliza','Earleen','Baltimore','Female','Earleen','Baltimore','8941687460','Mai','Baltimore','9786455240','','','','2011-05-19','2012-06-14','Camp ,Pune','','Maharashtra','India','9822053673','','Hindu','OPEN','O+','2011',0,1,NULL,NULL,0,42,'2017-11-15 05:17:30',NULL,NULL),(110,70,7,13,31,NULL,'G011','1042','Mr','Viola','Ressie','Bitsuie','Male','Ressie','Bitsuie','8941687462','Auffrey','Bitsuie','9786455242','','','','2011-05-21','2012-06-14','KP,Pune','','Maharashtra','India','9822053675','','Hindu','OPEN','O+','2011',0,1,NULL,NULL,0,42,'2017-11-15 05:17:30',42,'2017-11-16 12:40:52'),(111,70,2,14,31,NULL,'G011','1044','Mr','Willodean','Eladia','Konopacki','Female','Eladia','Konopacki','8941687464','Saulter','Konopacki','9786455244','','','','2012-05-21','2012-06-14','Aundh,Pune','','Maharashtra','India','9822053677','','Hindu','OPEN','B+','2011',0,1,NULL,NULL,0,42,'2017-11-15 05:17:30',NULL,NULL),(116,70,7,13,32,NULL,'G010','1039','Mr','Mozell','Leonida','Pelkowski','Male','Leonida','Pelkowski','8941687461','Gobern','Pelkowski','9786455241','','','','2011-05-20','2012-06-14','Kalyani nagar,Pune','','Maharashtra','India','9822053674','','Hindu','OPEN','AB+','2011',0,1,NULL,NULL,0,42,'2017-11-15 05:24:38',NULL,NULL),(117,70,3,14,31,NULL,'G011','1045','Mr','Beckie','Chaya','Silvestrini','Male','Chaya','Silvestrini','8941687465','Malvin','Silvestrini','9786455245','','','','2012-05-21','2012-06-14','Baner, Pune','','Maharashtra','India','9822053678','','Hindu','OPEN','O+','2011',0,1,NULL,NULL,0,42,'2017-11-15 05:24:38',NULL,NULL),(118,70,4,11,31,NULL,'G006','1035','Mr','Ronny','Virgina','Caiafa','Female','Virgina','Caiafa','8941687457','Tegarden','Caiafa','9786455237','','','','2010-05-16','2012-06-14','Karvenagar,Pune','','Maharashtra','India','9822053670','','Hindu','OPEN','O+','2011',0,1,NULL,NULL,0,42,'2017-11-15 05:26:53',NULL,NULL),(119,70,7,11,32,NULL,'G005','1034','Mr','Fausto','Tracey','Agramonte','Male','Tracey','Agramonte','8941687456','Modzelewski','Agramonte','9786455236','','','','2010-05-15','2012-06-14','Kothrud, Pune','','Maharashtra','India','9822053669','','Hindu','OPEN','B+','2011',0,1,NULL,NULL,0,42,'2017-11-15 05:29:23',NULL,NULL),(122,70,3,14,31,NULL,'','1060','Mr','Rima chandra','Rickie','Bevela           cqua','Male','','','','','','','','','','2010-05-30','2012-06-14','','','','','','','','','','2011',0,1,NULL,NULL,0,42,'2017-11-15 07:20:09',NULL,NULL),(124,70,3,14,32,NULL,'K050','1063','Mr','Blair','Sherita','Malet','Male','Sherita','Malet','9762147311','Ogg','Malet','9822053714','','','','2010-05-30','2012-06-14','Baner, Pune','','Maharashtra','India','9762982749','','Hindu','OPEN','AB+','2011',0,1,NULL,NULL,0,42,'2017-11-15 08:39:48',NULL,NULL),(125,70,3,14,31,NULL,'K051','1064','Mr','Brock','Lashawnda','Bolognia','Female','Lashawnda','Bolognia','9762147312','Saras','Bolognia','9822053715','','','','2010-05-30','2012-06-14','Sb road,Pune','','Maharashtra','India','9762982750','','Hindu','OPEN','O+','2011',0,1,NULL,NULL,0,42,'2017-11-15 08:39:48',NULL,NULL),(126,70,3,14,31,NULL,'K052','1065','Mr','Lorrie','Ernest','Nestle','Female','Ernest','Nestle','9762147313','Stuer','Nestle','9822053716','','','','2010-05-30','2012-06-14','Law college Road Pune','','Maharashtra','India','9762982751','','Hindu','OPEN','O+','2011',0,1,NULL,NULL,0,42,'2017-11-15 08:39:48',NULL,NULL),(127,70,3,14,31,NULL,'K053','1066','Mr','Sabra','Nobuko','Uyetake','Female','Nobuko','Uyetake','9762147314','Syrop','Uyetake','9822053717','','','','2010-05-30','2012-06-14','Kothrud, Pune','','Maharashtra','India','9762982752','','Hindu','OPEN','B+','2011',0,1,NULL,NULL,0,42,'2017-11-15 08:39:48',NULL,NULL),(128,70,3,14,31,NULL,'K054','1067','Mr','Marjory','Lavonna','Mastella','Female','Lavonna','Mastella','9762147315','Halsey','Mastella','9822053718','','','','2010-05-30','2012-06-14','Karvenagar,Pune','','Maharashtra','India','9762982753','','Hindu','OPEN','O+','2011',0,1,NULL,NULL,0,42,'2017-11-15 08:39:48',NULL,NULL),(129,70,3,14,31,NULL,'K055','1068','Mr','Karl','Lashaunda','Klonowski','Male','Lashaunda','Klonowski','9762147316','Wolny','Klonowski','9822053719','','','','2010-05-30','2012-06-14','Pimple saudagar,Pune','','Maharashtra','India','9762982754','','Hindu','OPEN','O+','2011',0,1,NULL,NULL,0,42,'2017-11-15 08:39:48',NULL,NULL),(130,70,4,14,32,NULL,'K057','1081','Mr','Amber','Helene','Monarrez','Female','Helene','Monarrez','9762147318','Bilden','Monarrez','9822053721','','','','2009-04-27','2010-06-14','Camp ,Pune','','Maharashtra','India','9762982756','','Hindu','OPEN','O+','2011',0,1,NULL,NULL,0,42,'2017-11-15 08:56:29',NULL,NULL),(133,70,7,14,32,NULL,'K056','1080','Mr','Tonette','Mariann','Wenner','Female','Mariann','Wenner','9762147317','Lizama','Wenner','9822053720','','','','2009-04-26','2010-06-14','Prabhat road,Pune','','Maharashtra','India','9762982755','','Hindu','OPEN','B -','2011',0,1,NULL,NULL,0,42,'2017-11-15 08:58:50',NULL,NULL),(135,70,3,14,32,NULL,'K058','3455','Mr','Shenika','Roselle','Seewald','Female','Roselle','Seewald','9762147319','Rodenberger','Seewald','9822053722','','','','2010-06-14','2010-06-14','Kalyani nagar,Pune','','Maharashtra','India','9762982757','','Hindu','OPEN','AB+','2011',0,1,NULL,NULL,0,42,'2017-11-15 09:32:31',NULL,NULL),(136,70,4,14,32,NULL,'K059','3456','Mr','Delmy','Samira','Ahle','Female','Samira','Ahle','9762147320','Estell','Ahle','9822053723','','','','2010-06-14','2010-06-14','KP,Pune','','Maharashtra','India','9762982758','','Hindu','OPEN','O+','2011',0,1,NULL,NULL,0,42,'2017-11-15 09:32:31',NULL,NULL),(139,70,3,11,31,NULL,'K058','3457','Mr','Deeanna','Billye','Juhas','Female','Roselle','Seewald','9762147319','Rodenberger','Seewald','9822053722','','','','2010-06-14','2010-06-14','Kalyani nagar,Pune','','Maharashtra','India','9762982757','','Hindu','OPEN','AB+','2011',0,1,NULL,NULL,0,46,'2017-11-15 10:02:46',NULL,NULL),(140,70,4,11,31,NULL,'K059','3458','Mr','Blondell','Glenna','Pugh','Female','Samira','Ahle','9762147320','Estell','Ahle','9822053723','','','','2010-06-14','2010-06-14','KP,Pune','','Maharashtra','India','9762982758','','Hindu','OPEN','O+','2011',0,1,NULL,NULL,0,46,'2017-11-15 10:02:46',NULL,NULL),(145,70,4,11,31,NULL,'K050','10069','Mr','<b>hello</b>\'','<b>hello</b>\'','franceco','Male','Sherita','Malet','9762147311','Ogg','Malet','9822053714','','','','2010-04-20','2010-06-14','Baner, Pune','','Maharashtra','India','9762982749','','Hindu','OPEN','AB+','2011',0,1,NULL,NULL,0,42,'2017-11-15 11:48:17',NULL,NULL),(146,70,3,11,31,NULL,'K001','10011','Mr','James','Alpha','Butt','Male','Alpha','Butt','9762147262','Daniela','Butt','9822053665','','','',NULL,NULL,'Aundh, Pune','','Maharashtra','India','9762982700','','Hindu','OPEN','O+','2017  - 18',0,1,NULL,NULL,0,1,'2017-11-13 18:30:00',NULL,NULL),(148,70,7,11,31,NULL,'K056','1501','Mr','<b>Barkha<b>','B','<b> sharma hdh khdu #$::>{','Female','Sherita','Malet','9762147311','Ogg','Malet','9822053714','','','','2010-04-20','2010-06-14','Baner, Pune','','Maharashtra','India','9762982749','','Hindu','OPEN','AB+','6',0,1,NULL,NULL,0,42,'2017-11-16 11:50:12',42,'2017-11-16 11:51:15'),(151,70,7,11,31,NULL,'GR201','C501','Mr','Abha ','Aditya','Acharya','Female','Aditya','Acharya','','Dadhija','','','','','','2010-03-02','2011-06-14','Aundh, Pune','','','','','','','','','2017 - 18',0,1,NULL,NULL,0,42,'2017-11-16 12:51:31',NULL,NULL),(152,70,4,11,31,NULL,'GR202','C502','Mr','Aditi','Akshat','Agarwal','Female','Akshat','Agarwal','','Daivi','','','','','','2010-03-03','2011-06-14','Baner, Pune','','','','','','','','','2017 - 18',0,1,NULL,NULL,0,42,'2017-11-16 12:51:31',42,'2017-11-20 12:02:12'),(153,70,3,11,39,NULL,'GR204','C504','Mr','Anandi ','Arjun','Aggarwal','Female','Arjun','Aggarwal','','Dakshana','','','','','','2010-03-05','2011-06-14','Law college Road Pune','','','','','','','','','2017 - 18',0,1,NULL,NULL,0,42,'2017-11-16 12:51:31',NULL,NULL),(154,70,3,11,31,NULL,'GR205','C505','Mr','Anantha ','Ashish','Agrawal','Female','Ashish','Agrawal','','Dakshata','','','','','','2010-03-06','2011-06-14','Kothrud, Pune','','','','','','','','','2017 - 18',0,1,NULL,NULL,0,42,'2017-11-16 12:51:31',NULL,NULL),(155,70,7,11,31,NULL,'GR206','C506','Mr','Ankita ','Bhaskar','Ahluwalia','Female','Bhaskar','Ahluwalia','','Dakshayani','','','','','','2010-03-07','2011-06-14','Karvenagar,Pune','','','','','','','','','2017 - 18',0,1,NULL,NULL,0,42,'2017-11-16 12:51:32',NULL,NULL),(156,70,4,11,31,NULL,'GR207','C507','Mr','Aparajita ','Bikram','Ahuja','Female','Bikram','Ahuja','','Dakshina','','','','','','2010-03-08','2011-06-14','Pimple saudagar,Pune','','','','','','','','','2017 - 18',0,1,NULL,NULL,0,42,'2017-11-16 12:51:32',NULL,NULL),(157,70,19,11,31,NULL,'GR208','C508','Mr','Arundhati ','Chetas','Amble','Female','Chetas','Amble','','Dakshinya','','','','','','2010-03-09','2011-06-14','Prabhat road,Pune','','','','','','','','','2017 - 18',0,1,NULL,NULL,0,42,'2017-11-16 12:51:32',NULL,NULL),(158,70,3,11,31,NULL,'GR209','C509','Mr','Avanti ','Chiranjeev','Anand','Female','Chiranjeev','Anand','','Dakshita','','','','','','2010-03-10','2011-06-14','Camp ,Pune','','','','','','','','','2017 - 18',0,1,NULL,NULL,0,42,'2017-11-16 12:51:32',NULL,NULL),(159,70,7,11,31,NULL,'GR210','C510','Mr','Bhavana','Daljeet','Andra','Female','Daljeet','Andra','','Damaruki','','','','','','2010-03-11','2011-06-14','Kalyani nagar,Pune','','','','','','','','','2017 - 18',0,1,NULL,NULL,0,42,'2017-11-16 12:51:32',NULL,NULL),(160,70,7,11,31,NULL,'GR211','C511','Mr','Carliaye','Dilip','Anne','Female','Dilip','Anne','','Damini','','','','','','2010-03-12','2011-06-14','KP,Pune','','','','','','','','','2017 - 18',0,1,NULL,NULL,0,42,'2017-11-16 12:51:33',NULL,NULL),(161,70,4,11,31,NULL,'GR212','C512','Mr','Chandi','Gaurav','Apte','Female','Gaurav','Apte','','Danusiya','','','','','','2010-03-13','2011-06-14','Aundh, Pune','','','','','','','','','2017 - 18',0,1,NULL,NULL,0,42,'2017-11-16 12:51:33',NULL,NULL),(162,70,3,11,32,NULL,'GR214','C514','Mr','Damayandi','Girish','Arya','Female','Girish','Arya','','Danyata','','','','','','2010-03-15','2011-06-14','Sb road,Pune','','','','','','','','','2017 - 18',0,1,NULL,NULL,0,42,'2017-11-16 12:51:33',NULL,NULL),(163,70,3,11,32,NULL,'GR215','C515','Mr','Deepali','Gurdeep','Atwal','Female','Gurdeep','Atwal','','Darpana','','','','','','2010-03-16','2011-06-14','Law college Road Pune','','','','','','','','','2017 - 18',0,1,NULL,NULL,0,42,'2017-11-16 12:51:33',NULL,NULL),(164,70,7,11,32,NULL,'GR216','C516','Mr','Devika','Indiresh','Aurora','Female','Indiresh','Aurora','','Darpanika','','','','','','2010-03-17','2011-06-14','Kothrud, Pune','','','','','','','','','2017 - 18',0,1,NULL,NULL,0,42,'2017-11-16 12:51:33',NULL,NULL),(165,70,4,11,32,NULL,'GR217','C517','Mr','Dipti','Ishranth','Babu','Female','Ishranth','Babu','','Darsha','','','','','','2010-03-18','2011-06-14','Karvenagar,Pune','','','','','','','','','2017 - 18',0,1,NULL,NULL,0,42,'2017-11-16 12:51:33',NULL,NULL),(166,70,3,11,32,NULL,'GR219','C519','Mr','Gauri ','Jaideep','Badami','Female','Jaideep','Badami','','Darshani','','','','','','2010-03-20','2011-06-14','Prabhat road,Pune','','','','','','','','','2017 - 18',0,1,NULL,NULL,0,42,'2017-11-16 12:51:34',NULL,NULL),(167,70,7,11,32,NULL,'GR220','C520','Mr','Gitika','Jeet','Bahl','Female','Jeet','Bahl','','Darshee','','','','','','2010-03-21','2011-06-14','Camp ,Pune','','','','','','','','','2017 - 18',0,1,NULL,NULL,0,42,'2017-11-16 12:51:34',NULL,NULL),(168,70,7,11,32,NULL,'GR221','C521','Mr','Gopika','Karun','Bahri','Female','Karun','Bahri','','Darshi','','','','','','2010-03-22','2011-06-14','Kalyani nagar,Pune','','','','','','','','','2017 - 18',0,1,NULL,NULL,0,42,'2017-11-16 12:51:34',NULL,NULL),(169,70,4,11,32,NULL,'GR222','C522','Mr','Ilanila','Kshitij','Bail','Female','Kshitij','Bail','','Darshika','','','','','','2010-03-23','2011-06-14','KP,Pune','','','','','','','','','2017 - 18',0,1,NULL,NULL,0,42,'2017-11-16 12:51:34',NULL,NULL),(170,70,7,11,32,NULL,'GR223','C523','Mr','Indu ','Lalit','Bains','Female','Lalit','Bains','','Darshini','','','','','','2010-03-24','2011-06-14','Aundh, Pune','','','','','','','','','2017 - 18',0,1,NULL,NULL,0,42,'2017-11-16 12:51:34',NULL,NULL),(171,70,4,11,32,NULL,'GR224','C524','Mr','Jayani','Manvik','Bajaj','Female','Manvik','Bajaj','','Darshita','','','','','','2010-03-25','2011-06-14','Baner, Pune','','','','','','','','','2017 - 18',0,1,NULL,NULL,0,42,'2017-11-16 12:51:34',NULL,NULL),(172,70,3,11,32,NULL,'GR226','C526','Mr','Kali ','Naagesh','Bakshi','Female','Naagesh','Bakshi','','Dashami','','','','','','2010-03-27','2011-06-14','Law college Road Pune','','','','','','','','','2017 - 18',0,1,NULL,NULL,0,42,'2017-11-16 12:51:34',NULL,NULL),(173,70,3,11,32,NULL,'GR227','C527','Mr','Kalyana-Shraddh','Naishadh','Bal','Female','Naishadh','Bal','','Dashini','','','','','','2010-03-28','2011-06-14','Kothrud, Pune','','','','','','','','','2017 - 18',0,1,NULL,NULL,0,42,'2017-11-16 12:51:34',NULL,NULL),(174,70,7,11,32,NULL,'GR228','C528','Mr','Kanaman','Nilaksh','Bala','Female','Nilaksh','Bala','','Daxita','','','','','','2010-03-29','2011-06-14','Karvenagar,Pune','','','','','','','','','2017 - 18',0,1,NULL,NULL,0,42,'2017-11-16 12:51:34',NULL,NULL),(175,70,4,11,32,NULL,'GR229','C529','Mr','Kanti ','Om','Bala','Female','Om','Bala','','Daya','','','','','','2010-03-30','2011-06-14','Pimple saudagar,Pune','','','','','','','','','2017 - 18',0,1,NULL,NULL,0,42,'2017-11-16 12:51:34',NULL,NULL),(176,70,3,13,31,NULL,'GR231','C531','Mr','Kasi ','Pavan','Balan','Female','Pavan','Balan','','Dayashree','','','','','','2010-04-01','2011-06-14','Camp ,Pune','','','','','','','','','2017 - 18',0,1,NULL,NULL,0,42,'2017-11-16 12:51:34',NULL,NULL),(177,70,7,13,31,NULL,'GR232','C532','Mr','Kavita ','Pranav','Balasubramanian','Female','Pranav','Balasubramanian','','Dayita','','','','','','2010-04-02','2011-06-14','Kalyani nagar,Pune','','','','','','','','','2017 - 18',0,1,NULL,NULL,0,42,'2017-11-16 12:51:34',NULL,NULL),(178,70,7,13,31,NULL,'GR233','C533','Mr','Kirti','Rajiv','Balay','Female','Rajiv','Balay','','Dea','','','','','','2010-04-03','2011-06-14','KP,Pune','','','','','','','','','2017 - 18',0,1,NULL,NULL,0,42,'2017-11-16 12:51:34',NULL,NULL),(179,70,4,13,31,NULL,'GR234','C534','Mr','Koumari','Ritesh','Bali','Female','Ritesh','Bali','','Debarpita','','','','','','2010-04-04','2011-06-14','Aundh, Pune','','','','','','','','','2017 - 18',0,1,NULL,NULL,0,42,'2017-11-16 12:51:34',NULL,NULL),(180,70,3,13,31,NULL,'GR236','C536','Mr','Lalita ','Samir','Banerjee','Female','Samir','Banerjee','','Debjani','','','','','','2010-04-06','2011-06-14','Sb road,Pune','','','','','','','','','2017 - 18',0,1,NULL,NULL,0,42,'2017-11-16 12:51:35',NULL,NULL),(181,70,3,13,31,NULL,'GR237','C537','Mr','Lavanya ','Sanchit','Banik','Female','Sanchit','Banik','','Debprasad','','','','','','2010-04-07','2011-06-14','Law college Road Pune','','','','','','','','','2017 - 18',0,1,NULL,NULL,0,42,'2017-11-16 12:51:35',NULL,NULL),(182,70,7,13,31,NULL,'GR238','C538','Mr','Lila ','Sandeep','Bansal','Female','Sandeep','Bansal','','Deeba','','','','','','2010-04-08','2011-06-14','Kothrud, Pune','','','','','','','','','2017 - 18',0,1,NULL,NULL,0,42,'2017-11-16 12:51:35',NULL,NULL),(183,70,4,13,31,NULL,'GR239','C539','Mr','Lutchmayah','Sanjay','Barad','Female','Sanjay','Barad','','Deebasri','','','','','','2010-04-09','2011-06-14','Karvenagar,Pune','','','','','','','','','2017 - 18',0,1,NULL,NULL,0,42,'2017-11-16 12:51:35',NULL,NULL),(184,70,3,13,31,NULL,'GR241','C541','Mr','Malini ','Sparsh','Baral','Female','Sparsh','Baral','','Deeksha','','','','','','2010-04-11','2011-06-14','Prabhat road,Pune','','','','','','','','','2017 - 18',0,1,NULL,NULL,0,42,'2017-11-16 12:51:35',NULL,NULL),(185,70,7,13,31,NULL,'GR242','C542','Mr','Manju ','Tarun','Baria','Female','Tarun','Baria','','Deekshita','','','','','','2010-04-12','2011-06-14','Camp ,Pune','','','','','','','','','2017 - 18',0,1,NULL,NULL,0,42,'2017-11-16 12:51:35',NULL,NULL),(186,70,7,13,31,NULL,'GR243','C543','Mr','Meena ','Tushar','Barman','Female','Tushar','Barman','','Deekshitha','','','','','','2010-04-13','2011-06-14','Kalyani nagar,Pune','','','','','','','','','2017 - 18',0,1,NULL,NULL,0,42,'2017-11-16 12:51:35',NULL,NULL),(187,70,4,13,31,NULL,'GR244','C544','Mr','Minatchy','Udit','Basak','Female','Udit','Basak','','Deena','','','','','','2010-04-14','2011-06-14','KP,Pune','','','','','','','','','2017 - 18',0,1,NULL,NULL,0,42,'2017-11-16 12:51:35',NULL,NULL),(188,70,7,13,31,NULL,'GR245','C545','Mr','Mridula ','Uttam','Bassi','Female','Uttam','Bassi','','Deenal','','','','','','2010-04-15','2011-06-14','Aundh, Pune','','','','','','','','','2017 - 18',0,1,NULL,NULL,0,42,'2017-11-16 12:51:36',NULL,NULL),(189,70,4,13,31,NULL,'GR246','C546','Mr','Nandita ','Varun','Basu','Female','Varun','Basu','','Deepa','','','','','','2010-04-16','2011-06-14','Baner, Pune','','','','','','','','','2017 - 18',0,1,NULL,NULL,0,42,'2017-11-16 12:51:36',NULL,NULL),(190,70,3,13,31,NULL,'GR248','C548','Mr','Nilam ','Vinay','Batra','Female','Vinay','Batra','','Deepal','','','','','','2010-04-18','2011-06-14','Law college Road Pune','','','','','','','','','2017 - 18',0,1,NULL,NULL,0,42,'2017-11-16 12:51:36',NULL,NULL),(191,70,3,13,31,NULL,'GR249','C549','Mr','Nisha ','Vipul','Batta','Female','Vipul','Batta','','Deepali','','','','','','2010-04-19','2011-06-14','Kothrud, Pune','','','','','','','','','2017 - 18',0,1,NULL,NULL,0,42,'2017-11-16 12:51:36',NULL,NULL),(192,70,7,13,31,NULL,'GR250','C550','Mr','Nitya ','Yashwant','Bava','Female','Yashwant','Bava','','Deepana','','','','','','2010-04-20','2011-06-14','Karvenagar,Pune','','','','','','','','','2017 - 18',0,1,NULL,NULL,0,42,'2017-11-16 12:51:36',NULL,NULL),(193,70,4,13,32,NULL,'GR251','C551','Mr','Ourmila','Haan','Bawa','Female','Haan','Bawa','','Deepashri','','','','','','2010-04-21','2011-06-14','Pimple saudagar,Pune','','','','','','','','','2017 - 18',0,1,NULL,NULL,0,42,'2017-11-16 12:51:36',NULL,NULL),(194,70,3,13,32,NULL,'GR253','C553','Mr','Parvadi','Haarith','Behl','Female','Haarith','Behl','','Deepika','','','','','','2010-04-23','2011-06-14','Camp ,Pune','','','','','','','','','2017 - 18',0,1,NULL,NULL,0,42,'2017-11-16 12:51:36',NULL,NULL),(195,70,7,13,32,NULL,'GR254','C554','Mr','Pritha','Hakesh','Ben','Female','Hakesh','Ben','','Deepitha','','','','','','2010-04-24','2011-06-14','Kalyani nagar,Pune','','','','','','','','','2017 - 18',0,1,NULL,NULL,0,42,'2017-11-16 12:51:36',NULL,NULL),(196,70,7,13,32,NULL,'GR255','C555','Mr','Rachna ','Hameer','Bera','Female','Hameer','Bera','','Deepshika','','','','','','2010-04-25','2011-06-14','KP,Pune','','','','','','','','','2017 - 18',0,1,NULL,NULL,0,42,'2017-11-16 12:51:36',NULL,NULL),(197,70,4,13,32,NULL,'GR256','C556',NULL,'Ragini','Hamesh','Bhagat','Female','Hamesh','Bhagat','','Deepshikha','','','','','','2010-04-26','2011-06-14','Aundh, Pune','','','','','','','','','2017 - 18',0,1,NULL,NULL,0,42,'2017-11-16 12:51:36',NULL,NULL),(198,70,3,13,32,NULL,'GR258','C558',NULL,'Rati ','Hamrish','Bhalla','Female','Hamrish','Bhalla','','Deeptha','','','','','','2010-04-28','2011-06-14','Sb road,Pune','','','','','','','','','2017 - 18',0,1,NULL,NULL,0,42,'2017-11-16 12:51:36',NULL,NULL),(199,70,3,13,32,NULL,'GR259','C559',NULL,'Rnouka','Haneesh','Bhandari','Female','Haneesh','Bhandari','','Deepthi','','','','','','2010-04-29','2011-06-14','Law college Road Pune','','','','','','','','','2017 - 18',0,1,NULL,NULL,0,42,'2017-11-16 12:51:36',NULL,NULL),(200,70,7,13,32,NULL,'GR260','C560',NULL,'Rvady','Hani','Bhardwaj','Female','Hani','Bhardwaj','','Deepti','','','','','','2010-04-30','2011-06-14','Kothrud, Pune','','','','','','','','','2017 - 18',0,1,NULL,NULL,0,42,'2017-11-16 12:51:37',NULL,NULL),(201,70,4,13,32,NULL,'GR261','C561',NULL,'Ritika ','Hanish','Bhargava','Female','Hanish','Bhargava','','Deeptika','','','','','','2010-05-01','2011-06-14','Karvenagar,Pune','','','','','','','','','2017 - 18',0,1,NULL,NULL,0,42,'2017-11-16 12:51:37',NULL,NULL),(202,70,3,13,32,NULL,'GR263','C563',NULL,'Roukmini','Hansal','Bhat','Female','Hansal','Bhat','','Deesha','','','','','','2010-05-03','2011-06-14','Prabhat road,Pune','','','','','','','','','2017 - 18',0,1,NULL,NULL,0,42,'2017-11-16 12:51:37',NULL,NULL),(203,70,7,13,32,NULL,'GR264','C564',NULL,'Sabida','Hansaraj','Bhatia','Female','Hansaraj','Bhatia','','Deeshna','','','','','','2010-05-04','2011-06-14','Camp ,Pune','','','','','','','','','2017 - 18',0,1,NULL,NULL,0,42,'2017-11-16 12:51:37',NULL,NULL),(204,70,7,13,32,NULL,'GR265','C565',NULL,'Samda','Hanshal','Bhatnagar','Female','Hanshal','Bhatnagar','','Deeta','','','','','','2010-05-05','2011-06-14','Kalyani nagar,Pune','','','','','','','','','2017 - 18',0,1,NULL,NULL,0,42,'2017-11-16 12:51:37',NULL,NULL),(205,70,4,13,32,NULL,'GR266','C566',NULL,'Sanjana ','Hanshit','Bhatt','Female','Hanshit','Bhatt','','Deetya','','','','','','2010-05-06','2011-06-14','KP,Pune','','','','','','','','','2017 - 18',0,1,NULL,NULL,0,42,'2017-11-16 12:51:37',NULL,NULL),(206,70,7,13,32,NULL,'GR267','C567',NULL,'Sarlespadee','Hansik','Bhattacharyya','Female','Hansik','Bhattacharyya','','Dekshna','','','','','','2010-05-07','2011-06-14','Aundh, Pune','','','','','','','','','2017 - 18',0,1,NULL,NULL,0,42,'2017-11-16 12:51:37',NULL,NULL),(207,70,4,13,32,NULL,'GR268','C568',NULL,'Satya','Hansin','Bhatti','Female','Hansin','Bhatti','','Deleena','','','','','','2010-05-08','2011-06-14','Baner, Pune','','','','','','','','','2017 - 18',0,1,NULL,NULL,0,42,'2017-11-16 12:51:37',NULL,NULL),(208,70,3,13,32,NULL,'GR270','C570',NULL,'Shakti ','Hanumant','Bir','Female','Hanumant','Bir','','Deshani','','','','','','2010-05-10','2011-06-14','Law college Road Pune','','','','','','','','','2017 - 18',0,1,NULL,NULL,0,42,'2017-11-16 12:51:37',NULL,NULL),(209,70,3,13,32,NULL,'GR271','C571',NULL,'Shanta ','Hanumanta','Biswas','Female','Hanumanta','Biswas','','Deshika','','','','','','2010-05-11','2011-06-14','Kothrud, Pune','','','','','','','','','2017 - 18',0,1,NULL,NULL,0,42,'2017-11-16 12:51:37',NULL,NULL),(210,70,7,13,32,NULL,'GR272','C572',NULL,'Shashi ','Hanup','Boase','Female','Hanup','Boase','','Deshna','','','','','','2010-05-12','2011-06-14','Karvenagar,Pune','','','','','','','','','2017 - 18',0,1,NULL,NULL,0,42,'2017-11-16 12:51:37',NULL,NULL),(211,70,4,13,32,NULL,'GR273','C573',NULL,'Shobha ','Hanvesh','Bobal','Female','Hanvesh','Bobal','','Desna','','','','','','2010-05-13','2011-06-14','Pimple saudagar,Pune','','','','','','','','','2017 - 18',0,1,NULL,NULL,0,42,'2017-11-16 12:51:37',NULL,NULL),(212,70,3,13,32,NULL,'GR275','C575',NULL,'Sima ','Har','Bora','Female','Har','Bora','','Devaarti','','','','','','2010-05-15','2011-06-14','Camp ,Pune','','','','','','','','','2017 - 18',0,1,NULL,NULL,0,42,'2017-11-16 12:51:37',NULL,NULL),(213,70,7,13,32,NULL,'GR276','C576',NULL,'Sitara ','Hara','Borah','Female','Hara','Borah','','Devadarshini','','','','','','2010-05-16','2011-06-14','Kalyani nagar,Pune','','','','','','','','','2017 - 18',0,1,NULL,NULL,0,42,'2017-11-16 12:51:37',NULL,NULL),(214,70,7,13,32,NULL,'GR277','C577',NULL,'Soonita','Haran','Borde','Female','Haran','Borde','','Devahuti','','','','','','2010-05-17','2011-06-14','KP,Pune','','','','','','','','','2017 - 18',0,1,NULL,NULL,0,42,'2017-11-16 12:51:37',NULL,NULL),(215,70,4,14,31,NULL,'GR278','C578',NULL,'Soundary','Haranadh','Borra','Female','Haranadh','Borra','','Devaja','','','','','','2010-05-18','2011-06-14','Aundh, Pune','','','','','','','','','2017 - 18',0,1,NULL,NULL,0,42,'2017-11-16 12:51:38',NULL,NULL),(216,70,3,14,31,NULL,'GR280','C580',NULL,'Sundari','Hardhik','Brahmbhatt','Female','Hardhik','Brahmbhatt','','Devaki','','','','','','2010-05-20','2011-06-14','Sb road,Pune','','','','','','','','','2017 - 18',0,1,NULL,NULL,0,42,'2017-11-16 12:51:38',NULL,NULL),(217,70,3,14,31,NULL,'GR281','C581',NULL,'Suniti ','Hardik','Brar','Female','Hardik','Brar','','Devamati','','','','','','2010-05-21','2011-06-14','Law college Road Pune','','','','','','','','','2017 - 18',0,1,NULL,NULL,0,42,'2017-11-16 12:51:38',NULL,NULL),(218,70,7,14,31,NULL,'GR282','C582',NULL,'Swarna ','Hare Krishna','Buch','Female','Hare Krishna','Buch','','Devamayi','','','','','','2010-05-22','2011-06-14','Kothrud, Pune','','','','','','','','','2017 - 18',0,1,NULL,NULL,0,42,'2017-11-16 12:51:38',NULL,NULL),(219,70,4,14,31,NULL,'GR283','C583',NULL,'Trishna ','Hareesh','Buch','Female','Hareesh','Buch','','Devangi','','','','','','2010-05-23','2011-06-14','Karvenagar,Pune','','','','','','','','','2017 - 18',0,1,NULL,NULL,0,42,'2017-11-16 12:51:38',NULL,NULL),(220,70,3,14,31,NULL,'GR285','C585',NULL,'Uttara','Haresh','Butala','Female','Haresh','Butala','','Devanshi','','','','','','2010-05-25','2011-06-14','Prabhat road,Pune','','','','','','','','','2017 - 18',0,1,NULL,NULL,0,42,'2017-11-16 12:51:38',NULL,NULL),(221,70,7,14,31,NULL,'GR286','C586',NULL,'Vassanty','Hari','Chacko','Female','Hari','Chacko','','Devarshee','','','','','','2010-05-26','2011-06-14','Camp ,Pune','','','','','','','','','2017 - 18',0,1,NULL,NULL,0,42,'2017-11-16 12:51:38',NULL,NULL),(222,70,7,14,31,NULL,'GR287','C587',NULL,'Veda ','Hari Kishan','Chad','Female','Hari Kishan','Chad','','Devashree','','','','','','2010-05-27','2011-06-14','Kalyani nagar,Pune','','','','','','','','','2017 - 18',0,1,NULL,NULL,0,42,'2017-11-16 12:51:39',NULL,NULL),(223,70,4,14,31,NULL,'GR288','C588',NULL,'Vida','Hari Krishna','Chada','Female','Hari Krishna','Chada','','Devasree','','','','','','2010-05-28','2011-06-14','KP,Pune','','','','','','','','','2017 - 18',0,1,NULL,NULL,0,42,'2017-11-16 12:51:39',NULL,NULL),(224,70,7,14,31,NULL,'GR289','C589',NULL,'Vina ','Haridra','Chadha','Female','Haridra','Chadha','','Deveena','','','','','','2010-05-29','2011-06-14','Aundh, Pune','','','','','','','','','2017 - 18',0,1,NULL,NULL,0,42,'2017-11-16 12:51:39',NULL,NULL),(225,70,4,14,31,NULL,'GR290','C590',NULL,'Yamini','Harihar','Chahal','Female','Harihar','Chahal','','Deveshi','','','','','','2010-05-30','2011-06-14','Baner, Pune','','','','','','','','','2017 - 18',0,1,NULL,NULL,0,42,'2017-11-16 12:51:39',NULL,NULL),(226,70,3,14,31,NULL,'GR292','C592',NULL,'Abhilasha ','Harij','Chakraborty','Female','Harij','Chakraborty','','Devika','','','','','','2010-06-01','2011-06-14','Law college Road Pune','','','','','','','','','2017 - 18',0,1,NULL,NULL,0,42,'2017-11-16 12:51:39',NULL,NULL),(227,70,3,14,31,NULL,'GR293','C593',NULL,'Aishwarya ','Harikesh','Chana','Female','Harikesh','Chana','','Devina','','','','','','2010-06-02','2011-06-14','Kothrud, Pune','','','','','','','','','2017 - 18',0,1,NULL,NULL,0,42,'2017-11-16 12:51:39',NULL,NULL),(228,70,7,14,31,NULL,'GR294','C594',NULL,'Amita ','Harin','Chand','Female','Harin','Chand','','Devisha','','','','','','2010-06-03','2011-06-14','Karvenagar,Pune','','','','','','','','','2017 - 18',0,1,NULL,NULL,0,42,'2017-11-16 12:51:39',NULL,NULL),(229,70,4,14,31,NULL,'GR295','C595',NULL,'Anandita','Harinaksh','Chanda','Female','Harinaksh','Chanda','','Devishi','','','','','','2010-06-04','2011-06-14','Pimple saudagar,Pune','','','','','','','','','2017 - 18',0,1,NULL,NULL,0,42,'2017-11-16 12:51:39',NULL,NULL),(230,70,3,14,31,NULL,'GR297','C597',NULL,'Antrija','Hariom','Chandra','Female','Hariom','Chandra','','Devna','','','','','','2010-06-06','2011-06-14','Camp ,Pune','','','','','','','','','2017 - 18',0,1,NULL,NULL,0,42,'2017-11-16 12:51:39',NULL,NULL),(231,70,7,14,31,NULL,'GR298','C598',NULL,'Appassamy','Harish','Chandran','Female','Harish','Chandran','','Devoshri','','','','','','2010-06-07','2011-06-14','Kalyani nagar,Pune','','','','','','','','','2017 - 18',0,1,NULL,NULL,0,42,'2017-11-16 12:51:39',NULL,NULL),(232,70,7,14,31,NULL,'GR299','C599',NULL,'Arya ','Harit','Char','Female','Harit','Char','','Devshree','','','','','','2010-06-08','2011-06-14','KP,Pune','','','','','','','','','2017 - 18',0,1,NULL,NULL,0,42,'2017-11-16 12:51:39',NULL,NULL),(233,70,4,14,31,NULL,'GR300','C600',NULL,'Bagavathy','Harith','Chatterjee','Female','Harith','Chatterjee','','Devwanti','','','','','','2010-06-09','2011-06-14','Aundh, Pune','','','','','','','','','2017 - 18',0,1,NULL,NULL,0,42,'2017-11-16 12:51:39',NULL,NULL),(234,70,3,14,32,NULL,'GR302','C602',NULL,'Carma','Harjeet','Amarnath','Female','Harjeet','Amarnath','','Laashya','','','','','','2010-06-11','2011-06-14','Sb road,Pune','','','','','','','','','2017 - 18',0,1,NULL,NULL,0,42,'2017-11-16 12:51:39',NULL,NULL),(235,70,3,14,32,NULL,'GR303','C603',NULL,'Chandra ','Harjit','Arasaratnam','Female','Harjit','Arasaratnam','','Laasya','','','','','','2010-06-12','2011-06-14','Law college Road Pune','','','','','','','','','2017 - 18',0,1,NULL,NULL,0,42,'2017-11-16 12:51:39',NULL,NULL),(236,70,7,14,32,NULL,'GR304','C604',NULL,'Chetana ','Harkesh','Balakrishnan','Female','Harkesh','Balakrishnan','','Laavanya','','','','','','2010-06-13','2011-06-14','Kothrud, Pune','','','','','','','','','2017 - 18',0,1,NULL,NULL,0,42,'2017-11-16 12:51:39',NULL,NULL),(237,70,4,14,32,NULL,'GR305','C605',NULL,'Damayanti','Harmendra','Bedi','Female','Harmendra','Bedi','','Labha','','','','','','2010-06-14','2011-06-14','Karvenagar,Pune','','','','','','','','','2017 - 18',0,1,NULL,NULL,0,42,'2017-11-16 12:51:40',NULL,NULL),(238,70,3,14,32,NULL,'GR307','C607',NULL,'Dipa','Harnish','Bisht','Female','Harnish','Bisht','','Labuki','','','','','','2010-06-16','2011-06-14','Prabhat road,Pune','','','','','','','','','2017 - 18',0,1,NULL,NULL,0,42,'2017-11-16 12:51:40',NULL,NULL),(239,70,7,14,32,NULL,'GR308','C608',NULL,'Diti','Harpit','Bux','Female','Harpit','Bux','','Ladhi','','','','','','2010-06-17','2011-06-14','Camp ,Pune','','','','','','','','','2017 - 18',0,1,NULL,NULL,0,42,'2017-11-16 12:51:40',NULL,NULL),(240,70,7,14,32,NULL,'GR309','C609',NULL,'Drishti ','Harprit','Chande','Female','Harprit','Chande','','Ladli','','','','','','2010-06-18','2011-06-14','Kalyani nagar,Pune','','','','','','','','','2017 - 18',0,1,NULL,NULL,0,42,'2017-11-16 12:51:40',NULL,NULL),(241,70,4,14,32,NULL,'GR310','C610',NULL,'Gayatri','Harry','Chandramouleeswaran','Female','Harry','Chandramouleeswaran','','Laghima','','','','','','2010-06-19','2011-06-14','KP,Pune','','','','','','','','','2017 - 18',0,1,NULL,NULL,0,42,'2017-11-16 12:51:40',NULL,NULL),(242,70,7,14,32,NULL,'GR311','C611',NULL,'Godavari','Harsal','Chandrasekhar','Female','Harsal','Chandrasekhar','','Laghu','','','','','','2010-06-20','2011-06-14','Aundh, Pune','','','','','','','','','2017 - 18',0,1,NULL,NULL,0,42,'2017-11-16 12:51:40',NULL,NULL),(243,70,4,14,32,NULL,'GR312','C612',NULL,'Gowri ','Harsh','Charan','Female','Harsh','Charan','','Laghuvi','','','','','','2010-06-21','2011-06-14','Baner, Pune','','','','','','','','','2017 - 18',0,1,NULL,NULL,0,42,'2017-11-16 12:51:40',NULL,NULL),(244,70,3,14,32,NULL,'GR314','C614',NULL,'Jarita','Harshad','Chellaiah','Female','Harshad','Chellaiah','','Lahari','','','','','','2010-06-23','2011-06-14','Law college Road Pune','','','','','','','','','2017 - 18',0,1,NULL,NULL,0,42,'2017-11-16 12:51:40',NULL,NULL),(245,70,3,14,32,NULL,'GR315','C615',NULL,'Jayanti ','Harshal','Cherukuri','Female','Harshal','Cherukuri','','Laher','','','','','','2010-06-24','2011-06-14','Kothrud, Pune','','','','','','','','','2017 - 18',0,1,NULL,NULL,0,42,'2017-11-16 12:51:40',NULL,NULL),(246,70,7,14,32,NULL,'GR316','C616',NULL,'Jyotsna ','Harshaman','Chetlapalli','Female','Harshaman','Chetlapalli','','Lajita','','','','','','2010-06-25','2011-06-14','Karvenagar,Pune','','','','','','','','','2017 - 18',0,1,NULL,NULL,0,42,'2017-11-16 12:51:40',NULL,NULL),(247,70,4,14,32,NULL,'GR317','C617',NULL,'Kalika','Harshat','Chidamber','Female','Harshat','Chidamber','','Lajja','','','','','','2010-06-26','2011-06-14','Pimple saudagar,Pune','','','','','','','','','2017 - 18',0,1,NULL,NULL,0,42,'2017-11-16 12:51:40',NULL,NULL),(248,70,3,14,32,NULL,'GR319','C619',NULL,'Kanchana ','Harshil','Chittor','Female','Harshil','Chittor','','Laksha','','','','','','2010-06-28','2011-06-14','Camp ,Pune','','','','','','','','','2017 - 18',0,1,NULL,NULL,0,42,'2017-11-16 12:51:40',NULL,NULL),(249,70,7,14,32,NULL,'GR320','C620',NULL,'Kany-Koumari','Harshim','Choudhury','Female','Harshim','Choudhury','','Lakshaki','','','','','','2010-06-29','2011-06-14','Kalyani nagar,Pune','','','','','','','','','2017 - 18',0,1,NULL,NULL,0,42,'2017-11-16 12:51:40',NULL,NULL),(250,70,7,14,32,NULL,'GR321','C621',NULL,'Karliaye','Harshith','Dalmiya','Female','Harshith','Dalmiya','','Lakshana','','','','','','2010-06-30','2011-06-14','KP,Pune','','','','','','','','','2017 - 18',0,1,NULL,NULL,0,42,'2017-11-16 12:51:40',NULL,NULL),(251,70,4,14,32,NULL,'GR322','C622',NULL,'Kaur ','Harshnil','Dasari','Female','Harshnil','Dasari','','Lakshika','','','','','','2010-07-01','2011-06-14','Aundh, Pune','','','','','','','','','2017 - 18',0,1,NULL,NULL,0,42,'2017-11-16 12:51:40',NULL,NULL),(252,70,3,14,32,NULL,'GR324','C624',NULL,'Kirtida ','Harshul','Dhaliwal','Female','Harshul','Dhaliwal','','Lakshitha','','','','','','2010-07-03','2011-06-14','Sb road,Pune','','','','','','','','','2017 - 18',0,1,NULL,NULL,0,42,'2017-11-16 12:51:40',NULL,NULL),(253,70,3,14,32,NULL,'GR325','C625',NULL,'Kshitija ','Harshvardhan','Dhruba','Female','Harshvardhan','Dhruba','','Lakshmi','','','','','','2010-07-04','2011-06-14','Law college Road Pune','','','','','','','','','2017 - 18',0,1,NULL,NULL,0,42,'2017-11-16 12:51:40',NULL,NULL),(254,70,7,14,32,NULL,'GR326','C626',NULL,'Lali','Harsit','Dinkar','Female','Harsit','Dinkar','','Lakshmi Shree','','','','','','2010-07-05','2011-06-14','Kothrud, Pune','','','','','','','','','2017 - 18',0,1,NULL,NULL,0,42,'2017-11-16 12:51:40',NULL,NULL),(255,70,4,14,32,NULL,'GR327','C627',NULL,'Lalitha','Harsith','Dristi','Female','Harsith','Dristi','','Lakshmika','','','','','','2010-07-06','2011-06-14','Karvenagar,Pune','','','','','','','','','2017 - 18',0,1,NULL,NULL,0,42,'2017-11-16 12:51:40',NULL,NULL),(256,70,3,14,32,NULL,'GR329','C629',NULL,'Lilavady','Hasan','Elango','Female','Hasan','Elango','','Laksmin','','','','','','2010-07-08','2011-06-14','Prabhat road,Pune','','','','','','','','','2017 - 18',0,1,NULL,NULL,0,42,'2017-11-16 12:51:40',NULL,NULL),(257,70,7,14,32,NULL,'GR330','C630',NULL,'Madhavi ','Hasanth','Eswarapu','Female','Hasanth','Eswarapu','','Lalan','','','','','','2010-07-09','2011-06-14','Camp ,Pune','','','','','','','','','2017 - 18',0,1,NULL,NULL,0,42,'2017-11-16 12:51:40',NULL,NULL),(258,70,7,14,32,NULL,'GR331','C631',NULL,'Madhurya','Hashal','Gajaren','Female','Hashal','Gajaren','','Lalana','','','','','','2010-07-10','2011-06-14','Kalyani nagar,Pune','','','','','','','','','2017 - 18',0,1,NULL,NULL,0,42,'2017-11-16 12:51:41',NULL,NULL),(259,70,4,14,32,NULL,'GR332','C632',NULL,'Mandeep ','Hashan','Ganapathy','Female','Hashan','Ganapathy','','Lalasa','','','','','','2010-07-11','2011-06-14','KP,Pune','','','','','','','','','2017 - 18',0,1,NULL,NULL,0,42,'2017-11-16 12:51:41',NULL,NULL),(260,70,7,14,32,NULL,'GR333','C633',NULL,'Manjula ','Hasit','Gargeya','Female','Hasit','Gargeya','','Lali','','','','','','2010-07-12','2011-06-14','Aundh, Pune','','','','','','','','','2017 - 18',0,1,NULL,NULL,0,42,'2017-11-16 12:51:41',NULL,NULL),(261,70,4,14,32,NULL,'GR334','C634',NULL,'Meera ','Hasith','Ghani','Female','Hasith','Ghani','','Lalima','','','','','','2010-07-13','2011-06-14','Baner, Pune','','','','','','','','','2017 - 18',0,1,NULL,NULL,0,42,'2017-11-16 12:51:41',NULL,NULL),(262,70,3,14,32,NULL,'GR336','C636',NULL,'Mukta ','Hastha','Giridhar','Female','Hastha','Giridhar','','Laranya','','','','','','2010-07-15','2011-06-14','Law college Road Pune','','','','','','','','','2017 - 18',0,1,NULL,NULL,0,42,'2017-11-16 12:51:41',NULL,NULL),(263,70,3,14,32,NULL,'GR337','C637',NULL,'Naouman','Hastin','Goel','Female','Hastin','Goel','','Lasaki','','','','','','2010-07-16','2011-06-14','Kothrud, Pune','','','','','','','','','2017 - 18',0,1,NULL,NULL,0,42,'2017-11-16 12:51:41',NULL,NULL),(264,70,4,19,31,NULL,'GR400','C700',NULL,'Durga ','Vanajit','Masrani','Female','Vanajit','Masrani','','Logita','','','','','','2010-09-17','2011-06-14','Baner, Pune','','','','','','','','','2017 - 18',0,1,NULL,NULL,0,42,'2017-11-16 12:51:41',NULL,NULL),(265,70,3,19,31,NULL,'GR402','C702',NULL,'Gomati','Vandan','Mayur','Female','Vandan','Mayur','','Babita','','','','','','2010-09-19','2011-06-14','Law college Road Pune','','','','','','','','','2017 - 18',0,1,NULL,NULL,0,42,'2017-11-16 12:51:41',NULL,NULL),(266,70,3,19,31,NULL,'GR403','C703',NULL,'Hamsa','Vandit','Meenakshi','Female','Vandit','Meenakshi','','Babitha','','','','','','2010-09-20','2011-06-14','Kothrud, Pune','','','','','','','','','2017 - 18',0,1,NULL,NULL,0,42,'2017-11-16 12:51:41',NULL,NULL),(267,70,7,19,31,NULL,'GR404','C704',NULL,'Indira ','Vanij','Meher','Female','Vanij','Meher','','Bahula','','','','','','2010-09-21','2011-06-14','Karvenagar,Pune','','','','','','','','','2017 - 18',0,1,NULL,NULL,0,42,'2017-11-16 12:51:41',NULL,NULL),(268,70,4,19,31,NULL,'GR405','C705',NULL,'Jaswinder ','Vaninadh','Melliyal','Female','Vaninadh','Melliyal','','Bairavi','','','','','','2010-09-22','2011-06-14','Pimple saudagar,Pune','','','','','','','','','2017 - 18',0,1,NULL,NULL,0,42,'2017-11-16 12:51:41',NULL,NULL),(269,70,3,19,31,NULL,'GR407','C707',NULL,'Kajal ','Vansh','Mirchandani','Female','Vansh','Mirchandani','','Baishali','','','','','','2010-09-24','2011-06-14','Camp ,Pune','','','','','','','','','2017 - 18',0,1,NULL,NULL,0,42,'2017-11-16 12:51:41',NULL,NULL),(270,70,7,19,31,NULL,'GR408','C708',NULL,'Kalinda','Vanshil','Mittur','Female','Vanshil','Mittur','','Bala','','','','','','2010-09-25','2011-06-14','Kalyani nagar,Pune','','','','','','','','','2017 - 18',0,1,NULL,NULL,0,42,'2017-11-16 12:51:41',NULL,NULL),(271,70,7,19,31,NULL,'GR409','C709',NULL,'Kamala ','Vanshul','Moidu','Female','Vanshul','Moidu','','Bandana','','','','','','2010-09-26','2011-06-14','KP,Pune','','','','','','','','','2017 - 18',0,1,NULL,NULL,0,42,'2017-11-16 12:51:41',NULL,NULL),(272,70,4,19,31,NULL,'GR410','C710',NULL,'Kanilja','Vanshya','Monica','Female','Vanshya','Monica','','Bandhavi','','','','','','2010-09-27','2011-06-14','Aundh, Pune','','','','','','','','','2017 - 18',0,1,NULL,NULL,0,42,'2017-11-16 12:51:41',NULL,NULL),(273,70,3,19,31,NULL,'GR412','C712',NULL,'Karuna','Varad','Mukherjee','Female','Varad','Mukherjee','','Bandita','','','','','','2010-09-29','2011-06-14','Sb road,Pune','','','','','','','','','2017 - 18',0,1,NULL,NULL,0,42,'2017-11-16 12:51:41',NULL,NULL),(274,70,3,19,31,NULL,'GR413','C713',NULL,'Kausalya ','Varada','Mukund','Female','Varada','Mukund','','Banhi','','','','','','2010-09-30','2011-06-14','Law college Road Pune','','','','','','','','','2017 - 18',0,1,NULL,NULL,0,42,'2017-11-16 12:51:41',NULL,NULL),(275,70,7,19,31,NULL,'GR414','C714',NULL,'Kevala','Varah','Munish','Female','Varah','Munish','','Bani','','','','','','2010-10-01','2011-06-14','Kothrud, Pune','','','','','','','','','2017 - 18',0,1,NULL,NULL,0,42,'2017-11-16 12:51:41',NULL,NULL),(276,70,4,19,31,NULL,'GR415','C715',NULL,'Kishori ','Vardaan','Murthy','Female','Vardaan','Murthy','','Banni','','','','','','2010-10-02','2011-06-14','Karvenagar,Pune','','','','','','','','','2017 - 18',0,1,NULL,NULL,0,42,'2017-11-16 12:51:41',NULL,NULL),(277,70,3,19,31,NULL,'GR417','C717',NULL,'Lajili','Vardhaman','Muthukrishn','Female','Vardhaman','Muthukrishn','','Bansri','','','','','','2010-10-04','2011-06-14','Prabhat road,Pune','','','','','','','','','2017 - 18',0,1,NULL,NULL,0,42,'2017-11-16 12:51:41',NULL,NULL),(278,70,7,19,31,NULL,'GR418','C718',NULL,'Lallida','Vardhan','Naagesh','Female','Vardhan','Naagesh','','Barani','','','','','','2010-10-05','2011-06-14','Camp ,Pune','','','','','','','','','2017 - 18',0,1,NULL,NULL,0,42,'2017-11-16 12:51:41',NULL,NULL),(279,70,7,19,31,NULL,'GR419','C719',NULL,'Leela ','Varendra','Naeem','Female','Varendra','Naeem','','Barkha','','','','','','2010-10-06','2011-06-14','Kalyani nagar,Pune','','','','','','','','','2017 - 18',0,1,NULL,NULL,0,42,'2017-11-16 12:51:41',NULL,NULL),(280,70,4,19,31,NULL,'GR420','C720',NULL,'Lilavati ','Varenya','Nagaraja','Female','Varenya','Nagaraja','','Barnali','','','','','','2010-10-07','2011-06-14','KP,Pune','','','','','','','','','2017 - 18',0,1,NULL,NULL,0,42,'2017-11-16 12:51:41',NULL,NULL),(281,70,7,19,31,NULL,'GR421','C721',NULL,'Madhu ','Varesh','Nageshwar','Female','Varesh','Nageshwar','','Barsha','','','','','','2010-10-08','2011-06-14','Aundh, Pune','','','','','','','','','2017 - 18',0,1,NULL,NULL,0,42,'2017-11-16 12:51:42',NULL,NULL),(282,70,4,19,31,NULL,'GR422','C722',NULL,'Mala ','Varesikh','Nahid','Female','Varesikh','Nahid','','Baruni','','','','','','2010-10-09','2011-06-14','Baner, Pune','','','','','','','','','2017 - 18',0,1,NULL,NULL,0,42,'2017-11-16 12:51:42',NULL,NULL),(283,70,3,19,31,NULL,'GR424','C724',NULL,'Manjusha ','Varij','Namrata','Female','Varij','Namrata','','Baumathi','','','','','','2010-10-11','2011-06-14','Law college Road Pune','','','','','','','','','2017 - 18',0,1,NULL,NULL,0,42,'2017-11-16 12:51:42',NULL,NULL),(284,70,3,19,31,NULL,'GR425','C725',NULL,'Minakshi','Varin','Nandita','Female','Varin','Nandita','','Bavanya','','','','','','2010-10-12','2011-06-14','Kothrud, Pune','','','','','','','','','2017 - 18',0,1,NULL,NULL,0,42,'2017-11-16 12:51:42',NULL,NULL),(285,70,7,19,31,NULL,'GR426','C726',NULL,'Mohana ','Varindra','Naran','Female','Varindra','Naran','','Bavisha','','','','','','2010-10-13','2011-06-14','Karvenagar,Pune','','','','','','','','','2017 - 18',0,1,NULL,NULL,0,42,'2017-11-16 12:51:42',NULL,NULL),(286,70,4,19,31,NULL,'GR427','C727',NULL,'Nalini ','Varish','Narayan','Female','Varish','Narayan','','Bavishya','','','','','','2010-10-14','2011-06-14','Pimple saudagar,Pune','','','','','','','','','2017 - 18',0,1,NULL,NULL,0,42,'2017-11-16 12:51:42',NULL,NULL),(287,70,3,19,31,NULL,'GR429','C729',NULL,'Nikhila ','Varnam','Natterraja','Female','Varnam','Natterraja','','Beena','','','','','','2010-10-16','2011-06-14','Camp ,Pune','','','','','','','','','2017 - 18',0,1,NULL,NULL,0,42,'2017-11-16 12:51:42',NULL,NULL),(288,70,7,19,31,NULL,'GR430','C730',NULL,'Nirmala ','Varnit','Nayna','Female','Varnit','Nayna','','Behula','','','','','','2010-10-17','2011-06-14','Kalyani nagar,Pune','','','','','','','','','2017 - 18',0,1,NULL,NULL,0,42,'2017-11-16 12:51:42',NULL,NULL),(289,70,7,19,32,NULL,'GR431','C731',NULL,'Nitia','Varsan','Neelakantachar','Female','Varsan','Neelakantachar','','Bel','','','','','','2010-10-18','2011-06-14','KP,Pune','','','','','','','','','2017 - 18',0,1,NULL,NULL,0,42,'2017-11-16 12:51:42',NULL,NULL),(290,70,4,19,32,NULL,'GR432','C732',NULL,'Oumapathi','Varshan','Neeru','Female','Varshan','Neeru','','Bela','','','','','','2010-10-19','2011-06-14','Aundh, Pune','','','','','','','','','2017 - 18',0,1,NULL,NULL,0,42,'2017-11-16 12:51:42',NULL,NULL),(291,70,3,19,32,NULL,'GR434','C734',NULL,'Parlvdy','Varshid','Nihar','Female','Varshid','Nihar','','Benisha','','','','','','2010-10-21','2011-06-14','Sb road,Pune','','','','','','','','','2017 - 18',0,1,NULL,NULL,0,42,'2017-11-16 12:51:42',NULL,NULL),(292,70,3,19,32,NULL,'GR435','C735',NULL,'Parvti','Varshil','Nikunj','Female','Varshil','Nikunj','','Benshik','','','','','','2010-10-22','2011-06-14','Law college Road Pune','','','','','','','','','2017 - 18',0,1,NULL,NULL,0,42,'2017-11-16 12:51:42',NULL,NULL),(293,70,7,19,32,NULL,'GR436','C736',NULL,'Priya','Varshit','Nilu','Female','Varshit','Nilu','','Bethina','','','','','','2010-10-23','2011-06-14','Kothrud, Pune','','','','','','','','','2017 - 18',0,1,NULL,NULL,0,42,'2017-11-16 12:51:42',NULL,NULL),(294,70,4,19,32,NULL,'GR437','C737',NULL,'Radharani','Varshith','Niraj','Female','Varshith','Niraj','','Bhagini','','','','','','2010-10-24','2011-06-14','Karvenagar,Pune','','','','','','','','','2017 - 18',0,1,NULL,NULL,0,42,'2017-11-16 12:51:42',NULL,NULL),(295,70,3,19,32,NULL,'GR439','C739',NULL,'Rasa-Lila','Vartik','Nishit','Female','Vartik','Nishit','','Bhagyashree','','','','','','2010-10-26','2011-06-14','Prabhat road,Pune','','','','','','','','','2017 - 18',0,1,NULL,NULL,0,42,'2017-11-16 12:51:42',NULL,NULL),(296,70,7,19,32,NULL,'GR440','C740',NULL,'Ravija','Varuan','Nitesha','Female','Varuan','Nitesha','','Bhagyashri','','','','','','2010-10-27','2011-06-14','Camp ,Pune','','','','','','','','','2017 - 18',0,1,NULL,NULL,0,42,'2017-11-16 12:51:42',NULL,NULL),(297,70,7,19,32,NULL,'GR441','C741',NULL,'Reshmi ','Varun','Niveda','Female','Varun','Niveda','','Bhagyavi','','','','','','2010-10-28','2011-06-14','Kalyani nagar,Pune','','','','','','','','','2017 - 18',0,1,NULL,NULL,0,42,'2017-11-16 12:51:42',NULL,NULL),(298,70,4,19,32,NULL,'GR442','C742',NULL,'Richia','Varunesh','Ogale','Female','Varunesh','Ogale','','Bhairavi','','','','','','2010-10-29','2011-06-14','KP,Pune','','','','','','','','','2017 - 18',0,1,NULL,NULL,0,42,'2017-11-16 12:51:42',NULL,NULL),(299,70,7,19,32,NULL,'GR443','C743',NULL,'Rogany','Varya','Padmanabh','Female','Varya','Padmanabh','','Bhajna','','','','','','2010-10-30','2011-06-14','Aundh, Pune','','','','','','','','','2017 - 18',0,1,NULL,NULL,0,42,'2017-11-16 12:51:42',NULL,NULL),(300,70,4,19,32,NULL,'GR444','C744',NULL,'Roshanara ','Vasan','Pai','Female','Vasan','Pai','','Bhakti','','','','','','2010-10-31','2011-06-14','Baner, Pune','','','','','','','','','2017 - 18',0,1,NULL,NULL,0,42,'2017-11-16 12:51:42',NULL,NULL),(301,70,3,19,32,NULL,'GR446','C746',NULL,'Saci-Dvi','Vasanth','Palshikar','Female','Vasanth','Palshikar','','Bhamini','','','','','','2010-11-02','2011-06-14','Law college Road Pune','','','','','','','','','2017 - 18',0,1,NULL,NULL,0,42,'2017-11-16 12:51:42',NULL,NULL),(302,70,3,19,32,NULL,'GR447','C747',NULL,'Sangeeta','Vasav','Panick','Female','Vasav','Panick','','Bhanuja','','','','','','2010-11-03','2011-06-14','Kothrud, Pune','','','','','','','','','2017 - 18',0,1,NULL,NULL,0,42,'2017-11-16 12:51:42',NULL,NULL),(303,70,7,19,32,NULL,'GR448','C748',NULL,'Sarasvati','Vasava','Panth','Female','Vasava','Panth','','Bhanuni','','','','','','2010-11-04','2011-06-14','Karvenagar,Pune','','','','','','','','','2017 - 18',0,1,NULL,NULL,0,42,'2017-11-16 12:51:43',NULL,NULL),(304,70,4,19,32,NULL,'GR449','C749',NULL,'Sassita','Vashisht','Paramartha','Female','Vashisht','Paramartha','','Bhanvi','','','','','','2010-11-05','2011-06-14','Pimple saudagar,Pune','','','','','','','','','2017 - 18',0,1,NULL,NULL,0,42,'2017-11-16 12:51:43',NULL,NULL),(305,70,3,19,32,NULL,'GR451','C751',NULL,'Seetha ','Maahir','Parthiban','Female','Maahir','Parthiban','','Bharati','','','','','','2010-11-07','2011-06-14','Camp ,Pune','','','','','','','','','2017 - 18',0,1,NULL,NULL,0,42,'2017-11-16 12:51:43',NULL,NULL),(306,70,7,19,32,NULL,'GR452','C752',NULL,'Shalini','Maalav','Pasuma','Female','Maalav','Pasuma','','Bharavi','','','','','','2010-11-08','2011-06-14','Kalyani nagar,Pune','','','','','','','','','2017 - 18',0,1,NULL,NULL,0,42,'2017-11-16 12:51:43',NULL,NULL),(307,70,7,19,32,NULL,'GR453','C753',NULL,'Shardla','Maalin','Patterjee','Female','Maalin','Patterjee','','Bhargavi','','','','','','2010-11-09','2011-06-14','KP,Pune','','','','','','','','','2017 - 18',0,1,NULL,NULL,0,42,'2017-11-16 12:51:43',NULL,NULL),(308,70,4,19,32,NULL,'GR454','C754',NULL,'Shila ','Maan','Pavi','Female','Maan','Pavi','','Bharghavi','','','','','','2010-11-10','2011-06-14','Aundh, Pune','','','','','','','','','2017 - 18',0,1,NULL,NULL,0,42,'2017-11-16 12:51:43',NULL,NULL),(309,70,3,19,32,NULL,'GR456','C756',NULL,'Shyamala ','Madesh','Phadkar','Female','Madesh','Phadkar','','Bharti','','','','','','2010-11-12','2011-06-14','Sb road,Pune','','','','','','','','','2017 - 18',0,1,NULL,NULL,0,42,'2017-11-16 12:51:43',NULL,NULL),(310,70,3,19,32,NULL,'GR457','C757',NULL,'Sindamany','Madhan','Pillalamarri','Female','Madhan','Pillalamarri','','Bharvi','','','','','','2010-11-13','2011-06-14','Law college Road Pune','','','','','','','','','2017 - 18',0,1,NULL,NULL,0,42,'2017-11-16 12:51:43',NULL,NULL),(311,70,7,19,32,NULL,'GR458','C758',NULL,'Sonal ','Madhav','Polamreddy','Female','Madhav','Polamreddy','','Bhaumi','','','','','','2010-11-14','2011-06-14','Kothrud, Pune','','','','','','','','','2017 - 18',0,1,NULL,NULL,0,42,'2017-11-16 12:51:43',NULL,NULL),(312,70,4,19,32,NULL,'GR459','C759',NULL,'Soubila','Madhava','Pooja','Female','Madhava','Pooja','','Bhavana','','','','','','2010-11-15','2011-06-14','Karvenagar,Pune','','','','','','','','','2017 - 18',0,1,NULL,NULL,0,42,'2017-11-16 12:51:43',NULL,NULL),(313,70,3,19,32,NULL,'GR461','C761',NULL,'Sumati ','Madhesh','Praharaj','Female','Madhesh','Praharaj','','Bhavanya','','','','','','2010-11-17','2011-06-14','Prabhat road,Pune','','','','','','','','','2017 - 18',0,1,NULL,NULL,0,42,'2017-11-16 12:51:43',NULL,NULL),(314,70,7,19,32,NULL,'GR462','C762',NULL,'Sunita ','Madhu','Prasad','Female','Madhu','Prasad','','Bhavati','','','','','','2010-11-18','2011-06-14','Camp ,Pune','','','','','','','','','2017 - 18',0,1,NULL,NULL,0,42,'2017-11-16 12:51:43',NULL,NULL),(315,70,7,19,32,NULL,'GR463','C763',NULL,'Sushila ','Madhuban','Prasanth','Female','Madhuban','Prasanth','','Bhavi','','','','','','2010-11-19','2011-06-14','Kalyani nagar,Pune','','','','','','','','','2017 - 18',0,1,NULL,NULL,0,42,'2017-11-16 12:51:43',NULL,NULL),(316,70,4,19,32,NULL,'GR464','C764',NULL,'Sylvidra','Madhuk','Prasoon','Female','Madhuk','Prasoon','','Bhavika','','','','','','2010-11-20','2011-06-14','KP,Pune','','','','','','','','','2017 - 18',0,1,NULL,NULL,0,42,'2017-11-16 12:51:44',NULL,NULL),(317,70,7,19,32,NULL,'GR465','C765',NULL,'Upasana ','Madhukar','Praveenkumar','Female','Madhukar','Praveenkumar','','Bhavini','','','','','','2010-11-21','2011-06-14','Aundh, Pune','','','','','','','','','2017 - 18',0,1,NULL,NULL,0,42,'2017-11-16 12:51:44',NULL,NULL),(318,70,4,19,32,NULL,'GR466','C766',NULL,'Usha-Dvi','Madhumay','Premkumar','Female','Madhumay','Premkumar','','Bhavisha','','','','','','2010-11-22','2011-06-14','Baner, Pune','','','','','','','','','2017 - 18',0,1,NULL,NULL,0,42,'2017-11-16 12:51:44',NULL,NULL),(319,70,3,19,32,NULL,'GR468','C768',NULL,'Vasudha ','Madhur','Priyadarshi','Female','Madhur','Priyadarshi','','Bhaviya','','','','','','2010-11-24','2011-06-14','Law college Road Pune','','','','','','','','','2017 - 18',0,1,NULL,NULL,0,42,'2017-11-16 12:51:45',NULL,NULL),(320,70,3,19,32,NULL,'GR469','C769',NULL,'Vena ','Madhyam','Profulla','Female','Madhyam','Profulla','','Bhavna','','','','','','2010-11-25','2011-06-14','Kothrud, Pune','','','','','','','','','2017 - 18',0,1,NULL,NULL,0,42,'2017-11-16 12:51:45',NULL,NULL),(321,70,7,19,32,NULL,'GR470','C770',NULL,'Vijaya ','Madin','Pulavarti','Female','Madin','Pulavarti','','Bhavukta','','','','','','2010-11-26','2011-06-14','Karvenagar,Pune','','','','','','','','','2017 - 18',0,1,NULL,NULL,0,42,'2017-11-16 12:51:45',NULL,NULL),(322,70,4,19,32,NULL,'GR471','C771',NULL,'Vindhy','Madur','Punati','Female','Madur','Punati','','Bhavy','','','','','','2010-11-27','2011-06-14','Pimple saudagar,Pune','','','','','','','','','2017 - 18',0,1,NULL,NULL,0,42,'2017-11-16 12:51:45',NULL,NULL),(323,70,3,19,32,NULL,'GR473','C773',NULL,'Youvathi','Magadha','Purva','Female','Magadha','Purva','','Bhavya Sri','','','','','','2010-11-29','2011-06-14','Camp ,Pune','','','','','','','','','2017 - 18',0,1,NULL,NULL,0,42,'2017-11-16 12:51:45',NULL,NULL),(324,70,7,19,32,NULL,'GR474','C774',NULL,'Adita','Magath','Pusti','Female','Magath','Pusti','','Bhawna','','','','','','2010-11-30','2011-06-14','Kalyani nagar,Pune','','','','','','','','','2017 - 18',0,1,NULL,NULL,0,42,'2017-11-16 12:51:45',NULL,NULL),(325,70,7,19,32,NULL,'GR475','C775',NULL,'Amala ','Magesh','Rachna','Female','Magesh','Rachna','','Bhemai','','','','','','2010-12-01','2011-06-14','KP,Pune','','','','','','','','','2017 - 18',0,1,NULL,NULL,0,42,'2017-11-16 12:51:45',NULL,NULL),(326,70,4,19,32,NULL,'GR476','C776',NULL,'Ananda ','Magh','Ragha','Female','Magh','Ragha','','Bhini','','','','','','2010-12-02','2011-06-14','Aundh, Pune','','','','','','','','','2017 - 18',0,1,NULL,NULL,0,42,'2017-11-16 12:51:45',NULL,NULL),(327,70,3,19,32,NULL,'GR478','C778',NULL,'Anjali ','Mahadeva','Rajabhushan','Female','Mahadeva','Rajabhushan','','Bhoomi','','','','','','2010-12-04','2011-06-14','Sb road,Pune','','','','','','','','','2017 - 18',0,1,NULL,NULL,0,42,'2017-11-16 12:51:45',NULL,NULL),(328,70,3,11,31,NULL,'GR479','C779',NULL,'Anupama ','Mahaj','Rajan','Female','Mahaj','Rajan','','Bhoomika','','','','','','2010-12-05','2011-06-14','Law college Road Pune','','','','','','','','','2017 - 18',0,1,NULL,NULL,0,42,'2017-11-16 12:51:45',NULL,NULL),(329,70,7,11,31,NULL,'GR480','C780',NULL,'Archana ','Mahajeet','Rajashi','Female','Mahajeet','Rajashi','','Bhrithi','','','','','','2010-12-06','2011-06-14','Kothrud, Pune','','','','','','','','','2017 - 18',0,1,NULL,NULL,0,42,'2017-11-16 12:51:46',NULL,NULL),(330,70,4,11,31,NULL,'GR481','C781',NULL,'Avani ','Mahakal','Rakala','Female','Mahakal','Rakala','','Bhuma','','','','','','2010-12-07','2011-06-14','Karvenagar,Pune','','','','','','','','','2017 - 18',0,1,NULL,NULL,0,42,'2017-11-16 12:51:46',NULL,NULL),(331,70,3,11,31,NULL,'GR483','C783',NULL,'Candravali','Mahakram','Raman','Female','Mahakram','Raman','','Bhumija','','','','','','2010-12-09','2011-06-14','Prabhat road,Pune','','','','','','','','','2017 - 18',0,1,NULL,NULL,0,42,'2017-11-16 12:51:46',NULL,NULL),(332,70,7,11,31,NULL,'GR484','C784',NULL,'Chandana ','Mahaling','Ramanujam','Female','Mahaling','Ramanujam','','Bhumika','','','','','','2010-12-10','2011-06-14','Camp ,Pune','','','','','','','','','2017 - 18',0,1,NULL,NULL,0,42,'2017-11-16 12:51:46',NULL,NULL),(333,70,7,11,31,NULL,'GR485','C785',NULL,'Chandrakanta ','Mahamati','Ramaswamy','Female','Mahamati','Ramaswamy','','Bhupali','','','','','','2010-12-11','2011-06-14','Kalyani nagar,Pune','','','','','','','','','2017 - 18',0,1,NULL,NULL,0,42,'2017-11-16 12:51:46',NULL,NULL),(334,70,4,11,31,NULL,'GR486','C786',NULL,'Dalini','Mahanand','Ramila','Female','Mahanand','Ramila','','Bhuvana','','','','','','2010-12-12','2011-06-14','KP,Pune','','','','','','','','','2017 - 18',0,1,NULL,NULL,0,42,'2017-11-16 12:51:46',NULL,NULL),(335,70,7,11,31,NULL,'GR487','C787',NULL,'Daya','Mahanidhi','Ramprakash','Female','Mahanidhi','Ramprakash','','Bhuvi','','','','','','2010-12-13','2011-06-14','Aundh, Pune','','','','','','','','','2017 - 18',0,1,NULL,NULL,0,42,'2017-11-16 12:51:46',NULL,NULL),(336,70,4,11,31,NULL,'GR488','C788',NULL,'Devi','Mahant','Ranadhir','Female','Mahant','Ranadhir','','Bhuvika','','','','','','2010-12-14','2011-06-14','Baner, Pune','','','','','','','','','2017 - 18',0,1,NULL,NULL,0,42,'2017-11-16 12:51:46',NULL,NULL),(337,70,3,11,31,NULL,'GR490','C790',NULL,'Dourgavati','Maharshi','Ranjan','Female','Maharshi','Ranjan','','Bibha','','','','','','2010-12-16','2011-06-14','Law college Road Pune','','','','','','','','','2017 - 18',0,1,NULL,NULL,0,42,'2017-11-16 12:51:46',NULL,NULL),(338,70,3,11,32,NULL,'GR491','C791',NULL,'Esha ','Maharth','Rasiah','Female','Maharth','Rasiah','','Bidisha','','','','','','2010-12-17','2011-06-14','Kothrud, Pune','','','','','','','','','2017 - 18',0,1,NULL,NULL,0,42,'2017-11-16 12:51:46',NULL,NULL),(339,70,7,11,32,NULL,'GR492','C792',NULL,'Gita ','Maharvin','Raven','Female','Maharvin','Raven','','Bijali','','','','','','2010-12-18','2011-06-14','Karvenagar,Pune','','','','','','','','','2017 - 18',0,1,NULL,NULL,0,42,'2017-11-16 12:51:46',NULL,NULL),(340,70,4,11,32,NULL,'GR493','C793',NULL,'Gopi','Mahasvin','Raviram','Female','Mahasvin','Raviram','','Bijli','','','','','','2010-12-19','2011-06-14','Pimple saudagar,Pune','','','','','','','','','2017 - 18',0,1,NULL,NULL,0,42,'2017-11-16 12:51:46',NULL,NULL),(341,70,3,11,32,NULL,'GR495','C795',NULL,'Indrani ','Mahatru','Renukunta','Female','Mahatru','Renukunta','','Bilwasri','','','','','','2010-12-21','2011-06-14','Camp ,Pune','','','','','','','','','2017 - 18',0,1,NULL,NULL,0,42,'2017-11-16 12:51:46',NULL,NULL),(342,70,7,11,32,NULL,'GR496','C796',NULL,'Jaya ','Mahavir','Richa','Female','Mahavir','Richa','','Bimala','','','','','','2010-12-22','2011-06-14','Kalyani nagar,Pune','','','','','','','','','2017 - 18',0,1,NULL,NULL,0,42,'2017-11-16 12:51:46',NULL,NULL),(343,70,7,11,32,NULL,'GR497','C797',NULL,'Jyoti ','Mahavira','Rishmal','Female','Mahavira','Rishmal','','Bimbi','','','','','','2010-12-23','2011-06-14','KP,Pune','','','','','','','','','2017 - 18',0,1,NULL,NULL,0,42,'2017-11-16 12:51:46',NULL,NULL),(344,70,4,11,32,NULL,'GR498','C798',NULL,'Kala ','Mahee','Roy','Female','Mahee','Roy','','Bina','','','','','','2010-12-24','2011-06-14','Aundh, Pune','','','','','','','','','2017 - 18',0,1,NULL,NULL,0,42,'2017-11-16 12:51:46',NULL,NULL),(345,70,3,11,32,NULL,'GR500','C800',NULL,'Kamini ','Maheep','Rustagi','Female','Maheep','Rustagi','','Bindhiya','','','','','','2010-12-26','2011-06-14','Sb road,Pune','','','','','','','','','2017 - 18',0,1,NULL,NULL,0,42,'2017-11-16 12:51:47',NULL,NULL),(346,70,3,11,32,NULL,'GR501','C801',NULL,'Kanta ','Maheepati','Sadalge','Female','Maheepati','Sadalge','','Bindiya','','','','','','2010-12-27','2011-06-14','Law college Road Pune','','','','','','','','','2017 - 18',0,1,NULL,NULL,0,42,'2017-11-16 12:51:47',NULL,NULL),(347,70,7,11,32,NULL,'GR502','C802',NULL,'Kariyamna','Mahendi','Saeed','Female','Mahendi','Saeed','','Bindu','','','','','','2010-12-28','2011-06-14','Kothrud, Pune','','','','','','','','','2017 - 18',0,1,NULL,NULL,0,42,'2017-11-16 12:51:47',NULL,NULL),(348,70,4,11,32,NULL,'GR503','C803',NULL,'Kashi ','Mahendra','Sahar','Female','Mahendra','Sahar','','Bini','','','','','','2010-12-29','2011-06-14','Karvenagar,Pune','','','','','','','','','2017 - 18',0,1,NULL,NULL,0,42,'2017-11-16 12:51:47',NULL,NULL),(349,70,3,11,32,NULL,'GR505','C805',NULL,'Kiran ','Mahesh','Sajal','Female','Mahesh','Sajal','','Binu','','','','','','2010-12-31','2011-06-14','Prabhat road,Pune','','','','','','','','','2017 - 18',0,1,NULL,NULL,0,42,'2017-11-16 12:51:47',NULL,NULL),(350,70,7,11,32,NULL,'GR506','C806',NULL,'Komathy','Maheshwar','Sakib','Female','Maheshwar','Sakib','','Bipasha','','','','','','2011-01-01','2011-06-14','Camp ,Pune','','','','','','','','','2017 - 18',0,1,NULL,NULL,0,42,'2017-11-16 12:51:47',NULL,NULL),(351,70,7,11,32,NULL,'GR507','C807',NULL,'Kunti ','Mahija','Salim','Female','Mahija','Salim','','Birajini','','','','','','2011-01-02','2011-06-14','Kalyani nagar,Pune','','','','','','','','','2017 - 18',0,1,NULL,NULL,0,42,'2017-11-16 12:51:47',NULL,NULL),(352,70,4,11,32,NULL,'GR508','C808',NULL,'Lakshmi ','Mahijith','Sameer','Female','Mahijith','Sameer','','Birva','','','','','','2011-01-03','2011-06-14','KP,Pune','','','','','','','','','2017 - 18',0,1,NULL,NULL,0,42,'2017-11-16 12:51:47',NULL,NULL),(353,70,7,13,31,NULL,'GR509','C809',NULL,'Lata ','Mahiman','Samrat','Female','Mahiman','Samrat','','Birwa','','','','','','2011-01-04','2011-06-14','Aundh, Pune','','','','','','','','','2017 - 18',0,1,NULL,NULL,0,42,'2017-11-16 12:51:47',NULL,NULL),(354,70,4,13,31,NULL,'GR510','C810',NULL,'Leka','Mahin','Sandip','Female','Mahin','Sandip','','Bishakha','','','','','','2011-01-05','2011-06-14','Baner, Pune','','','','','','','','','2017 - 18',0,1,NULL,NULL,0,42,'2017-11-16 12:51:47',NULL,NULL),(355,70,3,13,31,NULL,'GR512','C812',NULL,'Madhur ','Mahipal','Sanghi','Female','Mahipal','Sanghi','','Bithi','','','','','','2011-01-07','2011-06-14','Law college Road Pune','','','','','','','','','2017 - 18',0,1,NULL,NULL,0,42,'2017-11-16 12:51:47',NULL,NULL),(356,70,3,13,31,NULL,'GR513','C813',NULL,'Malati ','Mahipati','Sankait','Female','Mahipati','Sankait','','Bithika','','','','','','2011-01-08','2011-06-14','Kothrud, Pune','','','','','','','','','2017 - 18',0,1,NULL,NULL,0,42,'2017-11-16 12:51:47',NULL,NULL),(357,70,7,13,31,NULL,'GR514','C814',NULL,'Manjika','Mahir','Santanu','Female','Mahir','Santanu','','Bodhi','','','','','','2011-01-09','2011-06-14','Karvenagar,Pune','','','','','','','','','2017 - 18',0,1,NULL,NULL,0,42,'2017-11-16 12:51:47',NULL,NULL),(358,70,4,13,31,NULL,'GR515','C815',NULL,'Maya ','Mahira','Sanyukta','Female','Mahira','Sanyukta','','Bonasri','','','','','','2011-01-10','2011-06-14','Pimple saudagar,Pune','','','','','','','','','2017 - 18',0,1,NULL,NULL,0,42,'2017-11-16 12:51:47',NULL,NULL),(359,70,3,13,31,NULL,'GR517','C817',NULL,'Mohini ','Mahish','Saraswathi','Female','Mahish','Saraswathi','','Braahmi','','','','','','2011-01-12','2011-06-14','Camp ,Pune','','','','','','','','','2017 - 18',0,1,NULL,NULL,0,42,'2017-11-16 12:51:47',NULL,NULL),(360,70,7,13,31,NULL,'GR518','C818',NULL,'Nandini','Mahit','Sarin','Female','Mahit','Sarin','','Brahmi','','','','','','2011-01-13','2011-06-14','Kalyani nagar,Pune','','','','','','','','','2017 - 18',0,1,NULL,NULL,0,42,'2017-11-16 12:51:48',NULL,NULL),(361,70,7,13,31,NULL,'GR519','C819',NULL,'Neelam ','Mahith','Sarup','Female','Mahith','Sarup','','Brija','','','','','','2011-01-14','2011-06-14','KP,Pune','','','','','','','','','2017 - 18',0,1,NULL,NULL,0,42,'2017-11-16 12:51:48',NULL,NULL),(362,70,4,13,31,NULL,'GR520','C820',NULL,'Nila ','Mahnav','Sasthi','Female','Mahnav','Sasthi','','Brijal','','','','','','2011-01-15','2011-06-14','Aundh, Pune','','','','','','','','','2017 - 18',0,1,NULL,NULL,0,42,'2017-11-16 12:51:48',NULL,NULL),(363,70,3,13,31,NULL,'GR522','C822',NULL,'Nitika ','Mairava','Satsangi','Female','Mairava','Satsangi','','Brindha','','','','','','2011-01-17','2011-06-14','Sb road,Pune','','','','','','','','','2017 - 18',0,1,NULL,NULL,0,42,'2017-11-16 12:51:48',NULL,NULL),(364,70,3,13,31,NULL,'GR523','C823',NULL,'Oumarani','Maitraiy','Satyavrat','Female','Maitraiy','Satyavrat','','Brishti','','','','','','2011-01-18','2011-06-14','Law college Road Pune','','','','','','','','','2017 - 18',0,1,NULL,NULL,0,42,'2017-11-16 12:51:48',NULL,NULL),(365,70,7,13,31,NULL,'GR524','C824',NULL,'Padmavati','Maitreya','Savdeep','Female','Maitreya','Savdeep','','Briti','','','','','','2011-01-19','2011-06-14','Kothrud, Pune','','','','','','','','','2017 - 18',0,1,NULL,NULL,0,42,'2017-11-16 12:51:48',42,'2017-11-20 12:09:50'),(366,70,4,13,31,NULL,'GR525','C825',NULL,'Parnita','Makar','Seetamraju','Female','Makar','Seetamraju','','Brunda','','','','','','2011-01-20','2011-06-14','Karvenagar,Pune','','','','','','','','','2017 - 18',0,1,NULL,NULL,0,42,'2017-11-16 12:51:48',NULL,NULL),(367,70,3,13,31,NULL,'GR527','C827',NULL,'Rachana ','Makul','Senapathy','Female','Makul','Senapathy','','Bulbul','','','','','','2011-01-22','2011-06-14','Prabhat road,Pune','','','','','','','','','2017 - 18',0,1,NULL,NULL,0,42,'2017-11-16 12:51:48',NULL,NULL),(368,70,7,13,31,NULL,'GR528','C828',NULL,'Radika','Makur','Seshadrinathan','Female','Makur','Seshadrinathan','','Cammy','','','','','','2011-01-23','2011-06-14','Camp ,Pune','','','','','','','','','2017 - 18',0,1,NULL,NULL,0,42,'2017-11-16 12:51:48',NULL,NULL),(369,70,7,13,32,NULL,'GR529','C829',NULL,'Rajkumari ','Malank','Setra','Female','Malank','Setra','','Cauvery','','','','','','2011-01-24','2011-06-14','Kalyani nagar,Pune','','','','','','','','','2017 - 18',0,1,NULL,NULL,0,42,'2017-11-16 12:51:48',NULL,NULL),(370,70,4,13,32,NULL,'GR530','C830',NULL,'Rashmi ','Malav','Shahbaz','Female','Malav','Shahbaz','','Chahana','','','','','','2011-01-25','2011-06-14','KP,Pune','','','','','','','','','2017 - 18',0,1,NULL,NULL,0,42,'2017-11-16 12:51:48',NULL,NULL),(371,70,7,13,32,NULL,'GR531','C831',NULL,'Reena ','Malay','Shailendra','Female','Malay','Shailendra','','Chaheti','','','','','','2011-01-26','2011-06-14','Aundh, Pune','','','','','','','','','2017 - 18',0,1,NULL,NULL,0,42,'2017-11-16 12:51:48',NULL,NULL),(372,70,4,13,32,NULL,'GR532','C832',NULL,'Reva ','Malesh','Shally','Female','Malesh','Shally','','Chahna','','','','','','2011-01-27','2011-06-14','Baner, Pune','','','','','','','','','2017 - 18',0,1,NULL,NULL,0,42,'2017-11-16 12:51:48',NULL,NULL),(373,70,3,13,32,NULL,'GR534','C834',NULL,'Roguiny','Malhari','Shashank','Female','Malhari','Shashank','','Chaitaly','','','','','','2011-01-29','2011-06-14','Law college Road Pune','','','','','','','','','2017 - 18',0,1,NULL,NULL,0,42,'2017-11-16 12:51:48',NULL,NULL),(374,70,3,13,32,NULL,'GR535','C835',NULL,'Roshni ','Malinga','Sheba','Female','Malinga','Sheba','','Chaithana','','','','','','2011-01-30','2011-06-14','Kothrud, Pune','','','','','','','','','2017 - 18',0,1,NULL,NULL,0,42,'2017-11-16 12:51:48',NULL,NULL),(375,70,7,13,32,NULL,'GR536','C836',NULL,'Rupinder ','Malkant','Shilpa','Female','Malkant','Shilpa','','Chaithra','','','','','','2011-01-31','2011-06-14','Karvenagar,Pune','','','','','','','','','2017 - 18',0,1,NULL,NULL,0,42,'2017-11-16 12:51:48',NULL,NULL),(376,70,4,13,32,NULL,'GR537','C837',NULL,'Sakti','Mallesh','Shirishkumar','Female','Mallesh','Shirishkumar','','Chaitra','','','','','','2011-02-01','2011-06-14','Pimple saudagar,Pune','','','','','','','','','2017 - 18',0,1,NULL,NULL,0,42,'2017-11-16 12:51:48',NULL,NULL),(377,70,3,13,32,NULL,'GR539','C839',NULL,'Saraswati ','Mamik','Shradhdha','Female','Mamik','Shradhdha','','Chalsia','','','','','','2011-02-03','2011-06-14','Camp ,Pune','','','','','','','','','2017 - 18',0,1,NULL,NULL,0,42,'2017-11-16 12:51:49',NULL,NULL),(378,70,7,13,32,NULL,'GR540','C840',NULL,'Sati ','Man','Shridhar','Female','Man','Shridhar','','Chanchal','','','','','','2011-02-04','2011-06-14','Kalyani nagar,Pune','','','','','','','','','2017 - 18',0,1,NULL,NULL,0,42,'2017-11-16 12:51:49',NULL,NULL),(379,70,7,13,32,NULL,'GR541','C841',NULL,'Savitri ','Manajith','Shrisha','Female','Manajith','Shrisha','','Chancy','','','','','','2011-02-05','2011-06-14','KP,Pune','','','','','','','','','2017 - 18',0,1,NULL,NULL,0,42,'2017-11-16 12:51:49',NULL,NULL),(380,70,4,13,32,NULL,'GR542','C842',NULL,'Shailaja ','Manalp','Shubhashish','Female','Manalp','Shubhashish','','Chanda','','','','','','2011-02-06','2011-06-14','Aundh, Pune','','','','','','','','','2017 - 18',0,1,NULL,NULL,0,42,'2017-11-16 12:51:49',NULL,NULL),(381,70,3,13,32,NULL,'GR544','C844',NULL,'Sharmila ','Manank','Simha','Female','Manank','Simha','','Chandani','','','','','','2011-02-08','2011-06-14','Sb road,Pune','','','','','','','','','2017 - 18',0,1,NULL,NULL,0,42,'2017-11-16 12:51:49',NULL,NULL),(382,70,3,13,32,NULL,'GR545','C845',NULL,'Shivali ','Manansh','Sitipala','Female','Manansh','Sitipala','','Chandi','','','','','','2011-02-09','2011-06-14','Law college Road Pune','','','','','','','','','2017 - 18',0,1,NULL,NULL,0,42,'2017-11-16 12:51:49',NULL,NULL),(383,70,7,13,32,NULL,'GR546','C846',NULL,'Shri ','Manant','Sivasubramaniam','Female','Manant','Sivasubramaniam','','Chandika','','','','','','2011-02-10','2011-06-14','Kothrud, Pune','','','','','','','','','2017 - 18',0,1,NULL,NULL,0,42,'2017-11-16 12:51:49',NULL,NULL),(384,70,4,13,32,NULL,'GR547','C847',NULL,'Silma','Manas','Snigdha','Female','Manas','Snigdha','','Chandini','','','','','','2011-02-11','2011-06-14','Karvenagar,Pune','','','','','','','','','2017 - 18',0,1,NULL,NULL,0,42,'2017-11-16 12:51:49',NULL,NULL),(385,70,3,13,32,NULL,'GR549','C849',NULL,'Sonali','Manasyu','Somayaji','Female','Manasyu','Somayaji','','Charani','','','','','','2011-02-13','2011-06-14','Prabhat road,Pune','','','','','','','','','2017 - 18',0,1,NULL,NULL,0,42,'2017-11-16 12:51:49',NULL,NULL),(386,70,7,13,32,NULL,'GR550','C850',NULL,'Soudarmani','Manav','Sonia','Female','Manav','Sonia','','Charita','','','','','','2011-02-14','2011-06-14','Camp ,Pune','','','','','','','','','2017 - 18',0,1,NULL,NULL,0,42,'2017-11-16 12:51:49',NULL,NULL),(387,70,7,13,32,NULL,'GR551','C851',NULL,'Subhadra','Miky','Soumen','Female','Miky','Soumen','','Charitha','','','','','','2011-02-15','2011-06-14','Kalyani nagar,Pune','','','','','','','','','2017 - 18',0,1,NULL,NULL,0,42,'2017-11-16 12:51:49',NULL,NULL),(388,70,4,13,32,NULL,'GR552','C852',NULL,'Sumitra','Milan','Sourabh','Female','Milan','Sourabh','','Charitrya','','','','','','2011-02-16','2011-06-14','KP,Pune','','','','','','','','','2017 - 18',0,1,NULL,NULL,0,42,'2017-11-16 12:51:49',NULL,NULL),(389,70,7,13,32,NULL,'GR553','C853',NULL,'Sunitha ','Miland','Sree','Female','Miland','Sree','','Charmi','','','','','','2011-02-17','2011-06-14','Aundh, Pune','','','','','','','','','2017 - 18',0,1,NULL,NULL,0,42,'2017-11-16 12:51:49',NULL,NULL),(390,70,4,13,32,NULL,'GR554','C854',NULL,'Swapna ','Milap','Sreekanthan','Female','Milap','Sreekanthan','','Charmy','','','','','','2011-02-18','2011-06-14','Baner, Pune','','','','','','','','','2017 - 18',0,1,NULL,NULL,0,42,'2017-11-16 12:51:49',NULL,NULL),(391,70,3,14,31,NULL,'GR556','C856',NULL,'Urvashi','Milit','Srikrishna','Female','Milit','Srikrishna','','Charul','','','','','','2011-02-20','2011-06-14','Law college Road Pune','','','','','','','','','2017 - 18',0,1,NULL,NULL,0,42,'2017-11-16 12:51:49',NULL,NULL),(392,70,3,14,31,NULL,'GR557','C857',NULL,'Ushas ','Milun','Srini','Female','Milun','Srini','','Charula','','','','','','2011-02-21','2011-06-14','Kothrud, Pune','','','','','','','','','2017 - 18',0,1,NULL,NULL,0,42,'2017-11-16 12:51:49',NULL,NULL),(393,70,7,14,31,NULL,'GR558','C858',NULL,'Vasanti ','Minesh','Srivastava','Female','Minesh','Srivastava','','Charuta','','','','','','2011-02-22','2011-06-14','Karvenagar,Pune','','','','','','','','','2017 - 18',0,1,NULL,NULL,0,42,'2017-11-16 12:51:49',NULL,NULL),(394,70,4,14,31,NULL,'GR559','C859',NULL,'Vasundhara ','Minhal','Sthanumurthy','Female','Minhal','Sthanumurthy','','Charvi','','','','','','2011-02-23','2011-06-14','Pimple saudagar,Pune','','','','','','','','','2017 - 18',0,1,NULL,NULL,0,42,'2017-11-16 12:51:49',NULL,NULL),(395,70,3,14,31,NULL,'GR561','C861',NULL,'Vimala ','Mirudul','Subhuja','Female','Mirudul','Subhuja','','Chaula','','','','','','2011-02-25','2011-06-14','Camp ,Pune','','','','','','','','','2017 - 18',0,1,NULL,NULL,0,42,'2017-11-16 12:51:50',NULL,NULL),(396,70,7,14,31,NULL,'GR562','C862',NULL,'Yami ','Misal','Subramanian','Female','Misal','Subramanian','','Chaunta','','','','','','2011-02-26','2011-06-14','Kalyani nagar,Pune','','','','','','','','','2017 - 18',0,1,NULL,NULL,0,42,'2017-11-16 12:51:50',NULL,NULL),(397,70,7,14,31,NULL,'GR563','C863',NULL,'Yashoda','Mishay','Subudhi','Female','Mishay','Subudhi','','Chaya','','','','','','2011-02-27','2011-06-14','KP,Pune','','','','','','','','','2017 - 18',0,1,NULL,NULL,0,42,'2017-11-16 12:51:50',NULL,NULL),(398,70,4,14,31,NULL,'GR564','C864',NULL,'Abhay ','Mishrit','Sudarshan','Male','Mishrit','Sudarshan','','Chayana','','','','','','2011-02-28','2011-06-14','Aundh, Pune','','','','','','','','','2017 - 18',0,1,NULL,NULL,0,42,'2017-11-16 12:51:50',NULL,NULL),(399,70,3,14,31,NULL,'GR566','C866',NULL,'Ajith ','Mishya','Sudheer','Male','Mishya','Sudheer','','Cheena','','','','','','2011-03-02','2011-06-14','Sb road,Pune','','','','','','','','','2017 - 18',0,1,NULL,NULL,0,42,'2017-11-16 12:51:50',NULL,NULL),(400,70,3,14,31,NULL,'GR567','C867',NULL,'Amit ','Mit','Sujeet','Male','Mit','Sujeet','','Cheranya','','','','','','2011-03-03','2011-06-14','Law college Road Pune','','','','','','','','','2017 - 18',0,1,NULL,NULL,0,42,'2017-11-16 12:51:50',NULL,NULL),(401,70,7,14,31,NULL,'GR568','C868',NULL,'Anandha','Mital','Sukhjinder','Male','Mital','Sukhjinder','','Cherika','','','','','','2011-03-04','2011-06-14','Kothrud, Pune','','','','','','','','','2017 - 18',0,1,NULL,NULL,0,42,'2017-11-16 12:51:50',NULL,NULL),(402,70,4,14,31,NULL,'GR569','C869',NULL,'Anil ','Mitang','Sumanna','Male','Mitang','Sumanna','','Chetal','','','','','','2011-03-05','2011-06-14','Karvenagar,Pune','','','','','','','','','2017 - 18',0,1,NULL,NULL,0,42,'2017-11-16 12:51:50',NULL,NULL),(403,70,3,14,31,NULL,'GR571','C871',NULL,'Arjun ','Mitanshu','Sunrita','Male','Mitanshu','Sunrita','','Chetna','','','','','','2011-03-07','2011-06-14','Prabhat road,Pune','','','','','','','','','2017 - 18',0,1,NULL,NULL,0,42,'2017-11-16 12:51:50',NULL,NULL),(404,70,7,14,31,NULL,'GR572','C872',NULL,'Aseem ','Miten','Surabhi','Male','Miten','Surabhi','','Chetsi','','','','','','2011-03-08','2011-06-14','Camp ,Pune','','','','','','','','','2017 - 18',0,1,NULL,NULL,0,42,'2017-11-16 12:51:50',NULL,NULL),(405,70,7,14,31,NULL,'GR573','C873',NULL,'Baladeva ','Mitesh','Surekha','Male','Mitesh','Surekha','','Chimaye','','','','','','2011-03-09','2011-06-14','Kalyani nagar,Pune','','','','','','','','','2017 - 18',0,1,NULL,NULL,0,42,'2017-11-16 12:51:50',NULL,NULL),(406,70,4,14,31,NULL,'GR574','C874',NULL,'Bhaskar ','Mithil','Suriyaprakash','Male','Mithil','Suriyaprakash','','Chimayi','','','','','','2011-03-10','2011-06-14','KP,Pune','','','','','','','','','2017 - 18',0,1,NULL,NULL,0,42,'2017-11-16 12:51:50',NULL,NULL),(407,70,7,14,31,NULL,'GR575','C875',NULL,'Brijesh ','Mithila','Surujnarine','Male','Mithila','Surujnarine','','Chinitya','','','','','','2011-03-11','2011-06-14','Aundh, Pune','','','','','','','','','2017 - 18',0,1,NULL,NULL,0,42,'2017-11-16 12:51:50',NULL,NULL),(408,70,4,14,31,NULL,'GR576','C876',NULL,'Chandan ','Mithilesh','Suryanarayana','Male','Mithilesh','Suryanarayana','','Chinmayi','','','','','','2011-03-12','2011-06-14','Baner, Pune','','','','','','','','','2017 - 18',0,1,NULL,NULL,0,42,'2017-11-16 12:51:50',NULL,NULL),(409,70,3,14,31,NULL,'GR578','C878',NULL,'Chiranjivi ','Mithresh','Swamy','Male','Mithresh','Swamy','','Chintana','','','','','','2011-03-14','2011-06-14','Law college Road Pune','','','','','','','','','2017 - 18',0,1,NULL,NULL,0,42,'2017-11-16 12:51:50',NULL,NULL),(410,70,3,14,31,NULL,'GR579','C879',NULL,'Darmsh','Mithul','Sweta','Male','Mithul','Sweta','','Chinthana','','','','','','2011-03-15','2011-06-14','Kothrud, Pune','','','','','','','','','2017 - 18',0,1,NULL,NULL,0,42,'2017-11-16 12:51:50',NULL,NULL),(411,70,7,14,32,NULL,'GR580','C880',NULL,'Deepak','Mithun','Talwar','Male','Mithun','Talwar','','Chistha','','','','','','2011-03-16','2011-06-14','Karvenagar,Pune','','','','','','','','','2017 - 18',0,1,NULL,NULL,0,42,'2017-11-16 12:51:50',NULL,NULL),(412,70,4,14,32,NULL,'GR581','C881',NULL,'Deva','Mitin','Tantry','Male','Mitin','Tantry','','Chiti','','','','','','2011-03-17','2011-06-14','Pimple saudagar,Pune','','','','','','','','','2017 - 18',0,1,NULL,NULL,0,42,'2017-11-16 12:51:50',NULL,NULL),(413,70,3,14,32,NULL,'GR583','C883',NULL,'Dhananjay','Mitrajit','Tarpana','Male','Mitrajit','Tarpana','','Chitra','','','','','','2011-03-19','2011-06-14','Camp ,Pune','','','','','','','','','2017 - 18',0,1,NULL,NULL,0,42,'2017-11-16 12:51:51',NULL,NULL),(414,70,7,14,32,NULL,'GR584','C884',NULL,'Dhruva','Mittal','Tetegni','Male','Mittal','Tetegni','','Chitrakshi','','','','','','2011-03-20','2011-06-14','Kalyani nagar,Pune','','','','','','','','','2017 - 18',0,1,NULL,NULL,0,42,'2017-11-16 12:51:51',NULL,NULL),(415,70,7,14,32,NULL,'GR585','C885',NULL,'Dipak','Mittali','Thandray','Male','Mittali','Thandray','','Chitrali','','','','','','2011-03-21','2011-06-14','KP,Pune','','','','','','','','','2017 - 18',0,1,NULL,NULL,0,42,'2017-11-16 12:51:51',NULL,NULL),(416,70,4,14,32,NULL,'GR586','C886',NULL,'Djayssen','Mitthu','Thirumalaiswamy','Male','Mitthu','Thirumalaiswamy','','Chitrani','','','','','','2011-03-22','2011-06-14','Aundh, Pune','','','','','','','','','2017 - 18',0,1,NULL,NULL,0,42,'2017-11-16 12:51:51',NULL,NULL),(417,70,3,14,32,NULL,'GR588','C888',NULL,'Gautama ','Mitun','Thuvaradran','Male','Mitun','Thuvaradran','','Chndraja','','','','','','2011-03-24','2011-06-14','Sb road,Pune','','','','','','','','','2017 - 18',0,1,NULL,NULL,0,42,'2017-11-16 12:51:51',NULL,NULL),(418,70,3,14,32,NULL,'GR589','C889',NULL,'Gobind ','Mivaan','Tikku','Male','Mivaan','Tikku','','Cinthana','','','','','','2011-03-25','2011-06-14','Law college Road Pune','','','','','','','','','2017 - 18',0,1,NULL,NULL,0,42,'2017-11-16 12:51:51',NULL,NULL),(419,70,7,14,32,NULL,'GR590','C890',NULL,'Gopinath ','Modak','Toodi','Male','Modak','Toodi','','Paavani','','','','','','2011-03-26','2011-06-14','Kothrud, Pune','','','','','','','','','2017 - 18',0,1,NULL,NULL,0,42,'2017-11-16 12:51:51',NULL,NULL),(420,70,4,14,32,NULL,'GR591','C891',NULL,'Govind ','Moh','Trupti','Male','Moh','Trupti','','Paawni','','','','','','2011-03-27','2011-06-14','Karvenagar,Pune','','','','','','','','','2017 - 18',0,1,NULL,NULL,0,42,'2017-11-16 12:51:51',NULL,NULL),(421,70,3,14,32,NULL,'GR593','C893',NULL,'Harishankar','Mohak','Ubriani','Male','Mohak','Ubriani','','Padmaja','','','','','','2011-03-29','2011-06-14','Prabhat road,Pune','','','','','','','','','2017 - 18',0,1,NULL,NULL,0,42,'2017-11-16 12:51:51',NULL,NULL),(422,70,7,14,32,NULL,'GR594','C894',NULL,'Hemachandra','Mohal','Udit','Male','Mohal','Udit','','Padmakshi','','','','','','2011-03-30','2011-06-14','Camp ,Pune','','','','','','','','','2017 - 18',0,1,NULL,NULL,0,42,'2017-11-16 12:51:51',NULL,NULL),(423,70,7,14,32,NULL,'GR595','C895',NULL,'Indrajit ','Mohan','Ulind','Male','Mohan','Ulind','','Padmal','','','','','','2011-03-31','2011-06-14','Kalyani nagar,Pune','','','','','','','','','2017 - 18',0,1,NULL,NULL,0,42,'2017-11-16 12:51:51',NULL,NULL),(424,70,4,14,32,NULL,'GR596','C896',NULL,'Itesh','Mohanish','Unmesh','Male','Mohanish','Unmesh','','Padmalaya','','','','','','2011-04-01','2011-06-14','KP,Pune','','','','','','','','','2017 - 18',0,1,NULL,NULL,0,42,'2017-11-16 12:51:51',NULL,NULL),(425,70,7,14,32,NULL,'GR597','C897',NULL,'Jagjit ','Mohen','Uppuluri','Male','Mohen','Uppuluri','','Padmashree','','','','','','2011-04-02','2011-06-14','Aundh, Pune','','','','','','','','','2017 - 18',0,1,NULL,NULL,0,42,'2017-11-16 12:51:51',NULL,NULL),(426,70,4,14,32,NULL,'GR598','C898',NULL,'Jayanta ','Mohil','Uttara','Male','Mohil','Uttara','','Padmashri','','','','','','2011-04-03','2011-06-14','Baner, Pune','','','','','','','','','2017 - 18',0,1,NULL,NULL,0,42,'2017-11-16 12:51:51',NULL,NULL),(427,70,3,14,32,NULL,'GR600','C900',NULL,'Jivan','Mohit','Varganti','Male','Mohit','Varganti','','Padmini','','','','','','2011-04-05','2011-06-14','Law college Road Pune','','','','','','','','','2017 - 18',0,1,NULL,NULL,0,42,'2017-11-16 12:51:51',NULL,NULL),(428,70,3,14,32,NULL,'GR601','C901',NULL,'Kalidas ','Mohith','Veerasamy','Male','Mohith','Veerasamy','','Pahal','','','','','','2011-04-06','2011-06-14','Kothrud, Pune','','','','','','','','','2017 - 18',0,1,NULL,NULL,0,42,'2017-11-16 12:51:51',NULL,NULL),(429,70,7,14,32,NULL,'GR602','C902',NULL,'Kama ','Mohnish','Vemireddy','Male','Mohnish','Vemireddy','','Paheal','','','','','','2011-04-07','2011-06-14','Karvenagar,Pune','','','','','','','','','2017 - 18',0,1,NULL,NULL,0,42,'2017-11-16 12:51:51',NULL,NULL),(430,70,4,14,32,NULL,'GR603','C903',NULL,'Kapila ','Mohul','Venkatasubramani','Male','Mohul','Venkatasubramani','','Pahel','','','','','','2011-04-08','2011-06-14','Pimple saudagar,Pune','','','','','','','','','2017 - 18',0,1,NULL,NULL,0,42,'2017-11-16 12:51:51',NULL,NULL),(431,70,3,14,32,NULL,'GR605','C905',NULL,'Kessavamohane','Mokshal','Verma','Male','Mokshal','Verma','','Pakhi','','','','','','2011-04-10','2011-06-14','Camp ,Pune','','','','','','','','','2017 - 18',0,1,NULL,NULL,0,42,'2017-11-16 12:51:51',NULL,NULL),(432,70,7,14,32,NULL,'GR606','C906',NULL,'Kishan ','Mokshi','Vidvan','Male','Mokshi','Vidvan','','Pal','','','','','','2011-04-11','2011-06-14','Kalyani nagar,Pune','','','','','','','','','2017 - 18',0,1,NULL,NULL,0,42,'2017-11-16 12:51:51',NULL,NULL),(433,70,7,14,32,NULL,'GR607','C907',NULL,'Kistna ','Mokshit','Mokate','Male','Mokshit','Mokate','','Palakshi','','','','','','2011-04-12','2011-06-14','KP,Pune','','','','','','','','','2017 - 18',0,1,NULL,NULL,0,42,'2017-11-16 12:51:52',NULL,NULL),(434,70,4,14,32,NULL,'GR608','C908',NULL,'Krishnin','Mokshith','Mooljee','Male','Mokshith','Mooljee','','Palaksi','','','','','','2011-04-13','2011-06-14','Aundh, Pune','','','','','','','','','2017 - 18',0,1,NULL,NULL,0,42,'2017-11-16 12:51:52',NULL,NULL),(435,70,3,14,32,NULL,'GR610','C910',NULL,'Lakshmana ','Monank','Murti','Male','Monank','Murti','','Pallavi','','','','','','2011-04-15','2011-06-14','Sb road,Pune','','','','','','','','','2017 - 18',0,1,NULL,NULL,0,42,'2017-11-16 12:51:52',NULL,NULL),(436,70,3,14,32,NULL,'GR611','C911',NULL,'Lekha','Monark','Nagarajan','Male','Monark','Nagarajan','','Pallvi','','','','','','2011-04-16','2011-06-14','Law college Road Pune','','','','','','','','','2017 - 18',0,1,NULL,NULL,0,42,'2017-11-16 12:51:52',NULL,NULL),(437,70,7,14,32,NULL,'GR612','C912',NULL,'Madhukar ','Moni','Nageshwara','Male','Moni','Nageshwara','','Palomi','','','','','','2011-04-17','2011-06-14','Kothrud, Pune','','','','','','','','','2017 - 18',0,1,NULL,NULL,0,42,'2017-11-16 12:51:52',NULL,NULL),(438,70,4,14,32,NULL,'GR613','C913',NULL,'Mahesh ','Monik','Naidoo','Male','Monik','Naidoo','','Pameela','','','','','','2011-04-18','2011-06-14','Karvenagar,Pune','','','','','','','','','2017 - 18',0,1,NULL,NULL,0,42,'2017-11-16 12:51:52',NULL,NULL),(439,70,3,14,32,NULL,'GR615','C915',NULL,'Mard','Monish','Narang','Male','Monish','Narang','','Panavi','','','','','','2011-04-20','2011-06-14','Prabhat road,Pune','','','','','','','','','2017 - 18',0,1,NULL,NULL,0,42,'2017-11-16 12:51:52',NULL,NULL),(440,70,7,19,31,NULL,'GR678','C978',NULL,'Devdas','Kalva','Batta','Male','Kalva','Batta','','Pauravi','','','','','','2011-06-22','2011-06-14','Kothrud, Pune','','','','','','','','','2017 - 18',0,1,NULL,NULL,0,42,'2017-11-16 12:51:52',NULL,NULL),(441,70,4,19,31,NULL,'GR679','C979',NULL,'Dharma','Kalyan','Bava','Male','Kalyan','Bava','','Pavaki','','','','','','2011-06-23','2011-06-14','Karvenagar,Pune','','','','','','','','','2017 - 18',0,1,NULL,NULL,0,42,'2017-11-16 12:51:52',NULL,NULL),(442,70,3,19,31,NULL,'GR681','C981',NULL,'Dipaka','Kamalaj','Bedi','Male','Kamalaj','Bedi','','Pavanika','','','','','','2011-06-25','2011-06-14','Prabhat road,Pune','','','','','','','','','2017 - 18',0,1,NULL,NULL,0,42,'2017-11-16 12:51:52',NULL,NULL),(443,70,7,19,31,NULL,'GR682','C982',NULL,'Djeyam','Kamalaksh','Behl','Male','Kamalaksh','Behl','','Pavi','','','','','','2011-06-26','2011-06-14','Camp ,Pune','','','','','','','','','2017 - 18',0,1,NULL,NULL,0,42,'2017-11-16 12:51:52',NULL,NULL),(444,70,7,19,31,NULL,'GR683','C983',NULL,'Ganesh ','Kamalesh','Ben','Male','Kamalesh','Ben','','Pavika','','','','','','2011-06-27','2011-06-14','Kalyani nagar,Pune','','','','','','','','','2017 - 18',0,1,NULL,NULL,0,42,'2017-11-16 12:51:52',NULL,NULL),(445,70,4,19,31,NULL,'GR684','C984',NULL,'Geevarghese ','Kaman','Bera','Male','Kaman','Bera','','Pavishika','','','','','','2011-06-28','2011-06-14','KP,Pune','','','','','','','','','2017 - 18',0,1,NULL,NULL,0,42,'2017-11-16 12:51:52',NULL,NULL),(446,70,7,19,31,NULL,'GR685','C985',NULL,'Gopal ','Kamat','Bhagat','Male','Kamat','Bhagat','','Pavishna','','','','','','2011-06-29','2011-06-14','Aundh, Pune','','','','','','','','','2017 - 18',0,1,NULL,NULL,0,42,'2017-11-16 12:51:52',NULL,NULL),(447,70,4,19,31,NULL,'GR686','C986',NULL,'Gopinatha ','Kamboj','Bhakta','Male','Kamboj','Bhakta','','Paviska','','','','','','2011-06-30','2011-06-14','Baner, Pune','','','','','','','','','2017 - 18',0,1,NULL,NULL,0,42,'2017-11-16 12:51:52',NULL,NULL),(448,70,3,19,31,NULL,'GR688','C988',NULL,'Harinder ','Kamik','Bhandari','Male','Kamik','Bhandari','','Pavni','','','','','','2011-07-02','2011-06-14','Law college Road Pune','','','','','','','','','2017 - 18',0,1,NULL,NULL,0,42,'2017-11-16 12:51:52',NULL,NULL),(449,70,3,19,31,NULL,'GR689','C989',NULL,'Harsha ','Kamith','Bhardwaj','Male','Kamith','Bhardwaj','','Payal','','','','','','2011-07-03','2011-06-14','Kothrud, Pune','','','','','','','','','2017 - 18',0,1,NULL,NULL,0,42,'2017-11-16 12:51:53',NULL,NULL),(450,70,7,19,31,NULL,'GR690','C990',NULL,'Ilango','Kamlesh','Bhargava','Male','Kamlesh','Bhargava','','Prashvita','','','','','','2011-07-04','2011-06-14','Karvenagar,Pune','','','','','','','','','2017 - 18',0,1,NULL,NULL,0,42,'2017-11-16 12:51:53',NULL,NULL),(451,70,4,19,31,NULL,'GR691','C991',NULL,'Isha ','Kamod','Bhasin','Male','Kamod','Bhasin','','Prasidhhi','','','','','','2011-07-05','2011-06-14','Pimple saudagar,Pune','','','','','','','','','2017 - 18',0,1,NULL,NULL,0,42,'2017-11-16 12:51:53',NULL,NULL),(452,70,3,19,31,NULL,'GR693','C993',NULL,'Jai ','Kana','Bhatia','Male','Kana','Bhatia','','Prasunna','','','','','','2011-07-07','2011-06-14','Camp ,Pune','','','','','','','','','2017 - 18',0,1,NULL,NULL,0,42,'2017-11-16 12:51:53',NULL,NULL),(453,70,7,19,31,NULL,'GR694','C994',NULL,'Jayendra ','Kanad','Bhatnagar','Male','Kanad','Bhatnagar','','Pratha','','','','','','2011-07-08','2011-06-14','Kalyani nagar,Pune','','','','','','','','','2017 - 18',0,1,NULL,NULL,0,42,'2017-11-16 12:51:53',NULL,NULL),(454,70,7,19,31,NULL,'GR695','C995',NULL,'Jitendra ','Kanahiya','Bhatt','Male','Kanahiya','Bhatt','','Prathana','','','','','','2011-07-09','2011-06-14','KP,Pune','','','','','','','','','2017 - 18',0,1,NULL,NULL,0,42,'2017-11-16 12:51:53',NULL,NULL),(455,70,4,19,31,NULL,'GR696','C996',NULL,'Kadivel','Kanaiya','Bhattacharyya','Male','Kanaiya','Bhattacharyya','','Prathav','','','','','','2011-07-10','2011-06-14','Aundh, Pune','','','','','','','','','2017 - 18',0,1,NULL,NULL,0,42,'2017-11-16 12:51:53',NULL,NULL),(456,70,3,19,31,NULL,'GR698','C998',NULL,'Kamaradj','Kanal','Bhavsar','Male','Kanal','Bhavsar','','Prathika','','','','','','2011-07-12','2011-06-14','Sb road,Pune','','','','','','','','','2017 - 18',0,1,NULL,NULL,0,42,'2017-11-16 12:51:53',NULL,NULL),(457,70,3,19,31,NULL,'GR699','C999',NULL,'Karan ','Kanan','Bir','Male','Kanan','Bir','','Prathysha','','','','','','2011-07-13','2011-06-14','Law college Road Pune','','','','','','','','','2017 - 18',0,1,NULL,NULL,0,42,'2017-11-16 12:51:53',NULL,NULL),(458,70,7,19,31,NULL,'GR700','C1000',NULL,'Kesavane','Kanav','Biswas','Male','Kanav','Biswas','','Pratibha','','','','','','2011-07-14','2011-06-14','Kothrud, Pune','','','','','','','','','2017 - 18',0,1,NULL,NULL,0,42,'2017-11-16 12:51:53',NULL,NULL),(459,70,4,19,31,NULL,'GR701','C1001',NULL,'Kessavaperoumal','Kanayaha','Boase','Male','Kanayaha','Boase','','Pratichi','','','','','','2011-07-15','2011-06-14','Karvenagar,Pune','','','','','','','','','2017 - 18',0,1,NULL,NULL,0,42,'2017-11-16 12:51:53',NULL,NULL),(460,70,3,19,31,NULL,'GR703','C1003',NULL,'Komari','Kandan','Bora','Male','Kandan','Bora','','Pratika','','','','','','2011-07-17','2011-06-14','Prabhat road,Pune','','','','','','','','','2017 - 18',0,1,NULL,NULL,0,42,'2017-11-16 12:51:53',NULL,NULL),(461,70,7,19,31,NULL,'GR704','C1004',NULL,'Kshitij ','Kandarp','Bora','Male','Kandarp','Bora','','Pratiksha','','','','','','2011-07-18','2011-06-14','Camp ,Pune','','','','','','','','','2017 - 18',0,1,NULL,NULL,0,42,'2017-11-16 12:51:53',NULL,NULL),(462,70,7,19,31,NULL,'GR705','C1005',NULL,'Kunal ','Kandarpa','Borah','Male','Kandarpa','Borah','','Pratikshili','','','','','','2011-07-19','2011-06-14','Kalyani nagar,Pune','','','','','','','','','2017 - 18',0,1,NULL,NULL,0,42,'2017-11-16 12:51:53',NULL,NULL),(463,70,4,19,31,NULL,'GR706','C1006',NULL,'Lal ','Kandhan','Borde','Male','Kandhan','Borde','','Pratima','','','','','','2011-07-20','2011-06-14','KP,Pune','','','','','','','','','2017 - 18',0,1,NULL,NULL,0,42,'2017-11-16 12:51:53',NULL,NULL),(464,70,7,19,31,NULL,'GR707','C1007',NULL,'Lochan ','Kanha','Banik','Male','Kanha','Banik','','Pratitha','','','','','','2011-07-21','2011-06-14','Aundh, Pune','','','','','','','','','2017 - 18',0,1,NULL,NULL,0,42,'2017-11-16 12:51:53',NULL,NULL),(465,70,4,19,31,NULL,'GR708','C1008',NULL,'Mahavir ','Kanhaiya','Bansal','Male','Kanhaiya','Bansal','','Pratushya','','','','','','2011-07-22','2011-06-14','Baner, Pune','','','','','','','','','2017 - 18',0,1,NULL,NULL,0,42,'2017-11-16 12:51:53',NULL,NULL),(466,70,3,19,32,NULL,'GR710','C1010',NULL,'Maninder ','Kanil','Barad','Male','Kanil','Barad','','Pravalika','','','','','','2011-07-24','2011-06-14','Law college Road Pune','','','','','','','','','2017 - 18',0,1,NULL,NULL,0,42,'2017-11-16 12:51:54',NULL,NULL),(467,70,3,19,32,NULL,'GR711','C1011',NULL,'Mardmoutou','Kanish','Baral','Male','Kanish','Baral','','Pravasti','','','','','','2011-07-25','2011-06-14','Kothrud, Pune','','','','','','','','','2017 - 18',0,1,NULL,NULL,0,42,'2017-11-16 12:51:54',NULL,NULL),(468,70,7,19,32,NULL,'GR712','C1012',NULL,'Mohan ','Kanishk','Baria','Male','Kanishk','Baria','','Pravina','','','','','','2011-07-26','2011-06-14','Karvenagar,Pune','','','','','','','','','2017 - 18',0,1,NULL,NULL,0,42,'2017-11-16 12:51:54',NULL,NULL),(469,70,4,19,32,NULL,'GR713','C1013',NULL,'Mounoussamy','Kanishka','Barman','Male','Kanishka','Barman','','Pravya','','','','','','2011-07-27','2011-06-14','Pimple saudagar,Pune','','','','','','','','','2017 - 18',0,1,NULL,NULL,0,42,'2017-11-16 12:51:54',NULL,NULL),(470,70,3,19,32,NULL,'GR715','C1015',NULL,'Nanda ','Kankeya','Bassi','Male','Kankeya','Bassi','','Prayosha','','','','','','2011-07-29','2011-06-14','Camp ,Pune','','','','','','','','','2017 - 18',0,1,NULL,NULL,0,42,'2017-11-16 12:51:54',NULL,NULL),(471,70,7,19,32,NULL,'GR716','C1016',NULL,'Narendra ','Kannan','Basu','Male','Kannan','Basu','','Prayushi','','','','','','2011-07-30','2011-06-14','Kalyani nagar,Pune','','','','','','','','','2017 - 18',0,1,NULL,NULL,0,42,'2017-11-16 12:51:54',NULL,NULL),(472,70,7,19,32,NULL,'GR717','C1017',NULL,'Navin ','Kanraj','Bath','Male','Kanraj','Bath','','Prayuta','','','','','','2011-07-31','2011-06-14','KP,Pune','','','','','','','','','2017 - 18',0,1,NULL,NULL,0,42,'2017-11-16 12:51:54',NULL,NULL),(473,70,4,19,32,NULL,'GR718','C1018',NULL,'Niraj ','Kanv','Batra','Male','Kanv','Batra','','Preeksha','','','','','','2011-08-01','2011-06-14','Aundh, Pune','','','','','','','','','2017 - 18',0,1,NULL,NULL,0,42,'2017-11-16 12:51:54',NULL,NULL),(474,70,3,19,32,NULL,'GR720','C1020',NULL,'Pajanivel','Kapali','Bava','Male','Kapali','Bava','','Preet','','','','','','2011-08-03','2011-06-14','Sb road,Pune','','','','','','','','','2017 - 18',0,1,NULL,NULL,0,42,'2017-11-16 12:51:54',NULL,NULL),(475,70,3,19,32,NULL,'GR721','C1021',NULL,'Pankaja ','Kapeesh','Bawa','Male','Kapeesh','Bawa','','Preetha','','','','','','2011-08-04','2011-06-14','Law college Road Pune','','','','','','','','','2017 - 18',0,1,NULL,NULL,0,42,'2017-11-16 12:51:54',NULL,NULL),(476,70,7,19,32,NULL,'GR722','C1022',NULL,'Perumal','Kapi','Bedi','Male','Kapi','Bedi','','Preethi','','','','','','2011-08-05','2011-06-14','Kothrud, Pune','','','','','','','','','2017 - 18',0,1,NULL,NULL,0,42,'2017-11-16 12:51:54',NULL,NULL),(477,70,4,19,32,NULL,'GR723','C1023',NULL,'Pregassame','Kapidhwaj','Behl','Male','Kapidhwaj','Behl','','Preethika','','','','','','2011-08-06','2011-06-14','Karvenagar,Pune','','','','','','','','','2017 - 18',0,1,NULL,NULL,0,42,'2017-11-16 12:51:54',NULL,NULL),(478,70,3,19,32,NULL,'GR725','C1025',NULL,'Rajender ','Kapish','Bera','Male','Kapish','Bera','','Preetika','','','','','','2011-08-08','2011-06-14','Prabhat road,Pune','','','','','','','','','2017 - 18',0,1,NULL,NULL,0,42,'2017-11-16 12:51:54',NULL,NULL),(479,70,7,19,32,NULL,'GR726','C1026',NULL,'Rajiv ','Karan','Bhagat','Male','Karan','Bhagat','','Preety','','','','','','2011-08-09','2011-06-14','Camp ,Pune','','','','','','','','','2017 - 18',0,1,NULL,NULL,0,42,'2017-11-16 12:51:54',NULL,NULL),(480,70,7,19,32,NULL,'GR727','C1027',NULL,'Rama ','Karhik','Bhakta','Male','Karhik','Bhakta','','Preksha','','','','','','2011-08-10','2011-06-14','Kalyani nagar,Pune','','','','','','','','','2017 - 18',0,1,NULL,NULL,0,42,'2017-11-16 12:51:54',NULL,NULL),(481,70,4,19,32,NULL,'GR728','C1028',NULL,'Ramesh ','Karika','Bhalla','Male','Karika','Bhalla','','Prema','','','','','','2011-08-11','2011-06-14','KP,Pune','','','','','','','','','2017 - 18',0,1,NULL,NULL,0,42,'2017-11-16 12:51:54',NULL,NULL),(482,70,7,19,32,NULL,'GR729','C1029',NULL,'Ranjeet ','Karm','Bhandari','Male','Karm','Bhandari','','Premala','','','','','','2011-08-12','2011-06-14','Aundh, Pune','','','','','','','','','2017 - 18',0,1,NULL,NULL,0,42,'2017-11-16 12:51:54',NULL,NULL),(483,70,4,19,32,NULL,'GR730','C1030',NULL,'Ravi ','Karma','Bhardwaj','Male','Karma','Bhardwaj','','Premila','','','','','','2011-08-13','2011-06-14','Baner, Pune','','','','','','','','','2017 - 18',0,1,NULL,NULL,0,42,'2017-11-16 12:51:54',NULL,NULL),(484,70,3,19,32,NULL,'GR732','C1032',NULL,'Sandeep ','Karna','Bhasin','Male','Karna','Bhasin','','Prerana','','','','','','2011-08-15','2011-06-14','Law college Road Pune','','','','','','','','','2017 - 18',0,1,NULL,NULL,0,42,'2017-11-16 12:51:55',NULL,NULL),(485,70,3,19,32,NULL,'GR733','C1033',NULL,'Sanjaya ','Karnesh','Bhat','Male','Karnesh','Bhat','','Prerita','','','','','','2011-08-16','2011-06-14','Kothrud, Pune','','','','','','','','','2017 - 18',0,1,NULL,NULL,0,42,'2017-11-16 12:51:55',NULL,NULL),(486,70,7,19,32,NULL,'GR734','C1034',NULL,'Sanjiv ','Karnik','Bhatia','Male','Karnik','Bhatia','','Prerna','','','','','','2011-08-17','2011-06-14','Karvenagar,Pune','','','','','','','','','2017 - 18',0,1,NULL,NULL,0,42,'2017-11-16 12:51:55',NULL,NULL),(487,70,4,19,32,NULL,'GR735','C1035',NULL,'Saravanan','Karnish','Bhatnagar','Male','Karnish','Bhatnagar','','Presha','','','','','','2011-08-18','2011-06-14','Pimple saudagar,Pune','','','','','','','','','2017 - 18',0,1,NULL,NULL,0,42,'2017-11-16 12:51:55',NULL,NULL),(488,70,3,19,32,NULL,'GR737','C1037',NULL,'Shanmouga','Kartar','Bhattacharyya','Male','Kartar','Bhattacharyya','','Prestha','','','','','','2011-08-20','2011-06-14','Camp ,Pune','','','','','','','','','2017 - 18',0,1,NULL,NULL,0,42,'2017-11-16 12:51:55',NULL,NULL),(489,70,7,19,32,NULL,'GR738','C1038',NULL,'Shekhar ','Kartavya','Bhatti','Male','Kartavya','Bhatti','','Prexa','','','','','','2011-08-21','2011-06-14','Kalyani nagar,Pune','','','','','','','','','2017 - 18',0,1,NULL,NULL,0,42,'2017-11-16 12:51:55',NULL,NULL),(490,70,7,19,32,NULL,'GR739','C1039',NULL,'Shripati','Kartheek','Bhavsar','Male','Kartheek','Bhavsar','','Preya','','','','','','2011-08-22','2011-06-14','KP,Pune','','','','','','','','','2017 - 18',0,1,NULL,NULL,0,42,'2017-11-16 12:51:55',NULL,NULL),(491,70,4,19,32,NULL,'GR740','C1040',NULL,'Sib ','Karthian','Bir','Male','Karthian','Bir','','Preyasi','','','','','','2011-08-23','2011-06-14','Aundh, Pune','','','','','','','','','2017 - 18',0,1,NULL,NULL,0,42,'2017-11-16 12:51:55',NULL,NULL),(492,70,3,19,32,NULL,'GR742','C1042',NULL,'Sudesh','Karthiga','Boase','Male','Karthiga','Boase','','Prija','','','','','','2011-08-25','2011-06-14','Sb road,Pune','','','','','','','','','2017 - 18',0,1,NULL,NULL,0,42,'2017-11-16 12:51:55',NULL,NULL),(493,70,3,19,32,NULL,'GR743','C1043',NULL,'Suman ','Karthik','Bobal','Male','Karthik','Bobal','','Prijal','','','','','','2011-08-26','2011-06-14','Law college Road Pune','','','','','','','','','2017 - 18',0,1,NULL,NULL,0,42,'2017-11-16 12:51:55',NULL,NULL),(494,70,7,19,32,NULL,'GR744','C1044',NULL,'Sundaram','Karthika','Bora','Male','Karthika','Bora','','Prina','','','','','','2011-08-27','2011-06-14','Kothrud, Pune','','','','','','','','','2017 - 18',0,1,NULL,NULL,0,42,'2017-11-16 12:51:55',NULL,NULL),(495,70,4,19,32,NULL,'GR745','C1045',NULL,'Surendra ','Kartik','Bora','Male','Kartik','Bora','','Prinaka','','','','','','2011-08-28','2011-06-14','Karvenagar,Pune','','','','','','','','','2017 - 18',0,1,NULL,NULL,0,42,'2017-11-16 12:51:55',NULL,NULL),(496,70,3,19,32,NULL,'GR747','C1047',NULL,'Swaran ','Kartikeya','Borde','Male','Kartikeya','Borde','','Prisha','','','','','','2011-08-30','2011-06-14','Prabhat road,Pune','','','','','','','','','2017 - 18',0,1,NULL,NULL,0,42,'2017-11-16 12:51:55',NULL,NULL),(497,70,7,19,32,NULL,'GR748','C1048',NULL,'Variya','Karun','Borra','Male','Karun','Borra','','Prishi','','','','','','2011-08-31','2011-06-14','Camp ,Pune','','','','','','','','','2017 - 18',0,1,NULL,NULL,0,42,'2017-11-16 12:51:55',NULL,NULL),(498,70,7,19,32,NULL,'GR749','C1049',NULL,'Vasu ','Karunakar','Bose','Male','Karunakar','Bose','','Prishita','','','','','','2011-09-01','2011-06-14','Kalyani nagar,Pune','','','','','','','','','2017 - 18',0,1,NULL,NULL,0,42,'2017-11-16 12:51:55',NULL,NULL),(499,70,4,19,32,NULL,'GR750','C1050',NULL,'Vidhyavathi','Karunesh','Brahmbhatt','Male','Karunesh','Brahmbhatt','','Prism','','','','','','2011-09-02','2011-06-14','KP,Pune','','','','','','','','','2017 - 18',0,1,NULL,NULL,0,42,'2017-11-16 12:51:55',NULL,NULL),(500,70,7,19,32,NULL,'GR751','C1051',NULL,'Vikrama ','Nabendu','Brar','Male','Nabendu','Brar','','Prita','','','','','','2011-09-03','2011-06-14','Aundh, Pune','','','','','','','','','2017 - 18',0,1,NULL,NULL,0,42,'2017-11-16 12:51:55',NULL,NULL),(501,70,4,19,32,NULL,'GR752','C1052',NULL,'Vipin ','Nabhanyu','Buch','Male','Nabhanyu','Buch','','Prital','','','','','','2011-09-04','2011-06-14','Baner, Pune','','','','','','','','','2017 - 18',0,1,NULL,NULL,0,42,'2017-11-16 12:51:55',NULL,NULL),(502,70,3,11,31,NULL,'GR754','C1054',NULL,'Vyasadeva','Nabhi','Bumb','Male','Nabhi','Bumb','','Prithee','','','','','','2011-09-06','2011-06-14','Law college Road Pune','','','','','','','','','2017 - 18',0,1,NULL,NULL,0,42,'2017-11-16 12:51:56',NULL,NULL),(503,70,3,11,31,NULL,'GR755','C1055',NULL,'Adhik','Nabhij','Butala','Male','Nabhij','Butala','','Prithika','','','','','','2011-09-07','2011-06-14','Kothrud, Pune','','','','','','','','','2017 - 18',0,1,NULL,NULL,0,42,'2017-11-16 12:51:56',NULL,NULL),(504,70,7,11,31,NULL,'GR756','C1056',NULL,'Ajeet ','Nabhith','Chacko','Male','Nabhith','Chacko','','Priti','','','','','','2011-09-08','2011-06-14','Karvenagar,Pune','','','','','','','','','2017 - 18',0,1,NULL,NULL,0,42,'2017-11-16 12:51:56',NULL,NULL),(505,70,4,11,31,NULL,'GR757','C1057',NULL,'Akhil ','Nabhoj','Chad','Male','Nabhoj','Chad','','Pritika','','','','','','2011-09-09','2011-06-14','Pimple saudagar,Pune','','','','','','','','','2017 - 18',0,1,NULL,NULL,0,42,'2017-11-16 12:51:56',NULL,NULL),(506,70,3,11,31,NULL,'GR759','C1059',NULL,'Ananta-Sesa','Nachik','Chadha','Male','Nachik','Chadha','','Priyadarshini','','','','','','2011-09-11','2011-06-14','Camp ,Pune','','','','','','','','','2017 - 18',0,1,NULL,NULL,0,42,'2017-11-16 12:51:56',NULL,NULL),(507,70,7,11,31,NULL,'GR760','C1060',NULL,'Anish ','Nachiket','Chahal','Male','Nachiket','Chahal','','Priyal','','','','','','2011-09-12','2011-06-14','Kalyani nagar,Pune','','','','','','','','','2017 - 18',0,1,NULL,NULL,0,42,'2017-11-16 12:51:56',NULL,NULL),(508,70,7,11,31,NULL,'GR761','C1061',NULL,'Aravind ','Nachiketa','Chakrabarti','Male','Nachiketa','Chakrabarti','','Priyala','','','','','','2011-09-13','2011-06-14','KP,Pune','','','','','','','','','2017 - 18',0,1,NULL,NULL,0,42,'2017-11-16 12:51:56',NULL,NULL),(509,70,4,11,31,NULL,'GR762','C1062',NULL,'Arun ','Nadal','Chakraborty','Male','Nadal','Chakraborty','','Priyam','','','','','','2011-09-14','2011-06-14','Aundh, Pune','','','','','','','','','2017 - 18',0,1,NULL,NULL,0,42,'2017-11-16 12:51:56',NULL,NULL),(510,70,3,11,31,NULL,'GR764','C1064',NULL,'Bharat ','Nadeesh','Chand','Male','Nadeesh','Chand','','Priyanga','','','','','','2011-09-16','2011-06-14','Sb road,Pune','','','','','','','','','2017 - 18',0,1,NULL,NULL,0,42,'2017-11-16 12:51:56',NULL,NULL),(511,70,3,11,31,NULL,'GR765','C1065',NULL,'Bishen ','Nadin','Chanda','Male','Nadin','Chanda','','Priyangi','','','','','','2011-09-17','2011-06-14','Law college Road Pune','','','','','','','','','2017 - 18',0,1,NULL,NULL,0,42,'2017-11-16 12:51:56',NULL,NULL),(512,70,7,11,32,NULL,'GR766','C1066',NULL,'Buddha ','Nadir','Chander','Male','Nadir','Chander','','Priyani','','','','','','2011-09-18','2011-06-14','Kothrud, Pune','','','','','','','','','2017 - 18',0,1,NULL,NULL,0,42,'2017-11-16 12:51:56',NULL,NULL),(513,70,4,11,32,NULL,'GR767','C1067',NULL,'Chandrakant ','Nadish','Chandra','Male','Nadish','Chandra','','Priyanka','','','','','','2011-09-19','2011-06-14','Karvenagar,Pune','','','','','','','','','2017 - 18',0,1,NULL,NULL,0,42,'2017-11-16 12:51:56',NULL,NULL),(514,70,3,11,32,NULL,'GR769','C1069',NULL,'Damodar','Nagarjun','Char','Male','Nagarjun','Char','','Priyasha','','','','','','2011-09-21','2011-06-14','Prabhat road,Pune','','','','','','','','','2017 - 18',0,1,NULL,NULL,0,42,'2017-11-16 12:51:56',NULL,NULL),(515,70,7,11,32,NULL,'GR770','C1070',NULL,'Dayanand','Nagendra','Chatterjee','Male','Nagendra','Chatterjee','','Promila','','','','','','2011-09-22','2011-06-14','Camp ,Pune','','','','','','','','','2017 - 18',0,1,NULL,NULL,0,42,'2017-11-16 12:51:57',NULL,NULL),(516,70,7,11,32,NULL,'GR771','C1071',NULL,'Deodan','Nagesh','Adani','Male','Nagesh','Adani','','Prushti','','','','','','2011-09-23','2011-06-14','Kalyani nagar,Pune','','','','','','','','','2017 - 18',0,1,NULL,NULL,0,42,'2017-11-16 12:51:57',NULL,NULL),(517,70,4,11,32,NULL,'GR772','C1072',NULL,'Devaraja','Nagesha','Amarnath','Male','Nagesha','Amarnath','','Prutha','','','','','','2011-09-24','2011-06-14','KP,Pune','','','','','','','','','2017 - 18',0,1,NULL,NULL,0,42,'2017-11-16 12:51:57',NULL,NULL),(518,70,7,11,32,NULL,'GR773','C1073',NULL,'Devmani','Naggar','Arasaratnam','Male','Naggar','Arasaratnam','','Pruthvi','','','','','','2011-09-25','2011-06-14','Aundh, Pune','','','','','','','','','2017 - 18',0,1,NULL,NULL,0,42,'2017-11-16 12:51:57',NULL,NULL),(519,70,4,11,32,NULL,'GR774','C1074',NULL,'Dharmaradj','Nagpal','Balakrishnan','Male','Nagpal','Balakrishnan','','Puchi','','','','','','2011-09-26','2011-06-14','Baner, Pune','','','','','','','','','2017 - 18',0,1,NULL,NULL,0,42,'2017-11-16 12:51:57',NULL,NULL),(520,70,3,11,32,NULL,'GR776','C1076',NULL,'Divyesh','Nahul','Bhaskar','Male','Nahul','Bhaskar','','Puji','','','','','','2011-09-28','2011-06-14','Law college Road Pune','','','','','','','','','2017 - 18',0,1,NULL,NULL,0,42,'2017-11-16 12:51:57',NULL,NULL),(521,70,3,11,32,NULL,'GR777','C1077',NULL,'Drupada ','Nahush','Bisht','Male','Nahush','Bisht','','Pujita','','','','','','2011-09-29','2011-06-14','Kothrud, Pune','','','','','','','','','2017 - 18',0,1,NULL,NULL,0,42,'2017-11-16 12:51:57',NULL,NULL),(522,70,7,11,32,NULL,'GR778','C1078',NULL,'Ganesha ','Nahusha','Bux','Male','Nahusha','Bux','','Pujya','','','','','','2011-09-30','2011-06-14','Karvenagar,Pune','','','','','','','','','2017 - 18',0,1,NULL,NULL,0,42,'2017-11-16 12:51:57',NULL,NULL),(523,70,4,11,32,NULL,'GR779','C1079',NULL,'Girish ','Naimesh','Chande','Male','Naimesh','Chande','','Pulkita','','','','','','2011-10-01','2011-06-14','Pimple saudagar,Pune','','','','','','','','','2017 - 18',0,1,NULL,NULL,0,42,'2017-11-16 12:51:57',NULL,NULL),(524,70,3,11,32,NULL,'GR781','C1081',NULL,'Gotam ','Nainesh','Chandrasekhar','Male','Nainesh','Chandrasekhar','','Puneeta','','','','','','2011-10-03','2011-06-14','Camp ,Pune','','','','','','','','','2017 - 18',0,1,NULL,NULL,0,42,'2017-11-16 12:51:57',NULL,NULL),(525,70,7,11,32,NULL,'GR782','C1082',NULL,'Govinden','Nainish','Charan','Male','Nainish','Charan','','Punita','','','','','','2011-10-04','2011-06-14','Kalyani nagar,Pune','','','','','','','','','2017 - 18',0,1,NULL,NULL,0,42,'2017-11-16 12:51:57',NULL,NULL),(526,70,7,11,32,NULL,'GR783','C1083',NULL,'Harish ','Nainush','Chaudhry','Male','Nainush','Chaudhry','','Punitha','','','','','','2011-10-05','2011-06-14','KP,Pune','','','','','','','','','2017 - 18',0,1,NULL,NULL,0,42,'2017-11-16 12:51:57',NULL,NULL),(527,70,4,13,31,NULL,'GR784','C1084',NULL,'Harshad ','Nair','Chellaiah','Male','Nair','Chellaiah','','Punya','','','','','','2011-10-06','2011-06-14','Aundh, Pune','','','','','','','','','2017 - 18',0,1,NULL,NULL,0,42,'2017-11-16 12:51:57',NULL,NULL),(528,70,3,13,31,NULL,'GR786','C1086',NULL,'Ishvara','Naishadh','Chetlapalli','Male','Naishadh','Chetlapalli','','Purna','','','','','','2011-10-08','2011-06-14','Sb road,Pune','','','','','','','','','2017 - 18',0,1,NULL,NULL,0,42,'2017-11-16 12:51:57',NULL,NULL),(529,70,3,13,31,NULL,'GR787','C1087',NULL,'Jagannatha ','Naishal','Chidamber','Male','Naishal','Chidamber','','Purnima','','','','','','2011-10-09','2011-06-14','Law college Road Pune','','','','','','','','','2017 - 18',0,1,NULL,NULL,0,42,'2017-11-16 12:51:57',NULL,NULL),(530,70,7,13,31,NULL,'GR788','C1088',NULL,'Jaidev ','Naitik','Chirag','Male','Naitik','Chirag','','Purva','','','','','','2011-10-10','2011-06-14','Kothrud, Pune','','','','','','','','','2017 - 18',0,1,NULL,NULL,0,42,'2017-11-16 12:51:57',NULL,NULL),(531,70,4,13,31,NULL,'GR789','C1089',NULL,'Jaywant ','Naitvik','Chittor','Male','Naitvik','Chittor','','Purvaja','','','','','','2011-10-11','2011-06-14','Karvenagar,Pune','','','','','','','','','2017 - 18',0,1,NULL,NULL,0,42,'2017-11-16 12:51:57',NULL,NULL),(532,70,3,13,31,NULL,'GR791','C1091',NULL,'Kadrivel','Nakesh','Dalmiya','Male','Nakesh','Dalmiya','','Purvika','','','','','','2011-10-13','2011-06-14','Prabhat road,Pune','','','','','','','','','2017 - 18',0,1,NULL,NULL,0,42,'2017-11-16 12:51:57',NULL,NULL),(533,70,7,13,31,NULL,'GR792','C1092',NULL,'Kalyan ','Nakkiran','Dasari','Male','Nakkiran','Dasari','','Pusha','','','','','','2011-10-14','2011-06-14','Camp ,Pune','','','','','','','','','2017 - 18',0,1,NULL,NULL,0,42,'2017-11-16 12:51:58',NULL,NULL),(534,70,7,13,31,NULL,'GR793','C1093',NULL,'Kanda-Koumarane','Naksa','Dawar','Male','Naksa','Dawar','','Pushpa','','','','','','2011-10-15','2011-06-14','Kalyani nagar,Pune','','','','','','','','','2017 - 18',0,1,NULL,NULL,0,42,'2017-11-16 12:51:58',NULL,NULL),(535,70,4,13,31,NULL,'GR794','C1094',NULL,'Karna ','Naksh','Dhaliwal','Male','Naksh','Dhaliwal','','Pushpaki','','','','','','2011-10-16','2011-06-14','KP,Pune','','','','','','','','','2017 - 18',0,1,NULL,NULL,0,42,'2017-11-16 12:51:58',NULL,NULL),(536,70,7,13,31,NULL,'GR795','C1095',NULL,'Kesaven','Naksha','Dhruba','Male','Naksha','Dhruba','','Pushpita','','','','','','2011-10-17','2011-06-14','Aundh, Pune','','','','','','','','','2017 - 18',0,1,NULL,NULL,0,42,'2017-11-16 12:51:58',NULL,NULL),(537,70,4,13,31,NULL,'GR796','C1096',NULL,'Keya','Nakshathra','Dinkar','Male','Nakshathra','Dinkar','','Pushti','','','','','','2011-10-18','2011-06-14','Baner, Pune','','','','','','','','','2017 - 18',0,1,NULL,NULL,0,42,'2017-11-16 12:51:58',NULL,NULL),(538,70,3,13,31,NULL,'GR798','C1098',NULL,'Krishna ','Nakul','Durmada','Male','Nakul','Durmada','','Pushymi','','','','','','2011-10-20','2011-06-14','Law college Road Pune','','','','','','','','','2017 - 18',0,1,NULL,NULL,0,42,'2017-11-16 12:51:58',NULL,NULL),(539,70,3,13,31,NULL,'GR799','C1099',NULL,'Kumar ','Nal','Elango','Male','Nal','Elango','','Pustak','','','','','','2011-10-21','2011-06-14','Kothrud, Pune','','','','','','','','','2017 - 18',0,1,NULL,NULL,0,42,'2017-11-16 12:51:58',NULL,NULL),(540,70,7,13,31,NULL,'GR800','C1100',NULL,'Kunala ','Nalesh','Eswarapu','Male','Nalesh','Eswarapu','','Pusti','','','','','','2011-10-22','2011-06-14','Karvenagar,Pune','','','','','','','','','2017 - 18',0,1,NULL,NULL,0,42,'2017-11-16 12:51:58',NULL,NULL),(541,70,4,13,31,NULL,'GR801','C1101',NULL,'Lalit ','Nalika','Gajaren','Male','Nalika','Gajaren','','Putul','','','','','','2011-10-23','2011-06-14','Pimple saudagar,Pune','','','','','','','','','2017 - 18',0,1,NULL,NULL,0,42,'2017-11-16 12:51:58',NULL,NULL),(542,70,3,13,31,NULL,'GR803','C1103',NULL,'Mahavira ','Nalina','Gargeya','Male','Nalina','Gargeya','','Mrunal','','','','','','2011-10-25','2011-06-14','Camp ,Pune','','','','','','','','','2017 - 18',0,1,NULL,NULL,0,42,'2017-11-16 12:51:58',NULL,NULL),(543,70,7,13,32,NULL,'GR804','C1104',NULL,'Mahinder ','Naman','Ghani','Male','Naman','Ghani','','Mrunali','','','','','','2011-10-26','2011-06-14','Kalyani nagar,Pune','','','','','','','','','2017 - 18',0,1,NULL,NULL,0,42,'2017-11-16 12:51:58',NULL,NULL),(544,70,7,13,32,NULL,'GR805','C1105',NULL,'Manish ','Namasyu','Ghosh','Male','Namasyu','Ghosh','','Mudita','','','','','','2011-10-27','2011-06-14','KP,Pune','','','','','','','','','2017 - 18',0,1,NULL,NULL,0,42,'2017-11-16 12:51:58',NULL,NULL),(545,70,4,13,32,NULL,'GR806','C1106',NULL,'Mayur ','Nambi','Giridhar','Male','Nambi','Giridhar','','Mudra','','','','','','2011-10-28','2011-06-14','Aundh, Pune','','','','','','','','','2017 - 18',0,1,NULL,NULL,0,42,'2017-11-16 12:51:58',NULL,NULL),(546,70,3,13,32,NULL,'GR808','C1108',NULL,'Mukesh ','Namish','Gopinath','Male','Namish','Gopinath','','Mugdha','','','','','','2011-10-30','2011-06-14','Sb road,Pune','','','','','','','','','2017 - 18',0,1,NULL,NULL,0,42,'2017-11-16 12:51:58',NULL,NULL),(547,70,3,13,32,NULL,'GR809','C1109',NULL,'Murugan','Namit','Govindasvamy','Male','Namit','Govindasvamy','','Mukti','','','','','','2011-10-31','2011-06-14','Law college Road Pune','','','','','','','','','2017 - 18',0,1,NULL,NULL,0,42,'2017-11-16 12:51:58',NULL,NULL),(548,70,7,13,32,NULL,'GR810','C1110',NULL,'Narayan ','Namya','Guha','Male','Namya','Guha','','Mukula','','','','','','2011-11-01','2011-06-14','Kothrud, Pune','','','','','','','','','2017 - 18',0,1,NULL,NULL,0,42,'2017-11-16 12:51:58',NULL,NULL),(549,70,4,13,32,NULL,'GR811','C1111',NULL,'Narinder ','Nanadana','Guneratne','Male','Nanadana','Guneratne','','Mukulita','','','','','','2011-11-02','2011-06-14','Karvenagar,Pune','','','','','','','','','2017 - 18',0,1,NULL,NULL,0,42,'2017-11-16 12:51:58',NULL,NULL),(550,70,3,13,32,NULL,'GR813','C1113',NULL,'Nirav ','Nand','Gutta','Male','Nand','Gutta','','Muniya','','','','','','2011-11-04','2011-06-14','Prabhat road,Pune','','','','','','','','','2017 - 18',0,1,NULL,NULL,0,42,'2017-11-16 12:51:58',NULL,NULL),(551,70,7,13,32,NULL,'GR814','C1114',NULL,'Om ','Nanda','Harku','Male','Nanda','Harku','','Munmun','','','','','','2011-11-05','2011-06-14','Camp ,Pune','','','','','','','','','2017 - 18',0,1,NULL,NULL,0,42,'2017-11-16 12:51:59',NULL,NULL),(552,70,7,13,32,NULL,'GR815','C1115',NULL,'Pallab ','Nandak','Himanshu','Male','Nandak','Himanshu','','Mutha','','','','','','2011-11-06','2011-06-14','Kalyani nagar,Pune','','','','','','','','','2017 - 18',0,1,NULL,NULL,0,42,'2017-11-16 12:51:59',NULL,NULL),(553,70,4,13,32,NULL,'GR816','C1116',NULL,'Parth ','Nandan','Honnenahalli','Male','Nandan','Honnenahalli','','Mutholi','','','','','','2011-11-07','2011-06-14','KP,Pune','','','','','','','','','2017 - 18',0,1,NULL,NULL,0,42,'2017-11-16 12:51:59',NULL,NULL),(554,70,7,13,32,NULL,'GR817','C1117',NULL,'Poungodai','Nandana','Imani','Male','Nandana','Imani','','Mysha','','','','','','2011-11-08','2011-06-14','Aundh, Pune','','','','','','','','','2017 - 18',0,1,NULL,NULL,0,42,'2017-11-16 12:51:59',NULL,NULL),(555,70,4,13,32,NULL,'GR818','C1118',NULL,'Pritam','Nandin','Jafferbhoy','Male','Nandin','Jafferbhoy','','Mangala','','','','','','2011-11-09','2011-06-14','Baner, Pune','','','','','','','','','2017 - 18',0,1,NULL,NULL,0,42,'2017-11-16 12:51:59',NULL,NULL),(556,70,3,13,32,NULL,'GR820','C1120',NULL,'Rajendra ','Nandisha','Jasmit','Male','Nandisha','Jasmit','','Mangla','','','','','','2011-11-11','2011-06-14','Law college Road Pune','','','','','','','','','2017 - 18',0,1,NULL,NULL,0,42,'2017-11-16 12:51:59',NULL,NULL),(557,70,3,13,32,NULL,'GR821','C1121',NULL,'Rajneesh ','Nanthini','Jayaram','Male','Nanthini','Jayaram','','Manika','','','','','','2011-11-12','2011-06-14','Kothrud, Pune','','','','','','','','','2017 - 18',0,1,NULL,NULL,0,42,'2017-11-16 12:51:59',NULL,NULL),(558,70,7,13,32,NULL,'GR822','C1122',NULL,'Ramachander ','Narad','Jeyaseelan','Male','Narad','Jeyaseelan','','Maninee','','','','','','2011-11-13','2011-06-14','Karvenagar,Pune','','','','','','','','','2017 - 18',0,1,NULL,NULL,0,42,'2017-11-16 12:51:59',NULL,NULL),(559,70,4,13,32,NULL,'GR823','C1123',NULL,'Ramesha ','Narain','Jitesh','Male','Narain','Jitesh','','Manini','','','','','','2011-11-14','2011-06-14','Pimple saudagar,Pune','','','','','','','','','2017 - 18',0,1,NULL,NULL,0,42,'2017-11-16 12:51:59',NULL,NULL),(560,70,3,13,32,NULL,'GR825','C1125',NULL,'Ravindra ','Narayan','Kachwaha','Male','Narayan','Kachwaha','','Manishika','','','','','','2011-11-16','2011-06-14','Camp ,Pune','','','','','','','','','2017 - 18',0,1,NULL,NULL,0,42,'2017-11-16 12:51:59',NULL,NULL),(561,70,7,13,32,NULL,'GR826','C1126',NULL,'Sachin ','Narendar','Kaith','Male','Narendar','Kaith','','Manisi','','','','','','2011-11-17','2011-06-14','Kalyani nagar,Pune','','','','','','','','','2017 - 18',0,1,NULL,NULL,0,42,'2017-11-16 12:51:59',NULL,NULL),(562,70,7,13,32,NULL,'GR827','C1127',NULL,'Sandip ','Narendra','Kallichuran','Male','Narendra','Kallichuran','','Manisila','','','','','','2011-11-18','2011-06-14','KP,Pune','','','','','','','','','2017 - 18',0,1,NULL,NULL,0,42,'2017-11-16 12:51:59',NULL,NULL),(563,70,4,13,32,NULL,'GR828','C1128',NULL,'Sanjeet ','Naresh','Kambhatla','Male','Naresh','Kambhatla','','Manisitha','','','','','','2011-11-19','2011-06-14','Aundh, Pune','','','','','','','','','2017 - 18',0,1,NULL,NULL,0,42,'2017-11-16 12:51:59',NULL,NULL),(564,70,3,13,32,NULL,'GR830','C1130',NULL,'Satish ','Narmad','Kanwar','Male','Narmad','Kanwar','','Manjari','','','','','','2011-11-21','2011-06-14','Sb road,Pune','','','','','','','','','2017 - 18',0,1,NULL,NULL,0,42,'2017-11-16 12:51:59',NULL,NULL),(565,70,3,14,31,NULL,'GR831','C1131',NULL,'Sekar ','Narottam','Karumuri','Male','Narottam','Karumuri','','Manju','','','','','','2011-11-22','2011-06-14','Law college Road Pune','','','','','','','','','2017 - 18',0,1,NULL,NULL,0,42,'2017-11-16 12:51:59',NULL,NULL),(566,70,7,14,31,NULL,'GR832','C1132',NULL,'Shantanu ','Narsi','Kathiravan','Male','Narsi','Kathiravan','','Manjyot','','','','','','2011-11-23','2011-06-14','Kothrud, Pune','','','','','','','','','2017 - 18',0,1,NULL,NULL,0,42,'2017-11-16 12:51:59',NULL,NULL),(567,70,4,14,31,NULL,'GR833','C1133',NULL,'Shiva ','Narsimha','Kaushik','Male','Narsimha','Kaushik','','Manmayi','','','','','','2011-11-24','2011-06-14','Karvenagar,Pune','','','','','','','','','2017 - 18',0,1,NULL,NULL,0,42,'2017-11-16 12:51:59',NULL,NULL),(568,70,3,14,31,NULL,'GR835','C1135',NULL,'Siddharta ','Narun','Keshava','Male','Narun','Keshava','','Manorama','','','','','','2011-11-26','2011-06-14','Prabhat road,Pune','','','','','','','','','2017 - 18',0,1,NULL,NULL,0,42,'2017-11-16 12:51:59',NULL,NULL),(569,70,7,14,31,NULL,'GR836','C1136',NULL,'Skanda ','Naruna','Keyush','Male','Naruna','Keyush','','Manoritha','','','','','','2011-11-27','2011-06-14','Camp ,Pune','','','','','','','','','2017 - 18',0,1,NULL,NULL,0,42,'2017-11-16 12:51:59',NULL,NULL),(570,70,7,14,31,NULL,'GR837','C1137',NULL,'Sudhir ','Nataraj','Khodaiji','Male','Nataraj','Khodaiji','','Manovika','','','','','','2011-11-28','2011-06-14','Kalyani nagar,Pune','','','','','','','','','2017 - 18',0,1,NULL,NULL,0,42,'2017-11-16 12:52:00',NULL,NULL),(571,70,4,14,31,NULL,'GR838','C1138',NULL,'Sumantra ','Nataraja','Kittur','Male','Nataraja','Kittur','','Manshi','','','','','','2011-11-29','2011-06-14','KP,Pune','','','','','','','','','2017 - 18',0,1,NULL,NULL,0,42,'2017-11-16 12:52:00',NULL,NULL),(572,70,7,14,31,NULL,'GR839','C1139',NULL,'Sunder ','Natesh','Kodi','Male','Natesh','Kodi','','Manshree','','','','','','2011-11-30','2011-06-14','Aundh, Pune','','','','','','','','','2017 - 18',0,1,NULL,NULL,0,42,'2017-11-16 12:52:00',NULL,NULL),(573,70,4,14,31,NULL,'GR840','C1140',NULL,'Suresh ','Natick','Kolala','Male','Natick','Kolala','','Mansi','','','','','','2011-12-01','2011-06-14','Baner, Pune','','','','','','','','','2017 - 18',0,1,NULL,NULL,0,42,'2017-11-16 12:52:00',NULL,NULL),(574,70,3,14,31,NULL,'GR842','C1142',NULL,'Tangavel','Natwar','Koppala','Male','Natwar','Koppala','','Manuja','','','','','','2011-12-03','2011-06-14','Law college Road Pune','','','','','','','','','2017 - 18',0,1,NULL,NULL,0,42,'2017-11-16 12:52:00',NULL,NULL),(575,70,3,14,31,NULL,'GR843','C1143',NULL,'Vasant ','Nauhar','Kosuri','Male','Nauhar','Kosuri','','Manuni','','','','','','2011-12-04','2011-06-14','Kothrud, Pune','','','','','','','','','2017 - 18',0,1,NULL,NULL,0,42,'2017-11-16 12:52:00',NULL,NULL),(576,70,7,14,31,NULL,'GR844','C1144',NULL,'Venkat ','Navaj','Kripa','Male','Navaj','Kripa','','Manushi','','','','','','2011-12-05','2011-06-14','Karvenagar,Pune','','','','','','','','','2017 - 18',0,1,NULL,NULL,0,42,'2017-11-16 12:52:00',NULL,NULL),(577,70,4,14,31,NULL,'GR845','C1145',NULL,'Vignesh','Naval','Kulasekaran','Male','Naval','Kulasekaran','','Manva','','','','','','2011-12-06','2011-06-14','Pimple saudagar,Pune','','','','','','','','','2017 - 18',0,1,NULL,NULL,0,42,'2017-11-16 12:52:00',NULL,NULL),(578,70,3,14,31,NULL,'GR847','C1147',NULL,'Vipul ','Navaneet','Kurapati','Male','Navaneet','Kurapati','','Manveet','','','','','','2011-12-08','2011-06-14','Camp ,Pune','','','','','','','','','2017 - 18',0,1,NULL,NULL,0,42,'2017-11-16 12:52:00',NULL,NULL),(579,70,7,14,31,NULL,'GR848','C1148',NULL,'Vishnu ','Navaneeth','Kusagra','Male','Navaneeth','Kusagra','','Manvi','','','','','','2011-12-09','2011-06-14','Kalyani nagar,Pune','','','','','','','','','2017 - 18',0,1,NULL,NULL,0,42,'2017-11-16 12:52:00',NULL,NULL),(580,70,7,14,31,NULL,'GR849','C1149',NULL,'Yama ','Navashen','Lahan','Male','Navashen','Lahan','','Manvita','','','','','','2011-12-10','2011-06-14','KP,Pune','','','','','','','','','2017 - 18',0,1,NULL,NULL,0,42,'2017-11-16 12:52:00',NULL,NULL),(581,70,4,14,31,NULL,'GR850','C1150',NULL,'Aditya ','Navay','Lalitesh','Male','Navay','Lalitesh','','Manvitha','','','','','','2011-12-11','2011-06-14','Aundh, Pune','','','','','','','','','2017 - 18',0,1,NULL,NULL,0,42,'2017-11-16 12:52:00',NULL,NULL),(582,70,3,14,31,NULL,'GR852','C1152',NULL,'Amar ','Kirin','Laxmanan','Male','Kirin','Laxmanan','','Marala','','','','','','2011-12-13','2011-06-14','Sb road,Pune','','','','','','','','','2017 - 18',0,1,NULL,NULL,0,42,'2017-11-16 12:52:00',NULL,NULL),(583,70,3,14,31,NULL,'GR853','C1153',NULL,'Ananden','Kirish','Loy','Male','Kirish','Loy','','Mareesha','','','','','','2011-12-14','2011-06-14','Law college Road Pune','','','','','','','','','2017 - 18',0,1,NULL,NULL,0,42,'2017-11-16 12:52:00',NULL,NULL),(584,70,7,14,31,NULL,'GR854','C1154',NULL,'Ananth ','Kirit','Madan','Male','Kirit','Madan','','Margi','','','','','','2011-12-15','2011-06-14','Kothrud, Pune','','','','','','','','','2017 - 18',0,1,NULL,NULL,0,42,'2017-11-16 12:52:00',NULL,NULL),(585,70,4,14,32,NULL,'GR855','C1155',NULL,'Ankur ','Kirn','Madugula','Male','Kirn','Madugula','','Margshi','','','','','','2011-12-16','2011-06-14','Karvenagar,Pune','','','','','','','','','2017 - 18',0,1,NULL,NULL,0,42,'2017-11-16 12:52:00',NULL,NULL),(586,70,3,14,32,NULL,'GR857','C1157',NULL,'Aruna ','Kirthi','Mahatapa','Male','Kirthi','Mahatapa','','Marichi','','','','','','2011-12-18','2011-06-14','Prabhat road,Pune','','','','','','','','','2017 - 18',0,1,NULL,NULL,0,42,'2017-11-16 12:52:00',NULL,NULL),(587,70,7,14,32,NULL,'GR858','C1158',NULL,'Avinash ','Kirthik','Maitryi','Male','Kirthik','Maitryi','','Marisa','','','','','','2011-12-19','2011-06-14','Camp ,Pune','','','','','','','','','2017 - 18',0,1,NULL,NULL,0,42,'2017-11-16 12:52:00',NULL,NULL),(588,70,7,14,32,NULL,'GR859','C1159',NULL,'Bharata ','Kirti','Makarand','Male','Kirti','Makarand','','Marjana','','','','','','2011-12-20','2011-06-14','Kalyani nagar,Pune','','','','','','','','','2017 - 18',0,1,NULL,NULL,0,42,'2017-11-16 12:52:01',NULL,NULL),(589,70,4,14,32,NULL,'GR860','C1160',NULL,'Brahma ','Kirtin','Malipatlolla','Male','Kirtin','Malipatlolla','','Marvi','','','','','','2011-12-21','2011-06-14','KP,Pune','','','','','','','','','2017 - 18',0,1,NULL,NULL,0,42,'2017-11-16 12:52:01',NULL,NULL),(590,70,7,14,32,NULL,'GR861','C1161',NULL,'Carpanin','Kirtish','Mallya','Male','Kirtish','Mallya','','Masini','','','','','','2011-12-22','2011-06-14','Aundh, Pune','','','','','','','','','2017 - 18',0,1,NULL,NULL,0,42,'2017-11-16 12:52:01',NULL,NULL),(591,70,4,14,32,NULL,'GR862','C1162',NULL,'Chandraradj','Kishalan','Manasa','Male','Kishalan','Manasa','','Masum','','','','','','2011-12-23','2011-06-14','Baner, Pune','','','','','','','','','2017 - 18',0,1,NULL,NULL,0,42,'2017-11-16 12:52:01',NULL,NULL),(592,70,3,14,32,NULL,'GR864','C1164',NULL,'Damodara','Kishin','Manekshaw','Male','Kishin','Manekshaw','','Mathisha','','','','','','2011-12-25','2011-06-14','Law college Road Pune','','','','','','','','','2017 - 18',0,1,NULL,NULL,0,42,'2017-11-16 12:52:01',NULL,NULL),(593,70,3,14,32,NULL,'GR865','C1165',NULL,'Dayaram','Kishlay','Mangeshkar','Male','Kishlay','Mangeshkar','','Matisha','','','','','','2011-12-26','2011-06-14','Kothrud, Pune','','','','','','','','','2017 - 18',0,1,NULL,NULL,0,42,'2017-11-16 12:52:01',NULL,NULL),(594,70,7,14,32,NULL,'GR866','C1166',NULL,'Dev','Kishna','Manjanatha','Male','Kishna','Manjanatha','','Matra','','','','','','2011-12-27','2011-06-14','Karvenagar,Pune','','','','','','','','','2017 - 18',0,1,NULL,NULL,0,42,'2017-11-16 12:52:01',NULL,NULL),(595,70,4,14,32,NULL,'GR867','C1167',NULL,'Devayanne','Kishnu','Mankad','Male','Kishnu','Mankad','','Matrika','','','','','','2011-12-28','2011-06-14','Pimple saudagar,Pune','','','','','','','','','2017 - 18',0,1,NULL,NULL,0,42,'2017-11-16 12:52:01',NULL,NULL),(596,70,3,14,32,NULL,'GR869','C1169',NULL,'Dhaval','Kishu','Marisa','Male','Kishu','Marisa','','Mauli','','','','','','2011-12-30','2011-06-14','Camp ,Pune','','','','','','','','','2017 - 18',0,1,NULL,NULL,0,42,'2017-11-16 12:52:01',NULL,NULL),(597,70,7,14,32,NULL,'GR870','C1170',NULL,'Dinesh','Kislay','Masrani','Male','Kislay','Masrani','','Maulika','','','','','','2011-12-31','2011-06-14','Kalyani nagar,Pune','','','','','','','','','2017 - 18',0,1,NULL,NULL,0,42,'2017-11-16 12:52:01',NULL,NULL),(598,70,7,14,32,NULL,'GR871','C1171',NULL,'Djagarajen','Kiyaan','Matu','Male','Kiyaan','Matu','','Maulisha','','','','','','2012-01-01','2011-06-14','KP,Pune','','','','','','','','','2017 - 18',0,1,NULL,NULL,0,42,'2017-11-16 12:52:01',NULL,NULL),(599,70,4,14,32,NULL,'GR872','C1172',NULL,'Duleep ','Kiyansh','Mayur','Male','Kiyansh','Mayur','','Maurima','','','','','','2012-01-02','2011-06-14','Aundh, Pune','','','','','','','','','2017 - 18',0,1,NULL,NULL,0,42,'2017-11-16 12:52:01',NULL,NULL),(600,70,3,14,32,NULL,'GR874','C1174',NULL,'Girisha ','Kohid','Meher','Male','Kohid','Meher','','Mausami','','','','','','2012-01-04','2011-06-14','Sb road,Pune','','','','','','','','','2017 - 18',0,1,NULL,NULL,0,42,'2017-11-16 12:52:01',NULL,NULL),(601,70,3,14,32,NULL,'GR875','C1175',NULL,'Gopalkrishna','Komutti','Melliyal','Male','Komutti','Melliyal','','Maushmi','','','','','','2012-01-05','2011-06-14','Law college Road Pune','','','','','','','','','2017 - 18',0,1,NULL,NULL,0,42,'2017-11-16 12:52:01',NULL,NULL),(602,70,7,14,32,NULL,'GR876','C1176',NULL,'Gotama ','Koshal','Michandani','Male','Koshal','Michandani','','Mausumi','','','','','','2012-01-06','2011-06-14','Kothrud, Pune','','','','','','','','','2017 - 18',0,1,NULL,NULL,0,42,'2017-11-16 12:52:01',NULL,NULL),(603,70,4,14,32,NULL,'GR877','C1177',NULL,'Harendra ','Koshin','Mirchandani','Male','Koshin','Mirchandani','','Mayanshi','','','','','','2012-01-07','2011-06-14','Karvenagar,Pune','','','','','','','','','2017 - 18',0,1,NULL,NULL,0,42,'2017-11-16 12:52:01',NULL,NULL),(604,70,3,14,32,NULL,'GR879','C1179',NULL,'Harshal ','Kotijit','Moidu','Male','Kotijit','Moidu','','Mayuka','','','','','','2012-01-09','2011-06-14','Prabhat road,Pune','','','','','','','','','2017 - 18',0,1,NULL,NULL,0,42,'2017-11-16 12:52:01',NULL,NULL),(605,70,7,14,32,NULL,'GR880','C1180',NULL,'Indra ','Koushik','Mule','Male','Koushik','Mule','','Mayukhi','','','','','','2012-01-10','2011-06-14','Camp ,Pune','','','','','','','','','2017 - 18',0,1,NULL,NULL,0,42,'2017-11-16 12:52:01',NULL,NULL),(606,70,7,14,32,NULL,'GR881','C1181',NULL,'Ishwari','Kovid','Mounil','Male','Kovid','Mounil','','Mayuri','','','','','','2012-01-11','2011-06-14','Kalyani nagar,Pune','','','','','','','','','2017 - 18',0,1,NULL,NULL,0,42,'2017-11-16 12:52:01',NULL,NULL),(607,70,4,14,32,NULL,'GR882','C1182',NULL,'Jagdish ','Kovidh','Mukherjee','Male','Kovidh','Mukherjee','','Mayurika','','','','','','2012-01-12','2011-06-14','KP,Pune','','','','','','','','','2017 - 18',0,1,NULL,NULL,0,42,'2017-11-16 12:52:02',NULL,NULL),(608,70,7,14,32,NULL,'GR883','C1183',NULL,'Jayant ','Kowsik','Mukund','Male','Kowsik','Mukund','','Medh','','','','','','2012-01-13','2011-06-14','Aundh, Pune','','','','','','','','','2017 - 18',0,1,NULL,NULL,0,42,'2017-11-16 12:52:02',NULL,NULL),(609,70,4,14,32,NULL,'GR884','C1184',NULL,'Jeetendra ','Kranth','Munish','Male','Kranth','Munish','','Medha','','','','','','2012-01-14','2011-06-14','Baner, Pune','','','','','','','','','2017 - 18',0,1,NULL,NULL,0,42,'2017-11-16 12:52:02',NULL,NULL),(610,70,3,14,32,NULL,'GR886','C1186',NULL,'Kailash ','Kranti','Murugesan','Male','Kranti','Murugesan','','Medhasvi','','','','','','2012-01-16','2011-06-14','Law college Road Pune','','','','','','','','','2017 - 18',0,1,NULL,NULL,0,42,'2017-11-16 12:52:02',NULL,NULL),(611,70,3,14,32,NULL,'GR887','C1187',NULL,'Kalyana ','Kriday','Muthukrishn','Male','Kriday','Muthukrishn','','Medhavi','','','','','','2012-01-17','2011-06-14','Kothrud, Pune','','','','','','','','','2017 - 18',0,1,NULL,NULL,0,42,'2017-11-16 12:52:02',NULL,NULL),(612,70,7,14,32,NULL,'GR888','C1188',NULL,'Kapil ','Krinay','Naagesh','Male','Krinay','Naagesh','','Medhya','','','','','','2012-01-18','2011-06-14','Karvenagar,Pune','','','','','','','','','2017 - 18',0,1,NULL,NULL,0,42,'2017-11-16 12:52:02',NULL,NULL),(613,70,4,14,32,NULL,'GR889','C1189',NULL,'Kartikeya','Kripa','Naeem','Male','Kripa','Naeem','','Medini','','','','','','2012-01-19','2011-06-14','Pimple saudagar,Pune','','','','','','','','','2017 - 18',0,1,NULL,NULL,0,42,'2017-11-16 12:52:02',NULL,NULL),(614,70,7,16,31,NULL,'GR338','C638',NULL,'Nidr','Havih','Gopinath','Female','Havih','Gopinath','','Lasik','','','','','','2010-07-17','2011-06-14','Karvenagar,Pune','','','','','','','','','2017 - 18',0,1,NULL,NULL,0,42,'2017-11-16 12:59:32',NULL,NULL),(615,70,4,16,31,NULL,'GR339','C639',NULL,'Nilima ','Havish','Govindasvamy','Female','Havish','Govindasvamy','','Lasya','','','','','','2010-07-18','2011-06-14','Pimple saudagar,Pune','','','','','','','','','2017 - 18',0,1,NULL,NULL,0,42,'2017-11-16 12:59:33',NULL,NULL),(616,70,3,16,31,NULL,'GR341','C641',NULL,'Oulvashi','Heemakar','Guneratne','Female','Heemakar','Guneratne','','Latika','','','','','','2010-07-20','2011-06-14','Camp ,Pune','','','','','','','','','2017 - 18',0,1,NULL,NULL,0,42,'2017-11-16 12:59:33',NULL,NULL),(617,70,7,16,31,NULL,'GR342','C642',NULL,'Ousadvi','Heemal','Guramurthy','Female','Heemal','Guramurthy','','Lauhitya','','','','','','2010-07-21','2011-06-14','Kalyani nagar,Pune','','','','','','','','','2017 - 18',0,1,NULL,NULL,0,42,'2017-11-16 12:59:33',NULL,NULL),(618,70,7,16,31,NULL,'GR343','C643',NULL,'Pallavi ','Heer','Gutta','Female','Heer','Gutta','','Lavali','','','','','','2010-07-22','2011-06-14','KP,Pune','','','','','','','','','2017 - 18',0,1,NULL,NULL,0,42,'2017-11-16 12:59:33',NULL,NULL),(619,70,4,16,31,NULL,'GR344','C644',NULL,'Parvati ','Heeram','Harku','Female','Heeram','Harku','','Lavangi','','','','','','2010-07-23','2011-06-14','Aundh, Pune','','','','','','','','','2017 - 18',0,1,NULL,NULL,0,42,'2017-11-16 12:59:33',NULL,NULL),(620,70,3,16,31,NULL,'GR346','C646',NULL,'Radha ','Heerva','Honnenahalli','Female','Heerva','Honnenahalli','','Lavanya','','','','','','2010-07-25','2011-06-14','Sb road,Pune','','','','','','','','','2017 - 18',0,1,NULL,NULL,0,42,'2017-11-16 12:59:33',NULL,NULL),(621,70,3,16,31,NULL,'GR347','C647',NULL,'Rajani ','Heet','Imani','Female','Heet','Imani','','Laveenia','','','','','','2010-07-26','2011-06-14','Law college Road Pune','','','','','','','','','2017 - 18',0,1,NULL,NULL,0,42,'2017-11-16 12:59:33',NULL,NULL),(622,70,7,16,31,NULL,'GR348','C648',NULL,'Rani ','Heetraj','Jafferbhoy','Female','Heetraj','Jafferbhoy','','Lavenia','','','','','','2010-07-27','2011-06-14','Kothrud, Pune','','','','','','','','','2017 - 18',0,1,NULL,NULL,0,42,'2017-11-16 12:59:33',NULL,NULL),(623,70,4,16,31,NULL,'GR349','C649',NULL,'Ratna ','Heeva','Jaishree','Female','Heeva','Jaishree','','Lavi','','','','','','2010-07-28','2011-06-14','Karvenagar,Pune','','','','','','','','','2017 - 18',0,1,NULL,NULL,0,42,'2017-11-16 12:59:33',NULL,NULL),(624,70,3,16,31,NULL,'GR351','C651',NULL,'Rvathi','Vachan','Jayaram','Female','Vachan','Jayaram','','Lavina','','','','','','2010-07-30','2011-06-14','Prabhat road,Pune','','','','','','','','','2017 - 18',0,1,NULL,NULL,0,42,'2017-11-16 12:59:33',NULL,NULL),(625,70,7,16,31,NULL,'GR352','C652',NULL,'Riya ','Vadin','Jeyaseelan','Female','Vadin','Jeyaseelan','','Lavy','','','','','','2010-07-31','2011-06-14','Camp ,Pune','','','','','','','','','2017 - 18',0,1,NULL,NULL,0,42,'2017-11-16 12:59:33',NULL,NULL),(626,70,7,16,32,NULL,'GR353','C653',NULL,'Roshan ','Vadish','Jitesh','Female','Vadish','Jitesh','','Lavya','','','','','','2010-08-01','2011-06-14','Kalyani nagar,Pune','','','','','','','','','2017 - 18',0,1,NULL,NULL,0,42,'2017-11-16 12:59:33',NULL,NULL),(627,70,4,16,32,NULL,'GR354','C654',NULL,'Rudrani','Vagesh','Junanker','Female','Vagesh','Junanker','','Laxmi','','','','','','2010-08-02','2011-06-14','KP,Pune','','','','','','','','','2017 - 18',0,1,NULL,NULL,0,42,'2017-11-16 12:59:33',NULL,NULL),(628,70,7,16,32,NULL,'GR355','C655',NULL,'Sabita','Vagindra','Kachwaha','Female','Vagindra','Kachwaha','','Laxmitha','','','','','','2010-08-03','2011-06-14','Aundh, Pune','','','','','','','','','2017 - 18',0,1,NULL,NULL,0,42,'2017-11-16 12:59:33',NULL,NULL),(629,70,4,16,32,NULL,'GR356','C656',NULL,'Sandhya ','Vagish','Kaith','Female','Vagish','Kaith','','Laya','','','','','','2010-08-04','2011-06-14','Baner, Pune','','','','','','','','','2017 - 18',0,1,NULL,NULL,0,42,'2017-11-16 12:59:33',NULL,NULL),(630,70,3,16,32,NULL,'GR358','C658',NULL,'Sashi ','Vaibhav','Kambhatla','Female','Vaibhav','Kambhatla','','Leela','','','','','','2010-08-06','2011-06-14','Law college Road Pune','','','','','','','','','2017 - 18',0,1,NULL,NULL,0,42,'2017-11-16 12:59:34',NULL,NULL),(631,70,3,16,32,NULL,'GR359','C659',NULL,'Satyavati','Vaidesh','Kanetkar','Female','Vaidesh','Kanetkar','','Leena','','','','','','2010-08-07','2011-06-14','Kothrud, Pune','','','','','','','','','2017 - 18',0,1,NULL,NULL,0,42,'2017-11-16 12:59:34',NULL,NULL),(632,70,7,16,32,NULL,'GR360','C660',NULL,'Seeta ','Vaidic','Kanwar','Female','Vaidic','Kanwar','','Leenata','','','','','','2010-08-08','2011-06-14','Karvenagar,Pune','','','','','','','','','2017 - 18',0,1,NULL,NULL,0,42,'2017-11-16 12:59:34',NULL,NULL),(633,70,4,16,32,NULL,'GR361','C661',NULL,'Shakuntala ','Vaidik','Karumuri','Female','Vaidik','Karumuri','','Leesha','','','','','','2010-08-09','2011-06-14','Pimple saudagar,Pune','','','','','','','','','2017 - 18',0,1,NULL,NULL,0,42,'2017-11-16 12:59:34',NULL,NULL),(634,70,3,16,32,NULL,'GR363','C663',NULL,'Sheela ','Vaikhan','Kaushik','Female','Vaikhan','Kaushik','','Lehak','','','','','','2010-08-11','2011-06-14','Camp ,Pune','','','','','','','','','2017 - 18',0,1,NULL,NULL,0,42,'2017-11-16 12:59:34',NULL,NULL),(635,70,7,16,32,NULL,'GR364','C664',NULL,'Shraddh','Vaikunth','Keerthana','Female','Vaikunth','Keerthana','','Lehar','','','','','','2010-08-12','2011-06-14','Kalyani nagar,Pune','','','','','','','','','2017 - 18',0,1,NULL,NULL,0,42,'2017-11-16 12:59:34',NULL,NULL),(636,70,7,16,32,NULL,'GR365','C665',NULL,'Shyama ','Vainavin','Keshava','Female','Vainavin','Keshava','','Leisha','','','','','','2010-08-13','2011-06-14','KP,Pune','','','','','','','','','2017 - 18',0,1,NULL,NULL,0,42,'2017-11-16 12:59:34',NULL,NULL),(637,70,4,16,32,NULL,'GR366','C666',NULL,'Simi','Vairaj','Keyush','Female','Vairaj','Keyush','','Leivina','','','','','','2010-08-14','2011-06-14','Aundh, Pune','','','','','','','','','2017 - 18',0,1,NULL,NULL,0,42,'2017-11-16 12:59:34',NULL,NULL),(638,70,3,16,32,NULL,'GR368','C668',NULL,'Soubama','Vairat','Kittur','Female','Vairat','Kittur','','Lekhana','','','','','','2010-08-16','2011-06-14','Sb road,Pune','','','','','','','','','2017 - 18',0,1,NULL,NULL,0,42,'2017-11-16 12:59:34',NULL,NULL),(639,70,3,16,32,NULL,'GR369','C669',NULL,'Sourendra','Vairochan','Kodi','Female','Vairochan','Kodi','','Lekhisha','','','','','','2010-08-17','2011-06-14','Law college Road Pune','','','','','','','','','2017 - 18',0,1,NULL,NULL,0,42,'2017-11-16 12:59:34',NULL,NULL),(640,70,7,16,32,NULL,'GR370','C670',NULL,'Sulabha ','Vaisaka','Kolala','Female','Vaisaka','Kolala','','Lekhya','','','','','','2010-08-18','2011-06-14','Kothrud, Pune','','','','','','','','','2017 - 18',0,1,NULL,NULL,0,42,'2017-11-16 12:59:34',NULL,NULL),(641,70,4,16,32,NULL,'GR371','C671',NULL,'Sundhya','Vaish','Kondapaneni','Female','Vaish','Kondapaneni','','Lekisha','','','','','','2010-08-19','2011-06-14','Karvenagar,Pune','','','','','','','','','2017 - 18',0,1,NULL,NULL,0,42,'2017-11-16 12:59:34',NULL,NULL),(642,70,3,16,32,NULL,'GR373','C673',NULL,'Swati ','Vaishnav','Kosuri','Female','Vaishnav','Kosuri','','Lekya','','','','','','2010-08-21','2011-06-14','Prabhat road,Pune','','','','','','','','','2017 - 18',0,1,NULL,NULL,0,42,'2017-11-16 12:59:34',NULL,NULL),(643,70,7,16,32,NULL,'GR374','C674',NULL,'Uma ','Vaishnov','Kripa','Female','Vaishnov','Kripa','','Lema','','','','','','2010-08-22','2011-06-14','Camp ,Pune','','','','','','','','','2017 - 18',0,1,NULL,NULL,0,42,'2017-11-16 12:59:35',NULL,NULL),(644,70,7,16,32,NULL,'GR375','C675',NULL,'Usha ','Vaivat','Kulasekaran','Female','Vaivat','Kulasekaran','','Lena','','','','','','2010-08-23','2011-06-14','Kalyani nagar,Pune','','','','','','','','','2017 - 18',0,1,NULL,NULL,0,42,'2017-11-16 12:59:35',NULL,NULL),(645,70,4,16,32,NULL,'GR376','C676',NULL,'Vandi','Vajasani','Kumur','Female','Vajasani','Kumur','','Lenisha','','','','','','2010-08-24','2011-06-14','KP,Pune','','','','','','','','','2017 - 18',0,1,NULL,NULL,0,42,'2017-11-16 12:59:35',NULL,NULL),(646,70,7,16,32,NULL,'GR377','C677',NULL,'Vasuda ','Vajasi','Kurapati','Female','Vajasi','Kurapati','','Levinika','','','','','','2010-08-25','2011-06-14','Aundh, Pune','','','','','','','','','2017 - 18',0,1,NULL,NULL,0,42,'2017-11-16 12:59:35',NULL,NULL),(647,70,4,16,32,NULL,'GR378','C678',NULL,'Vdavalli','Vajendra','Kusagra','Female','Vajendra','Kusagra','','Ligy','','','','','','2010-08-26','2011-06-14','Baner, Pune','','','','','','','','','2017 - 18',0,1,NULL,NULL,0,42,'2017-11-16 12:59:35',NULL,NULL),(648,70,3,16,32,NULL,'GR380','C680',NULL,'Vinata','Vajrabahu','Lalitesh','Female','Vajrabahu','Lalitesh','','Likita','','','','','','2010-08-28','2011-06-14','Law college Road Pune','','','','','','','','','2017 - 18',0,1,NULL,NULL,0,42,'2017-11-16 12:59:35',NULL,NULL),(649,70,3,16,32,NULL,'GR381','C681',NULL,'Yamouna','Vajraksh','Latesh','Female','Vajraksh','Latesh','','Lila','','','','','','2010-08-29','2011-06-14','Kothrud, Pune','','','','','','','','','2017 - 18',0,1,NULL,NULL,0,42,'2017-11-16 12:59:35',NULL,NULL),(650,70,7,16,32,NULL,'GR382','C682',NULL,'Yellamma','Vajraksha','Laxmanan','Female','Vajraksha','Laxmanan','','Limisha','','','','','','2010-08-30','2011-06-14','Karvenagar,Pune','','','','','','','','','2017 - 18',0,1,NULL,NULL,0,42,'2017-11-16 12:59:35',NULL,NULL),(651,70,4,16,32,NULL,'GR383','C683',NULL,'Adhita','Vajrin','Loy','Female','Vajrin','Loy','','Limna','','','','','','2010-08-31','2011-06-14','Pimple saudagar,Pune','','','','','','','','','2017 - 18',0,1,NULL,NULL,0,42,'2017-11-16 12:59:36',NULL,NULL),(652,70,3,16,32,NULL,'GR385','C685',NULL,'Amrita ','Vakshal','Madugula','Female','Vakshal','Madugula','','Linasha','','','','','','2010-09-02','2011-06-14','Camp ,Pune','','','','','','','','','2017 - 18',0,1,NULL,NULL,0,42,'2017-11-16 12:59:36',NULL,NULL),(653,70,7,16,32,NULL,'GR386','C686',NULL,'Ananta ','Vakul','Mahajan','Female','Vakul','Mahajan','','Lincy','','','','','','2010-09-03','2011-06-14','Kalyani nagar,Pune','','','','','','','','','2017 - 18',0,1,NULL,NULL,0,42,'2017-11-16 12:59:36',NULL,NULL),(654,70,7,16,32,NULL,'GR387','C687',NULL,'Anima ','Valak','Mahatapa','Female','Valak','Mahatapa','','Linnet','','','','','','2010-09-04','2011-06-14','KP,Pune','','','','','','','','','2017 - 18',0,1,NULL,NULL,0,42,'2017-11-16 12:59:36',NULL,NULL),(655,70,4,16,32,NULL,'GR388','C688',NULL,'Anuja ','Valavan','Maitryi','Female','Valavan','Maitryi','','Lipi','','','','','','2010-09-05','2011-06-14','Aundh, Pune','','','','','','','','','2017 - 18',0,1,NULL,NULL,0,42,'2017-11-16 12:59:36',NULL,NULL),(656,70,3,16,32,NULL,'GR390','C690',NULL,'Asha ','Vallabh','Malipatlolla','Female','Vallabh','Malipatlolla','','Lipsika','','','','','','2010-09-07','2011-06-14','Sb road,Pune','','','','','','','','','2017 - 18',0,1,NULL,NULL,0,42,'2017-11-16 12:59:36',NULL,NULL),(657,70,3,16,32,NULL,'GR391','C691',NULL,'Bakula','Valmeki','Mallya','Female','Valmeki','Mallya','','Lira','','','','','','2010-09-08','2011-06-14','Law college Road Pune','','','','','','','','','2017 - 18',0,1,NULL,NULL,0,42,'2017-11-16 12:59:36',NULL,NULL),(658,70,7,16,32,NULL,'GR392','C692',NULL,'Brinda','Valmik','Manasa','Female','Valmik','Manasa','','Lithika','','','','','','2010-09-09','2011-06-14','Kothrud, Pune','','','','','','','','','2017 - 18',0,1,NULL,NULL,0,42,'2017-11-16 12:59:36',NULL,NULL),(659,70,4,16,32,NULL,'GR393','C693',NULL,'Chanda ','Valmiki','Mandar','Female','Valmiki','Mandar','','Litika','','','','','','2010-09-10','2011-06-14','Karvenagar,Pune','','','','','','','','','2017 - 18',0,1,NULL,NULL,0,42,'2017-11-16 12:59:36',NULL,NULL),(660,70,3,16,32,NULL,'GR395','C695',NULL,'Chitra','Vamdev','Mangeshkar','Female','Vamdev','Mangeshkar','','Liya','','','','','','2010-09-12','2011-06-14','Prabhat road,Pune','','','','','','','','','2017 - 18',0,1,NULL,NULL,0,42,'2017-11-16 12:59:36',NULL,NULL),(661,70,7,16,32,NULL,'GR396','C696',NULL,'Darshana','Vamshi','Manjanatha','Female','Vamshi','Manjanatha','','Liyana','','','','','','2010-09-13','2011-06-14','Camp ,Pune','','','','','','','','','2017 - 18',0,1,NULL,NULL,0,42,'2017-11-16 12:59:37',NULL,NULL),(662,70,7,16,32,NULL,'GR397','C697',NULL,'Devaki','Vamsi','Mankad','Female','Vamsi','Mankad','','Lochan','','','','','','2010-09-14','2011-06-14','Kalyani nagar,Pune','','','','','','','','','2017 - 18',0,1,NULL,NULL,0,42,'2017-11-16 12:59:37',NULL,NULL),(663,70,4,16,32,NULL,'GR398','C698',NULL,'Dipali','Vana','Mantri','Female','Vana','Mantri','','Lochana','','','','','','2010-09-15','2011-06-14','KP,Pune','','','','','','','','','2017 - 18',0,1,NULL,NULL,0,42,'2017-11-16 12:59:37',NULL,NULL),(664,70,7,16,32,NULL,'GR399','C699',NULL,'Divya','Vanad','Marisa','Female','Vanad','Marisa','','Locy','','','','','','2010-09-16','2011-06-14','Aundh, Pune','','','','','','','','','2017 - 18',0,1,NULL,NULL,0,42,'2017-11-16 12:59:37',NULL,NULL),(665,70,7,16,31,NULL,'GR616','C916',NULL,'Mogaya','Monit','Narayanaswamy','Male','Monit','Narayanaswamy','','Panchali','','','','','','2011-04-21','2011-06-14','Camp ,Pune','','','','','','','','','2017 - 18',0,1,NULL,NULL,0,42,'2017-11-16 12:59:37',NULL,NULL),(666,70,7,16,31,NULL,'GR617','C917',NULL,'Moryl','Monojit','Nashier','Male','Monojit','Nashier','','Panchi','','','','','','2011-04-22','2011-06-14','Kalyani nagar,Pune','','','','','','','','','2017 - 18',0,1,NULL,NULL,0,42,'2017-11-16 12:59:37',NULL,NULL),(667,70,4,16,31,NULL,'GR618','C918',NULL,'Mukul ','Montu','Naueshwara','Male','Montu','Naueshwara','','Panishka','','','','','','2011-04-23','2011-06-14','KP,Pune','','','','','','','','','2017 - 18',0,1,NULL,NULL,0,42,'2017-11-16 12:59:37',NULL,NULL),(668,70,7,16,31,NULL,'GR619','C919',NULL,'Nala ','Mookesh','Nayudu','Male','Mookesh','Nayudu','','Panita','','','','','','2011-04-24','2011-06-14','Aundh, Pune','','','','','','','','','2017 - 18',0,1,NULL,NULL,0,42,'2017-11-16 12:59:37',NULL,NULL),(669,70,4,16,31,NULL,'GR620','C920',NULL,'Narayanin','Moorti','Nerurkar','Male','Moorti','Nerurkar','','Pankaja','','','','','','2011-04-25','2011-06-14','Baner, Pune','','','','','','','','','2017 - 18',0,1,NULL,NULL,0,42,'2017-11-16 12:59:37',NULL,NULL),(670,70,3,16,31,NULL,'GR622','C922',NULL,'Ninad ','Moti','Panjwani','Male','Moti','Panjwani','','Pankti','','','','','','2011-04-27','2011-06-14','Law college Road Pune','','','','','','','','','2017 - 18',0,1,NULL,NULL,0,42,'2017-11-16 12:59:37',NULL,NULL),(671,70,3,16,31,NULL,'GR623','C923',NULL,'Nishant ','Mouli','Parameswaran','Male','Mouli','Parameswaran','','Pankuni','','','','','','2011-04-28','2011-06-14','Kothrud, Pune','','','','','','','','','2017 - 18',0,1,NULL,NULL,0,42,'2017-11-16 12:59:37',NULL,NULL),(672,70,7,16,31,NULL,'GR624','C924',NULL,'Pajani','Moulik','Phadnis','Male','Moulik','Phadnis','','Panna','','','','','','2011-04-29','2011-06-14','Karvenagar,Pune','','','','','','','','','2017 - 18',0,1,NULL,NULL,0,42,'2017-11-16 12:59:38',NULL,NULL),(673,70,4,16,31,NULL,'GR625','C925',NULL,'Pankaj ','Mouni','Pillay','Male','Mouni','Pillay','','Panthini','','','','','','2011-04-30','2011-06-14','Pimple saudagar,Pune','','','','','','','','','2017 - 18',0,1,NULL,NULL,0,42,'2017-11-16 12:59:38',NULL,NULL),(674,70,3,16,31,NULL,'GR627','C927',NULL,'Pradip','Mounith','Prajapati','Male','Mounith','Prajapati','','Paola','','','','','','2011-05-02','2011-06-14','Camp ,Pune','','','','','','','','','2017 - 18',0,1,NULL,NULL,0,42,'2017-11-16 12:59:38',NULL,NULL),(675,70,7,16,31,NULL,'GR628','C928',NULL,'Radjiv','Mourya','Raghuvir','Male','Mourya','Raghuvir','','Para','','','','','','2011-05-03','2011-06-14','Kalyani nagar,Pune','','','','','','','','','2017 - 18',0,1,NULL,NULL,0,42,'2017-11-16 12:59:38',NULL,NULL),(676,70,7,16,31,NULL,'GR629','C929',NULL,'Raj ','Moushimi','Rajagopal','Male','Moushimi','Rajagopal','','Parajika','','','','','','2011-05-04','2011-06-14','KP,Pune','','','','','','','','','2017 - 18',0,1,NULL,NULL,0,42,'2017-11-16 12:59:38',NULL,NULL),(677,70,4,16,31,NULL,'GR630','C930',NULL,'Rajinder ','Mranal','Acharya','Male','Mranal','Acharya','','Parama','','','','','','2011-05-05','2011-06-14','Aundh, Pune','','','','','','','','','2017 - 18',0,1,NULL,NULL,0,42,'2017-11-16 12:59:38',NULL,NULL),(678,70,3,16,32,NULL,'GR632','C932',NULL,'Ramakrishna ','Mriga','Agate','Male','Mriga','Agate','','Parashree','','','','','','2011-05-07','2011-06-14','Sb road,Pune','','','','','','','','','2017 - 18',0,1,NULL,NULL,0,42,'2017-11-16 12:59:38',NULL,NULL),(679,70,3,16,32,NULL,'GR633','C933',NULL,'Ranj ','Mrigaj','Aggarwal','Male','Mrigaj','Aggarwal','','Paravana','','','','','','2011-05-08','2011-06-14','Law college Road Pune','','','','','','','','','2017 - 18',0,1,NULL,NULL,0,42,'2017-11-16 12:59:38',NULL,NULL),(680,70,7,16,32,NULL,'GR634','C934',NULL,'Ratnam ','Mrigank','Agrawal','Male','Mrigank','Agrawal','','Paravi','','','','','','2011-05-09','2011-06-14','Kothrud, Pune','','','','','','','','','2017 - 18',0,1,NULL,NULL,0,42,'2017-11-16 12:59:38',NULL,NULL),(681,70,4,16,32,NULL,'GR635','C935',NULL,'Rohan ','Mriganka','Ahluwalia','Male','Mriganka','Ahluwalia','','Parbarti','','','','','','2011-05-10','2011-06-14','Karvenagar,Pune','','','','','','','','','2017 - 18',0,1,NULL,NULL,0,42,'2017-11-16 12:59:38',NULL,NULL),(682,70,3,16,32,NULL,'GR637','C937',NULL,'Sanjay ','Mrigendra','Amble','Male','Mrigendra','Amble','','Pari','','','','','','2011-05-12','2011-06-14','Prabhat road,Pune','','','','','','','','','2017 - 18',0,1,NULL,NULL,0,42,'2017-11-16 12:59:38',NULL,NULL),(683,70,7,16,32,NULL,'GR638','C938',NULL,'Sanjit ','Mrigesh','Anand','Male','Mrigesh','Anand','','Paridhi','','','','','','2011-05-13','2011-06-14','Camp ,Pune','','','','','','','','','2017 - 18',0,1,NULL,NULL,0,42,'2017-11-16 12:59:38',NULL,NULL),(684,70,7,16,32,NULL,'GR639','C939',NULL,'Saral ','Mrinal','Andra','Male','Mrinal','Andra','','Parija','','','','','','2011-05-14','2011-06-14','Kalyani nagar,Pune','','','','','','','','','2017 - 18',0,1,NULL,NULL,0,42,'2017-11-16 12:59:38',NULL,NULL),(685,70,4,16,32,NULL,'GR640','C940',NULL,'Savitr ','Mrinank','Anne','Male','Mrinank','Anne','','Parimala','','','','','','2011-05-15','2011-06-14','KP,Pune','','','','','','','','','2017 - 18',0,1,NULL,NULL,0,42,'2017-11-16 12:59:39',NULL,NULL),(686,70,7,16,32,NULL,'GR641','C941',NULL,'Shankara ','Mrinendra','Apte','Male','Mrinendra','Apte','','Parina','','','','','','2011-05-16','2011-06-14','Aundh, Pune','','','','','','','','','2017 - 18',0,1,NULL,NULL,0,42,'2017-11-16 12:59:39',NULL,NULL),(687,70,4,16,32,NULL,'GR642','C942',NULL,'Shasty','Mrithun','Arora','Male','Mrithun','Arora','','Parinita','','','','','','2011-05-17','2011-06-14','Baner, Pune','','','','','','','','','2017 - 18',0,1,NULL,NULL,0,42,'2017-11-16 12:59:39',NULL,NULL),(688,70,3,16,32,NULL,'GR644','C944',NULL,'Shyamal ','Mrugaja','Atwal','Male','Mrugaja','Atwal','','Pariniti','','','','','','2011-05-19','2011-06-14','Law college Road Pune','','','','','','','','','2017 - 18',0,1,NULL,NULL,0,42,'2017-11-16 12:59:39',NULL,NULL),(689,70,3,16,32,NULL,'GR645','C945',NULL,'Singh ','Mudgal','Aurora','Male','Mudgal','Aurora','','Paris','','','','','','2011-05-20','2011-06-14','Kothrud, Pune','','','','','','','','','2017 - 18',0,1,NULL,NULL,0,42,'2017-11-16 12:59:39',NULL,NULL),(690,70,7,16,32,NULL,'GR646','C946',NULL,'Sudarshan ','Mudil','Babu','Male','Mudil','Babu','','Parisa','','','','','','2011-05-21','2011-06-14','Karvenagar,Pune','','','','','','','','','2017 - 18',0,1,NULL,NULL,0,42,'2017-11-16 12:59:39',NULL,NULL),(691,70,4,16,32,NULL,'GR647','C947',NULL,'Sukumar','Mudit','Badal','Male','Mudit','Badal','','Parisha','','','','','','2011-05-22','2011-06-14','Pimple saudagar,Pune','','','','','','','','','2017 - 18',0,1,NULL,NULL,0,42,'2017-11-16 12:59:39',NULL,NULL),(692,70,3,16,32,NULL,'GR649','C949',NULL,'Suraj ','Mukesh','Bahl','Male','Mukesh','Bahl','','Parisi','','','','','','2011-05-24','2011-06-14','Camp ,Pune','','','','','','','','','2017 - 18',0,1,NULL,NULL,0,42,'2017-11-16 12:59:39',NULL,NULL),(693,70,7,16,32,NULL,'GR650','C950',NULL,'Surinder ','Mukil','Bahri','Male','Mukil','Bahri','','Parita','','','','','','2011-05-25','2011-06-14','Kalyani nagar,Pune','','','','','','','','','2017 - 18',0,1,NULL,NULL,0,42,'2017-11-16 12:59:39',NULL,NULL),(694,70,7,16,32,NULL,'GR651','C951',NULL,'Swapnil ','Kabilan','Bail','Male','Kabilan','Bail','','Parivita','','','','','','2011-05-26','2011-06-14','KP,Pune','','','','','','','','','2017 - 18',0,1,NULL,NULL,0,42,'2017-11-16 12:59:39',NULL,NULL),(695,70,4,16,32,NULL,'GR652','C952',NULL,'Varghese ','Kabilash','Bains','Male','Kabilash','Bains','','Pariyat','','','','','','2011-05-27','2011-06-14','Aundh, Pune','','','','','','','','','2017 - 18',0,1,NULL,NULL,0,42,'2017-11-16 12:59:39',NULL,NULL),(696,70,3,16,32,NULL,'GR654','C954',NULL,'Vidhy','Kahaan','Bajwa','Male','Kahaan','Bajwa','','Parmita','','','','','','2011-05-29','2011-06-14','Sb road,Pune','','','','','','','','','2017 - 18',0,1,NULL,NULL,0,42,'2017-11-16 12:59:39',NULL,NULL),(697,70,3,16,32,NULL,'GR655','C955',NULL,'Vikram ','Kahan','Bakshi','Male','Kahan','Bakshi','','Parna','','','','','','2011-05-30','2011-06-14','Law college Road Pune','','','','','','','','','2017 - 18',0,1,NULL,NULL,0,42,'2017-11-16 12:59:39',NULL,NULL),(698,70,7,16,32,NULL,'GR656','C956',NULL,'Vinay ','Kaher','Bal','Male','Kaher','Bal','','Parnavi','','','','','','2011-05-31','2011-06-14','Kothrud, Pune','','','','','','','','','2017 - 18',0,1,NULL,NULL,0,42,'2017-11-16 12:59:39',NULL,NULL),(699,70,4,16,32,NULL,'GR657','C957',NULL,'Vishal ','Kailas','Bala','Male','Kailas','Bala','','Parni','','','','','','2011-06-01','2011-06-14','Karvenagar,Pune','','','','','','','','','2017 - 18',0,1,NULL,NULL,0,42,'2017-11-16 12:59:39',NULL,NULL),(700,70,3,16,32,NULL,'GR659','C959',NULL,'Yash ','Kairav','Balakrishnan','Male','Kairav','Balakrishnan','','Parnika','','','','','','2011-06-03','2011-06-14','Prabhat road,Pune','','','','','','','','','2017 - 18',0,1,NULL,NULL,0,42,'2017-11-16 12:59:39',NULL,NULL),(701,70,7,16,32,NULL,'GR660','C960',NULL,'Adesh','Kaitav','Balan','Male','Kaitav','Balan','','Parnita','','','','','','2011-06-04','2011-06-14','Camp ,Pune','','','','','','','','','2017 - 18',0,1,NULL,NULL,0,42,'2017-11-16 12:59:40',NULL,NULL),(702,70,7,16,32,NULL,'GR661','C961',NULL,'Ajay','Kaivalya','Balasubramanian','Male','Kaivalya','Balasubramanian','','Parnitha','','','','','','2011-06-05','2011-06-14','Kalyani nagar,Pune','','','','','','','','','2017 - 18',0,1,NULL,NULL,0,42,'2017-11-16 12:59:40',NULL,NULL),(703,70,4,16,32,NULL,'GR662','C962',NULL,'Akash ','Kajish','Balay','Male','Kajish','Balay','','Parnvi','','','','','','2011-06-06','2011-06-14','KP,Pune','','','','','','','','','2017 - 18',0,1,NULL,NULL,0,42,'2017-11-16 12:59:40',NULL,NULL),(704,70,7,16,32,NULL,'GR663','C963',NULL,'Amrit ','Kaki','Bali','Male','Kaki','Bali','','Paroo','','','','','','2011-06-07','2011-06-14','Aundh, Pune','','','','','','','','','2017 - 18',0,1,NULL,NULL,0,42,'2017-11-16 12:59:40',NULL,NULL),(705,70,4,16,32,NULL,'GR664','C964',NULL,'Anant','Kalap','Bandi','Male','Kalap','Bandi','','Parsha','','','','','','2011-06-08','2011-06-14','Baner, Pune','','','','','','','','','2017 - 18',0,1,NULL,NULL,0,42,'2017-11-16 12:59:40',NULL,NULL),(706,70,3,16,32,NULL,'GR666','C966',NULL,'Anupam ','Kalesh','Banik','Male','Kalesh','Banik','','Parthi','','','','','','2011-06-10','2011-06-14','Law college Road Pune','','','','','','','','','2017 - 18',0,1,NULL,NULL,0,42,'2017-11-16 12:59:40',NULL,NULL),(707,70,3,16,32,NULL,'GR667','C967',NULL,'Arjuna ','Kalipada','Bansal','Male','Kalipada','Bansal','','Parthivi','','','','','','2011-06-11','2011-06-14','Kothrud, Pune','','','','','','','','','2017 - 18',0,1,NULL,NULL,0,42,'2017-11-16 12:59:40',NULL,NULL),(708,70,7,16,32,NULL,'GR668','C968',NULL,'Ashok ','Kalith','Barad','Male','Kalith','Barad','','Parul','','','','','','2011-06-12','2011-06-14','Karvenagar,Pune','','','','','','','','','2017 - 18',0,1,NULL,NULL,0,42,'2017-11-16 12:59:40',NULL,NULL),(709,70,4,16,32,NULL,'GR669','C969',NULL,'Baldev ','Kaliya','Barad','Male','Kaliya','Barad','','Parvani','','','','','','2011-06-13','2011-06-14','Pimple saudagar,Pune','','','','','','','','','2017 - 18',0,1,NULL,NULL,0,42,'2017-11-16 12:59:40',NULL,NULL),(710,70,3,16,32,NULL,'GR671','C971',NULL,'Brijesha ','Kalkin','Baria','Male','Kalkin','Baria','','Parvati','','','','','','2011-06-15','2011-06-14','Camp ,Pune','','','','','','','','','2017 - 18',0,1,NULL,NULL,0,42,'2017-11-16 12:59:40',NULL,NULL),(711,70,7,16,32,NULL,'GR672','C972',NULL,'Chander ','Kalol','Barman','Male','Kalol','Barman','','Parveen','','','','','','2011-06-16','2011-06-14','Kalyani nagar,Pune','','','','','','','','','2017 - 18',0,1,NULL,NULL,0,42,'2017-11-16 12:59:41',NULL,NULL),(712,70,7,16,32,NULL,'GR673','C973',NULL,'Chanemougam','Kalp','Basak','Male','Kalp','Basak','','Parvi','','','','','','2011-06-17','2011-06-14','KP,Pune','','','','','','','','','2017 - 18',0,1,NULL,NULL,0,42,'2017-11-16 12:59:41',NULL,NULL),(713,70,4,16,32,NULL,'GR674','C974',NULL,'Cooldeepac','Kalpa','Bassi','Male','Kalpa','Bassi','','Parvini','','','','','','2011-06-18','2011-06-14','Aundh, Pune','','','','','','','','','2017 - 18',0,1,NULL,NULL,0,42,'2017-11-16 12:59:41',NULL,NULL),(714,70,3,16,32,NULL,'GR676','C976',NULL,'Deo','Kalpesh','Bath','Male','Kalpesh','Bath','','Patala','','','','','','2011-06-20','2011-06-14','Sb road,Pune','','','','','','','','','2017 - 18',0,1,NULL,NULL,0,42,'2017-11-16 12:59:41',NULL,NULL),(715,70,3,16,32,NULL,'GR677','C977',NULL,'Devadas','Kalpit','Batra','Male','Kalpit','Batra','','Paulomi','','','','','','2011-06-21','2011-06-14','Law college Road Pune','','','','','','','','','2017 - 18',0,1,NULL,NULL,0,42,'2017-11-16 12:59:41',NULL,NULL),(716,70,3,16,31,NULL,'GR891','C1191',NULL,'Kichenin','Kripal','Nageshwar','Male','Kripal','Nageshwar','','Meeli','','','','','','2012-01-21','2011-06-14','Camp ,Pune','','','','','','','','','2017 - 18',0,1,NULL,NULL,0,42,'2017-11-16 12:59:41',NULL,NULL),(717,70,7,16,31,NULL,'GR892','C1192',NULL,'Kishore ','Kripalu','Nahid','Male','Kripalu','Nahid','','Meena','','','','','','2012-01-22','2011-06-14','Kalyani nagar,Pune','','','','','','','','','2017 - 18',0,1,NULL,NULL,0,42,'2017-11-16 12:59:41',NULL,NULL),(718,70,7,16,31,NULL,'GR893','C1193',NULL,'Krishnaraja','Kripanidhi','Naini','Male','Kripanidhi','Naini','','Meenakshi','','','','','','2012-01-23','2011-06-14','KP,Pune','','','','','','','','','2017 - 18',0,1,NULL,NULL,0,42,'2017-11-16 12:59:41',NULL,NULL),(719,70,4,16,31,NULL,'GR894','C1194',NULL,'Kumara ','Kris','Ghule','Male','Kris','Ghule','','Meenal','','','','','','2012-01-24','2011-06-14','Aundh, Pune','','','','','','','','','2017 - 18',0,1,NULL,NULL,0,42,'2017-11-16 12:59:41',NULL,NULL),(720,70,3,16,31,NULL,'GR896','C1196',NULL,'Laxman ','Krish','Naran','Male','Krish','Naran','','Meera','','','','','','2012-01-26','2011-06-14','Sb road,Pune','','','','','','','','','2017 - 18',0,1,NULL,NULL,0,42,'2017-11-16 12:59:41',NULL,NULL),(721,70,3,16,31,NULL,'GR897','C1197',NULL,'Madhava ','Krishan','Narayan','Male','Krishan','Narayan','','Meethi','','','','','','2012-01-27','2011-06-14','Law college Road Pune','','','','','','','','','2017 - 18',0,1,NULL,NULL,0,42,'2017-11-16 12:59:41',NULL,NULL),(722,70,7,16,31,NULL,'GR898','C1198',NULL,'Mahendra ','Krishang','Naseer','Male','Krishang','Naseer','','Meethu','','','','','','2012-01-28','2011-06-14','Kothrud, Pune','','','','','','','','','2017 - 18',0,1,NULL,NULL,0,42,'2017-11-16 12:59:41',NULL,NULL),(723,70,4,16,31,NULL,'GR899','C1199',NULL,'Mani ','Krishank','Natterraja','Male','Krishank','Natterraja','','Meetika','','','','','','2012-01-29','2011-06-14','Karvenagar,Pune','','','','','','','','','2017 - 18',0,1,NULL,NULL,0,42,'2017-11-16 12:59:41',NULL,NULL),(724,70,3,16,31,NULL,'GR901','C1201',NULL,'Mitul ','Krishanu','Neelakantachar','Male','Krishanu','Neelakantachar','','Megha','','','','','','2012-01-31','2011-06-14','Prabhat road,Pune','','','','','','','','','2017 - 18',0,1,NULL,NULL,0,42,'2017-11-16 12:59:41',NULL,NULL),(725,70,7,16,31,NULL,'GR902','C1202',NULL,'Mohinder ','Krishav','Neeru','Male','Krishav','Neeru','','Meghan','','','','','','2012-02-01','2011-06-14','Camp ,Pune','','','','','','','','','2017 - 18',0,1,NULL,NULL,0,42,'2017-11-16 12:59:42',NULL,NULL),(726,70,7,16,31,NULL,'GR903','C1203',NULL,'Mukesha ','Krishay','Nergis','Male','Krishay','Nergis','','Meghana','','','','','','2012-02-02','2011-06-14','Kalyani nagar,Pune','','','','','','','','','2017 - 18',0,1,NULL,NULL,0,42,'2017-11-16 12:59:42',NULL,NULL),(727,70,4,16,31,NULL,'GR904','C1204',NULL,'Nagendra ','Krishdeep','Nihar','Male','Krishdeep','Nihar','','Meghavi','','','','','','2012-02-03','2011-06-14','KP,Pune','','','','','','','','','2017 - 18',0,1,NULL,NULL,0,42,'2017-11-16 12:59:42',NULL,NULL),(728,70,7,16,31,NULL,'GR905','C1205',NULL,'Narayana ','Krishil','Nikunj','Male','Krishil','Nikunj','','Meghavini','','','','','','2012-02-04','2011-06-14','Aundh, Pune','','','','','','','','','2017 - 18',0,1,NULL,NULL,0,42,'2017-11-16 12:59:42',NULL,NULL),(729,70,4,16,32,NULL,'GR906','C1206',NULL,'Nataraj','Krishiv','Nilu','Male','Krishiv','Nilu','','Meghna','','','','','','2012-02-05','2011-06-14','Baner, Pune','','','','','','','','','2017 - 18',0,1,NULL,NULL,0,42,'2017-11-16 12:59:42',NULL,NULL),(730,70,3,16,32,NULL,'GR908','C1208',NULL,'Nirmal','Krishna','Nirmala','Male','Krishna','Nirmala','','Mehak','','','','','','2012-02-07','2011-06-14','Law college Road Pune','','','','','','','','','2017 - 18',0,1,NULL,NULL,0,42,'2017-11-16 12:59:42',NULL,NULL),(731,70,3,16,32,NULL,'GR909','C1209',NULL,'Outama','Krishnala','Nishit','Male','Krishnala','Nishit','','Mehal','','','','','','2012-02-08','2011-06-14','Kothrud, Pune','','','','','','','','','2017 - 18',0,1,NULL,NULL,0,42,'2017-11-16 12:59:42',NULL,NULL),(732,70,7,16,32,NULL,'GR910','C1210',NULL,'Pallav ','Krishnam','Nitesha','Male','Krishnam','Nitesha','','Mehala','','','','','','2012-02-09','2011-06-14','Karvenagar,Pune','','','','','','','','','2017 - 18',0,1,NULL,NULL,0,42,'2017-11-16 12:59:42',NULL,NULL),(733,70,4,16,32,NULL,'GR911','C1211',NULL,'Partha ','Krishnav','Niveda','Male','Krishnav','Niveda','','Meher','','','','','','2012-02-10','2011-06-14','Pimple saudagar,Pune','','','','','','','','','2017 - 18',0,1,NULL,NULL,0,42,'2017-11-16 12:59:42',NULL,NULL),(734,70,3,16,32,NULL,'GR913','C1213',NULL,'Radjen','Krishnendu','Padmanabh','Male','Krishnendu','Padmanabh','','Mehuli','','','','','','2012-02-12','2011-06-14','Camp ,Pune','','','','','','','','','2017 - 18',0,1,NULL,NULL,0,42,'2017-11-16 12:59:42',NULL,NULL),(735,70,7,16,32,NULL,'GR914','C1214',NULL,'Rahul ','Krishtna','Pai','Male','Krishtna','Pai','','Mekala','','','','','','2012-02-13','2011-06-14','Kalyani nagar,Pune','','','','','','','','','2017 - 18',0,1,NULL,NULL,0,42,'2017-11-16 12:59:42',NULL,NULL),(736,70,7,16,32,NULL,'GR915','C1215',NULL,'Rajesh ','Kritanu','Palia','Male','Kritanu','Palia','','Mekhala','','','','','','2012-02-14','2011-06-14','KP,Pune','','','','','','','','','2017 - 18',0,1,NULL,NULL,0,42,'2017-11-16 12:59:43',NULL,NULL),(737,70,4,16,32,NULL,'GR916','C1216',NULL,'Rajnish ','Kritartha','Palshikar','Male','Kritartha','Palshikar','','Mela','','','','','','2012-02-15','2011-06-14','Aundh, Pune','','','','','','','','','2017 - 18',0,1,NULL,NULL,0,42,'2017-11-16 12:59:43',NULL,NULL),(738,70,3,16,32,NULL,'GR918','C1218',NULL,'Rameshwar ','Krithvik','Panth','Male','Krithvik','Panth','','Raagavi','','','','','','2012-02-17','2011-06-14','Sb road,Pune','','','','','','','','','2017 - 18',0,1,NULL,NULL,0,42,'2017-11-16 12:59:43',NULL,NULL),(739,70,3,16,32,NULL,'GR919','C1219',NULL,'Ratan ','Kritik','Paramartha','Male','Kritik','Paramartha','','Raagini','','','','','','2012-02-18','2011-06-14','Law college Road Pune','','','','','','','','','2017 - 18',0,1,NULL,NULL,0,42,'2017-11-16 12:59:43',NULL,NULL),(740,70,7,16,32,NULL,'GR920','C1220',NULL,'Rishi ','Kritin','Parnita','Male','Kritin','Parnita','','Raahi','','','','','','2012-02-19','2011-06-14','Kothrud, Pune','','','','','','','','','2017 - 18',0,1,NULL,NULL,0,42,'2017-11-16 12:59:43',NULL,NULL),(741,70,4,16,32,NULL,'GR921','C1221',NULL,'Saholy','Kritya','Parthiban','Male','Kritya','Parthiban','','Raakin','','','','','','2012-02-20','2011-06-14','Karvenagar,Pune','','','','','','','','','2017 - 18',0,1,NULL,NULL,0,42,'2017-11-16 12:59:43',NULL,NULL),(742,70,3,16,32,NULL,'GR923','C1223',NULL,'Sanjeev ','Kriyansh','Patterjee','Male','Kriyansh','Patterjee','','Rachi','','','','','','2012-02-22','2011-06-14','Prabhat road,Pune','','','','','','','','','2017 - 18',0,1,NULL,NULL,0,42,'2017-11-16 12:59:43',NULL,NULL),(743,70,7,16,32,NULL,'GR924','C1224',NULL,'Sarad','Krrish','Pavi','Male','Krrish','Pavi','','Rachita','','','','','','2012-02-23','2011-06-14','Camp ,Pune','','','','','','','','','2017 - 18',0,1,NULL,NULL,0,42,'2017-11-16 12:59:43',NULL,NULL),(744,70,7,16,32,NULL,'GR925','C1225',NULL,'Satyakama','Krunal','Pendyala','Male','Krunal','Pendyala','','Rachna','','','','','','2012-02-24','2011-06-14','Kalyani nagar,Pune','','','','','','','','','2017 - 18',0,1,NULL,NULL,0,42,'2017-11-16 12:59:44',NULL,NULL),(745,70,4,16,32,NULL,'GR926','C1226',NULL,'Shankar ','Krushan','Phadkar','Male','Krushan','Phadkar','','Radha','','','','','','2012-02-25','2011-06-14','KP,Pune','','','','','','','','','2017 - 18',0,1,NULL,NULL,0,42,'2017-11-16 12:59:44',NULL,NULL),(746,70,7,16,32,NULL,'GR927','C1227',NULL,'Sharma ','Krutansh','Pillalamarri','Male','Krutansh','Pillalamarri','','Radhana','','','','','','2012-02-26','2011-06-14','Aundh, Pune','','','','','','','','','2017 - 18',0,1,NULL,NULL,0,42,'2017-11-16 12:59:44',NULL,NULL),(747,70,4,16,32,NULL,'GR928','C1228',NULL,'Shresth ','Krutarth','Polamreddy','Male','Krutarth','Polamreddy','','Radhani','','','','','','2012-02-27','2011-06-14','Baner, Pune','','','','','','','','','2017 - 18',0,1,NULL,NULL,0,42,'2017-11-16 12:59:44',NULL,NULL),(748,70,3,16,32,NULL,'GR930','C1230',NULL,'Siddhartha ','Kruthana','Prabhath','Male','Kruthana','Prabhath','','Radnya','','','','','','2012-02-29','2011-06-14','Law college Road Pune','','','','','','','','','2017 - 18',0,1,NULL,NULL,0,42,'2017-11-16 12:59:44',NULL,NULL),(749,70,3,16,32,NULL,'GR931','C1231',NULL,'Subhash ','Kruthn','Praharaj','Male','Kruthn','Praharaj','','Raga','','','','','','2012-03-01','2011-06-14','Kothrud, Pune','','','','','','','','','2017 - 18',0,1,NULL,NULL,0,42,'2017-11-16 12:59:44',NULL,NULL),(750,70,7,16,32,NULL,'GR932','C1232',NULL,'Sujay ','Kshatriya','Prasad','Male','Kshatriya','Prasad','','Raghavi','','','','','','2012-03-02','2011-06-14','Karvenagar,Pune','','','','','','','','','2017 - 18',0,1,NULL,NULL,0,42,'2017-11-16 12:59:44',NULL,NULL),(751,70,4,16,32,NULL,'GR933','C1233',NULL,'Sundar ','Kshaunish','Prasanth','Male','Kshaunish','Prasanth','','Ragi','','','','','','2012-03-03','2011-06-14','Pimple saudagar,Pune','','','','','','','','','2017 - 18',0,1,NULL,NULL,0,42,'2017-11-16 12:59:44',NULL,NULL),(752,70,3,16,32,NULL,'GR935','C1235',NULL,'Suresha ','Kshipra','Praveenkumar','Male','Kshipra','Praveenkumar','','Rahini','','','','','','2012-03-05','2011-06-14','Camp ,Pune','','','','','','','','','2017 - 18',0,1,NULL,NULL,0,42,'2017-11-16 12:59:44',NULL,NULL),(753,70,7,16,32,NULL,'GR936','C1236',NULL,'Swapan ','Kshiraj','Premkumar','Male','Kshiraj','Premkumar','','Rajam','','','','','','2012-03-06','2011-06-14','Kalyani nagar,Pune','','','','','','','','','2017 - 18',0,1,NULL,NULL,0,42,'2017-11-16 12:59:44',NULL,NULL),(754,70,7,16,32,NULL,'GR937','C1237',NULL,'Vadivel','Kshithij','Prithvi','Male','Kshithij','Prithvi','','Rajani','','','','','','2012-03-07','2011-06-14','KP,Pune','','','','','','','','','2017 - 18',0,1,NULL,NULL,0,42,'2017-11-16 12:59:44',NULL,NULL),(755,70,4,16,32,NULL,'GR938','C1238',NULL,'Vasanta ','Kshitij','Priyadarshi','Male','Kshitij','Priyadarshi','','Rajannya','','','','','','2012-03-08','2011-06-14','Aundh, Pune','','','','','','','','','2017 - 18',0,1,NULL,NULL,0,42,'2017-11-16 12:59:44',NULL,NULL),(756,70,3,16,32,NULL,'GR940','C1240',NULL,'Vijay ','Kuber','Pulavarti','Male','Kuber','Pulavarti','','Rajashri','','','','','','2012-03-10','2011-06-14','Sb road,Pune','','','','','','','','','2017 - 18',0,1,NULL,NULL,0,42,'2017-11-16 12:59:44',NULL,NULL),(757,70,3,16,32,NULL,'GR941','C1241',NULL,'Vimal ','Kubera','Punati','Male','Kubera','Punati','','Rajasi','','','','','','2012-03-11','2011-06-14','Law college Road Pune','','','','','','','','','2017 - 18',0,1,NULL,NULL,0,42,'2017-11-16 12:59:44',NULL,NULL),(758,70,7,16,32,NULL,'GR942','C1242',NULL,'Viraj','Kuhan','Punj','Male','Kuhan','Punj','','Rajasri','','','','','','2012-03-12','2011-06-14','Kothrud, Pune','','','','','','','','','2017 - 18',0,1,NULL,NULL,0,42,'2017-11-16 12:59:44',NULL,NULL),(759,70,4,16,32,NULL,'GR943','C1243',NULL,'Vishvajit','Kuldeep','Purva','Male','Kuldeep','Purva','','Rajata','','','','','','2012-03-13','2011-06-14','Karvenagar,Pune','','','','','','','','','2017 - 18',0,1,NULL,NULL,0,42,'2017-11-16 12:59:45',NULL,NULL),(760,70,3,16,32,NULL,'GR945','C1245',NULL,'Rajika','Kulik','Madugula','Female','Kulik','Madugula','','Rajeevani','','','','','','2012-03-15','2011-06-14','Prabhat road,Pune','','','','','','','','','2017 - 18',0,1,NULL,NULL,0,42,'2017-11-16 12:59:45',NULL,NULL),(761,70,7,16,32,NULL,'GR946','C1246',NULL,'Rajini','Kulin','Mahajan','Female','Kulin','Mahajan','','Rajeshri','','','','','','2012-03-16','2011-06-14','Camp ,Pune','','','','','','','','','2017 - 18',0,1,NULL,NULL,0,42,'2017-11-16 12:59:45',NULL,NULL),(762,70,7,16,32,NULL,'GR947','C1247',NULL,'Rajisha','Kumar','Mahatapa','Female','Kumar','Mahatapa','','Raji','','','','','','2012-03-17','2011-06-14','Kalyani nagar,Pune','','','','','','','','','2017 - 18',0,1,NULL,NULL,0,42,'2017-11-16 12:59:45',NULL,NULL),(763,70,4,16,32,NULL,'GR948','C1248',NULL,'Rajkala','Kumaran','Maitryi','Female','Kumaran','Maitryi','','Rajitha','','','','','','2012-03-18','2011-06-14','KP,Pune','','','','','','','','','2017 - 18',0,1,NULL,NULL,0,42,'2017-11-16 12:59:45',NULL,NULL),(764,70,7,16,32,NULL,'GR949','C1249',NULL,'Rajni','Kumbh','Makarand','Female','Kumbh','Makarand','','Rajivini','','','','','','2012-03-19','2011-06-14','Aundh, Pune','','','','','','','','','2017 - 18',0,1,NULL,NULL,0,42,'2017-11-16 12:59:45',NULL,NULL),(765,70,4,16,32,NULL,'GR950','C1250',NULL,'Rajshree','Kumush','Malipatlolla','Female','Kumush','Malipatlolla','','Rajju','','','','','','2012-03-20','2011-06-14','Baner, Pune','','','','','','','','','2017 - 18',0,1,NULL,NULL,0,42,'2017-11-16 12:59:45',NULL,NULL),(766,70,19,11,31,NULL,'GR203','C503',NULL,'Amb','Anubhav','Agate','Female','Anubhav','Agate','','Daksha','','','','','','2010-03-04','2011-06-14','Sb road,Pune','','','','','','','','','2017 - 18',0,1,NULL,NULL,0,42,'2017-11-16 13:02:27',NULL,NULL),(767,70,19,11,32,NULL,'GR213','C513',NULL,'Chatrapatty','Gautam','Arora','Female','Gautam','Arora','','Danvi','','','','','','2010-03-14','2011-06-14','Baner, Pune','','','','','','','','','2017 - 18',0,1,NULL,NULL,0,42,'2017-11-16 13:02:27',NULL,NULL),(768,70,19,11,32,NULL,'GR218','C518',NULL,'Draupadi ','Jagan','Badal','Female','Jagan','Badal','','Darshana','','','','','','2010-03-19','2011-06-14','Pimple saudagar,Pune','','','','','','','','','2017 - 18',0,1,NULL,NULL,0,42,'2017-11-16 13:02:27',NULL,NULL),(769,70,19,11,32,NULL,'GR225','C525',NULL,'Jyotsana ','Mridul','Bajwa','Female','Mridul','Bajwa','','Darshna','','','','','','2010-03-26','2011-06-14','Sb road,Pune','','','','','','','','','2017 - 18',0,1,NULL,NULL,0,42,'2017-11-16 13:02:27',NULL,NULL),(770,70,19,11,32,NULL,'GR230','C530',NULL,'Karlaye','Parth','Balakrishnan','Female','Parth','Balakrishnan','','Dayanita','','','','','','2010-03-31','2011-06-14','Prabhat road,Pune','','','','','','','','','2017 - 18',0,1,NULL,NULL,0,42,'2017-11-16 13:02:28',NULL,NULL),(771,70,19,13,31,NULL,'GR235','C535',NULL,'Ladha','Sachin','Bandi','Female','Sachin','Bandi','','Debasmita','','','','','','2010-04-05','2011-06-14','Baner, Pune','','','','','','','','','2017 - 18',0,1,NULL,NULL,0,42,'2017-11-16 13:02:28',NULL,NULL),(772,70,19,13,31,NULL,'GR240','C540',NULL,'Madhuri ','Siddharth','Barad','Female','Siddharth','Barad','','Deeher','','','','','','2010-04-10','2011-06-14','Pimple saudagar,Pune','','','','','','','','','2017 - 18',0,1,NULL,NULL,0,42,'2017-11-16 13:02:28',NULL,NULL),(773,70,19,13,31,NULL,'GR247','C547',NULL,'Neha ','Vikas','Bath','Female','Vikas','Bath','','Deepakala','','','','','','2010-04-17','2011-06-14','Sb road,Pune','','','','','','','','','2017 - 18',0,1,NULL,NULL,0,42,'2017-11-16 13:02:28',NULL,NULL),(774,70,19,13,32,NULL,'GR252','C552',NULL,'Padmini ','Haard','Bedi','Female','Haard','Bedi','','Deepavati','','','','','','2010-04-22','2011-06-14','Prabhat road,Pune','','','','','','','','','2017 - 18',0,1,NULL,NULL,0,42,'2017-11-16 13:02:28',NULL,NULL),(775,70,19,13,32,NULL,'GR257','C557',NULL,'Rajni ','Hamir','Bhakta','Female','Hamir','Bhakta','','Deepta','','','','','','2010-04-27','2011-06-14','Baner, Pune','','','','','','','','','2017 - 18',0,1,NULL,NULL,0,42,'2017-11-16 13:02:28',NULL,NULL),(776,70,19,13,32,NULL,'GR262','C562',NULL,'Rohini','Hans','Bhasin','Female','Hans','Bhasin','','Deepu','','','','','','2010-05-02','2011-06-14','Pimple saudagar,Pune','','','','','','','','','2017 - 18',0,1,NULL,NULL,0,42,'2017-11-16 13:02:28',NULL,NULL),(777,70,19,13,32,NULL,'GR269','C569',NULL,'Seema ','Hanu','Bhavsar','Female','Hanu','Bhavsar','','Demira','','','','','','2010-05-09','2011-06-14','Sb road,Pune','','','','','','','','','2017 - 18',0,1,NULL,NULL,0,42,'2017-11-16 13:02:28',NULL,NULL),(778,70,19,13,32,NULL,'GR274','C574',NULL,'Shweta ','Happy','Bora','Female','Happy','Bora','','Despina','','','','','','2010-05-14','2011-06-14','Prabhat road,Pune','','','','','','','','','2017 - 18',0,1,NULL,NULL,0,42,'2017-11-16 13:02:28',NULL,NULL),(779,70,19,14,31,NULL,'GR279','C579',NULL,'Sudarshana ','Hard','Bose','Female','Hard','Bose','','Devak','','','','','','2010-05-19','2011-06-14','Baner, Pune','','','','','','','','','2017 - 18',0,1,NULL,NULL,0,42,'2017-11-16 13:02:28',NULL,NULL),(780,70,19,14,31,NULL,'GR284','C584',NULL,'Urvi ','Harendra','Bumb','Female','Harendra','Bumb','','Devani','','','','','','2010-05-24','2011-06-14','Pimple saudagar,Pune','','','','','','','','','2017 - 18',0,1,NULL,NULL,0,42,'2017-11-16 13:02:28',NULL,NULL),(781,70,19,14,31,NULL,'GR291','C591',NULL,'Yasoda','Hariharan','Chakrabarti','Female','Hariharan','Chakrabarti','','Devi','','','','','','2010-05-31','2011-06-14','Sb road,Pune','','','','','','','','','2017 - 18',0,1,NULL,NULL,0,42,'2017-11-16 13:02:28',NULL,NULL),(782,70,19,14,31,NULL,'GR296','C596',NULL,'Anila ','Harindra','Chander','Female','Harindra','Chander','','Devki','','','','','','2010-06-05','2011-06-14','Prabhat road,Pune','','','','','','','','','2017 - 18',0,1,NULL,NULL,0,42,'2017-11-16 13:02:28',NULL,NULL),(783,70,19,14,31,NULL,'GR301','C601',NULL,'Bhavani','Harivansh','Adani','Female','Harivansh','Adani','','Laalitya','','','','','','2010-06-10','2011-06-14','Baner, Pune','','','','','','','','','2017 - 18',0,1,NULL,NULL,0,42,'2017-11-16 13:02:28',NULL,NULL),(784,70,19,14,32,NULL,'GR306','C606',NULL,'Deepti','Harmesh','Bhaskar','Female','Harmesh','Bhaskar','','Laboni','','','','','','2010-06-15','2011-06-14','Pimple saudagar,Pune','','','','','','','','','2017 - 18',0,1,NULL,NULL,0,42,'2017-11-16 13:02:28',NULL,NULL),(785,70,19,14,32,NULL,'GR313','C613',NULL,'Inderjit ','Harsha','Chaudhry','Female','Harsha','Chaudhry','','Lahar','','','','','','2010-06-22','2011-06-14','Sb road,Pune','','','','','','','','','2017 - 18',0,1,NULL,NULL,0,42,'2017-11-16 13:02:29',NULL,NULL),(786,70,19,14,32,NULL,'GR318','C618',NULL,'Kalyani ','Harshavardhan','Chirag','Female','Harshavardhan','Chirag','','Lakhi','','','','','','2010-06-27','2011-06-14','Prabhat road,Pune','','','','','','','','','2017 - 18',0,1,NULL,NULL,0,42,'2017-11-16 13:02:29',NULL,NULL),(787,70,19,14,32,NULL,'GR323','C623',NULL,'Keshava','Harshu','Dawar','Female','Harshu','Dawar','','Lakshita','','','','','','2010-07-02','2011-06-14','Baner, Pune','','','','','','','','','2017 - 18',0,1,NULL,NULL,0,42,'2017-11-16 13:02:29',NULL,NULL),(788,70,19,14,32,NULL,'GR328','C628',NULL,'Laxmi ','Harteij','Durmada','Female','Harteij','Durmada','','Lakshya','','','','','','2010-07-07','2011-06-14','Pimple saudagar,Pune','','','','','','','','','2017 - 18',0,1,NULL,NULL,0,42,'2017-11-16 13:02:29',NULL,NULL),(789,70,19,14,32,NULL,'GR335','C635',NULL,'Mira ','Hast','Ghosh','Female','Hast','Ghosh','','Lalitya','','','','','','2010-07-14','2011-06-14','Sb road,Pune','','','','','','','','','2017 - 18',0,1,NULL,NULL,0,42,'2017-11-16 13:02:29',NULL,NULL),(790,70,19,16,31,NULL,'GR340','C640',NULL,'Nithya ','Hayaan','Guha','Female','Hayaan','Guha','','Lathika','','','','','','2010-07-19','2011-06-14','Prabhat road,Pune','','','','','','','','','2017 - 18',0,1,NULL,NULL,0,42,'2017-11-16 13:02:29',NULL,NULL),(791,70,19,16,31,NULL,'GR345','C645',NULL,'Priti','Heeran','Himanshu','Female','Heeran','Himanshu','','Lavani','','','','','','2010-07-24','2011-06-14','Baner, Pune','','','','','','','','','2017 - 18',0,1,NULL,NULL,0,42,'2017-11-16 13:02:29',NULL,NULL),(792,70,19,16,31,NULL,'GR350','C650',NULL,'Renuka','Hem','Jasmit','Female','Hem','Jasmit','','Lavik','','','','','','2010-07-29','2011-06-14','Pimple saudagar,Pune','','','','','','','','','2017 - 18',0,1,NULL,NULL,0,42,'2017-11-16 13:02:29',NULL,NULL),(793,70,19,16,32,NULL,'GR357','C657',NULL,'Sarala ','Vahin','Kallichuran','Female','Vahin','Kallichuran','','Layana','','','','','','2010-08-05','2011-06-14','Sb road,Pune','','','','','','','','','2017 - 18',0,1,NULL,NULL,0,42,'2017-11-16 13:02:29',NULL,NULL),(794,70,19,16,32,NULL,'GR362','C662',NULL,'Shanti ','Vaijayi','Kathiravan','Female','Vaijayi','Kathiravan','','Leeza','','','','','','2010-08-10','2011-06-14','Prabhat road,Pune','','','','','','','','','2017 - 18',0,1,NULL,NULL,0,42,'2017-11-16 13:02:29',NULL,NULL),(795,70,19,16,32,NULL,'GR367','C667',NULL,'Soma','Vairaja','Khodaiji','Female','Vairaja','Khodaiji','','Lekha','','','','','','2010-08-15','2011-06-14','Baner, Pune','','','','','','','','','2017 - 18',0,1,NULL,NULL,0,42,'2017-11-16 13:02:29',NULL,NULL),(796,70,19,16,32,NULL,'GR372','C672',NULL,'Susheela ','Vaishant','Koppala','Female','Vaishant','Koppala','','Lekshana','','','','','','2010-08-20','2011-06-14','Pimple saudagar,Pune','','','','','','','','','2017 - 18',0,1,NULL,NULL,0,42,'2017-11-16 13:02:29',NULL,NULL),(797,70,19,16,32,NULL,'GR379','C679',NULL,'Vidya ','Vajra','Lahan','Female','Vajra','Lahan','','Likilesh','','','','','','2010-08-27','2011-06-14','Sb road,Pune','','','','','','','','','2017 - 18',0,1,NULL,NULL,0,42,'2017-11-16 13:02:29',NULL,NULL),(798,70,19,16,32,NULL,'GR384','C684',NULL,'Akanksha ','Vakpati','Madan','Female','Vakpati','Madan','','Lina','','','','','','2010-09-01','2011-06-14','Prabhat road,Pune','','','','','','','','','2017 - 18',0,1,NULL,NULL,0,42,'2017-11-16 13:02:30',NULL,NULL),(799,70,19,16,32,NULL,'GR389','C689',NULL,'Aradhana ','Valin','Makarand','Female','Valin','Makarand','','Lipika','','','','','','2010-09-06','2011-06-14','Baner, Pune','','','','','','','','','2017 - 18',0,1,NULL,NULL,0,42,'2017-11-16 13:02:30',NULL,NULL),(800,70,19,16,32,NULL,'GR394','C694',NULL,'Chandra-Kanta','Vaman','Manekshaw','Female','Vaman','Manekshaw','','Livnoor','','','','','','2010-09-11','2011-06-14','Pimple saudagar,Pune','','','','','','','','','2017 - 18',0,1,NULL,NULL,0,42,'2017-11-16 13:02:30',NULL,NULL),(801,70,19,19,31,NULL,'GR401','C701',NULL,'Geeta','Vanchit','Matu','Female','Vanchit','Matu','','Babay','','','','','','2010-09-18','2011-06-14','Sb road,Pune','','','','','','','','','2017 - 18',0,1,NULL,NULL,0,42,'2017-11-16 13:02:30',NULL,NULL),(802,70,19,19,31,NULL,'GR406','C706',NULL,'Jayashri ','Vans','Michandani','Female','Vans','Michandani','','Baisakhi','','','','','','2010-09-23','2011-06-14','Prabhat road,Pune','','','','','','','','','2017 - 18',0,1,NULL,NULL,0,42,'2017-11-16 13:02:30',NULL,NULL),(803,70,19,19,31,NULL,'GR411','C711',NULL,'Karishma ','Var','Mounil','Female','Var','Mounil','','Bandini','','','','','','2010-09-28','2011-06-14','Baner, Pune','','','','','','','','','2017 - 18',0,1,NULL,NULL,0,42,'2017-11-16 13:02:30',NULL,NULL),(804,70,19,19,31,NULL,'GR416','C716',NULL,'Kumari ','Vardham','Murugesan','Female','Vardham','Murugesan','','Bansari','','','','','','2010-10-03','2011-06-14','Pimple saudagar,Pune','','','','','','','','','2017 - 18',0,1,NULL,NULL,0,42,'2017-11-16 13:02:30',NULL,NULL),(805,70,19,19,31,NULL,'GR423','C723',NULL,'Manisha ','Varhesh','Naini','Female','Varhesh','Naini','','Basabi','','','','','','2010-10-10','2011-06-14','Sb road,Pune','','','','','','','','','2017 - 18',0,1,NULL,NULL,0,42,'2017-11-16 13:02:30',NULL,NULL),(806,70,19,19,31,NULL,'GR428','C728',NULL,'Neela ','Variya','Naseer','Female','Variya','Naseer','','Bavita','','','','','','2010-10-15','2011-06-14','Prabhat road,Pune','','','','','','','','','2017 - 18',0,1,NULL,NULL,0,42,'2017-11-16 13:02:30',NULL,NULL),(807,70,19,19,32,NULL,'GR433','C733',NULL,'Padma ','Varsheet','Nergis','Female','Varsheet','Nergis','','Belli','','','','','','2010-10-20','2011-06-14','Baner, Pune','','','','','','','','','2017 - 18',0,1,NULL,NULL,0,42,'2017-11-16 13:02:30',NULL,NULL),(808,70,19,19,32,NULL,'GR438','C738',NULL,'Rajika','Vartanu','Nirmala','Female','Vartanu','Nirmala','','Bhagya','','','','','','2010-10-25','2011-06-14','Pimple saudagar,Pune','','','','','','','','','2017 - 18',0,1,NULL,NULL,0,42,'2017-11-16 13:02:30',NULL,NULL),(809,70,19,19,32,NULL,'GR445','C745',NULL,'Rukmini ','Vasant','Palia','Female','Vasant','Palia','','Bhama','','','','','','2010-11-01','2011-06-14','Sb road,Pune','','','','','','','','','2017 - 18',0,1,NULL,NULL,0,42,'2017-11-16 13:02:30',NULL,NULL),(810,70,19,19,32,NULL,'GR450','C750',NULL,'Savita','Vasin','Parnita','Female','Vasin','Parnita','','Bharathi','','','','','','2010-11-06','2011-06-14','Prabhat road,Pune','','','','','','','','','2017 - 18',0,1,NULL,NULL,0,42,'2017-11-16 13:02:30',NULL,NULL),(811,70,19,19,32,NULL,'GR455','C755',NULL,'Shreya ','Maanav','Pendyala','Female','Maanav','Pendyala','','Bhargvi','','','','','','2010-11-11','2011-06-14','Baner, Pune','','','','','','','','','2017 - 18',0,1,NULL,NULL,0,42,'2017-11-16 13:02:31',NULL,NULL),(812,70,19,19,32,NULL,'GR460','C760',NULL,'Sri ','Madhavan','Prabhath','Female','Madhavan','Prabhath','','Bhavani','','','','','','2010-11-16','2011-06-14','Pimple saudagar,Pune','','','','','','','','','2017 - 18',0,1,NULL,NULL,0,42,'2017-11-16 13:02:31',NULL,NULL),(813,70,19,19,32,NULL,'GR467','C767',NULL,'Vanika','Madhup','Prithvi','Female','Madhup','Prithvi','','Bhavita','','','','','','2010-11-23','2011-06-14','Sb road,Pune','','','','','','','','','2017 - 18',0,1,NULL,NULL,0,42,'2017-11-16 13:02:31',NULL,NULL),(814,70,19,19,32,NULL,'GR472','C772',NULL,'Yamuna ','Magadh','Punj','Female','Magadh','Punj','','Bhavya','','','','','','2010-11-28','2011-06-14','Prabhat road,Pune','','','','','','','','','2017 - 18',0,1,NULL,NULL,0,42,'2017-11-16 13:02:33',NULL,NULL),(815,70,19,19,32,NULL,'GR477','C777',NULL,'Anantee','Mahadev','Raghuram','Female','Mahadev','Raghuram','','Bhooma','','','','','','2010-12-03','2011-06-14','Baner, Pune','','','','','','','','','2017 - 18',0,1,NULL,NULL,0,42,'2017-11-16 13:02:33',NULL,NULL),(816,70,19,11,31,NULL,'GR482','C782',NULL,'Bala ','Mahaketu','Ramamani','Female','Mahaketu','Ramamani','','Bhumi','','','','','','2010-12-08','2011-06-14','Pimple saudagar,Pune','','','','','','','','','2017 - 18',0,1,NULL,NULL,0,42,'2017-11-16 13:02:33',NULL,NULL),(817,70,19,11,31,NULL,'GR489','C789',NULL,'Dipika','Mahanth','Rangarajan','Female','Mahanth','Rangarajan','','Bianca','','','','','','2010-12-15','2011-06-14','Sb road,Pune','','','','','','','','','2017 - 18',0,1,NULL,NULL,0,42,'2017-11-16 13:02:33',NULL,NULL),(818,70,19,11,32,NULL,'GR494','C794',NULL,'Ila ','Mahatman','Reema','Female','Mahatman','Reema','','Bilvani','','','','','','2010-12-20','2011-06-14','Prabhat road,Pune','','','','','','','','','2017 - 18',0,1,NULL,NULL,0,42,'2017-11-16 13:02:33',NULL,NULL),(819,70,19,11,32,NULL,'GR499','C799',NULL,'Kalpana ','Maheem','Rudraraju','Female','Maheem','Rudraraju','','Binal','','','','','','2010-12-25','2011-06-14','Baner, Pune','','','','','','','','','2017 - 18',0,1,NULL,NULL,0,42,'2017-11-16 13:02:34',NULL,NULL),(820,70,19,11,32,NULL,'GR504','C804',NULL,'Kaveri ','Maher','Saidullah','Female','Maher','Saidullah','','Binita','','','','','','2010-12-30','2011-06-14','Pimple saudagar,Pune','','','','','','','','','2017 - 18',0,1,NULL,NULL,0,42,'2017-11-16 13:02:34',NULL,NULL),(821,70,19,13,31,NULL,'GR511','C811',NULL,'Lochana ','Mahindra','Sangameswar','Female','Mahindra','Sangameswar','','Bishnu','','','','','','2011-01-06','2011-06-14','Sb road,Pune','','','','','','','','','2017 - 18',0,1,NULL,NULL,0,42,'2017-11-16 13:02:34',NULL,NULL),(822,70,19,13,31,NULL,'GR516','C816',NULL,'Minali ','Mahiransh','Sara','Female','Mahiransh','Sara','','Bosky','','','','','','2011-01-11','2011-06-14','Prabhat road,Pune','','','','','','','','','2017 - 18',0,1,NULL,NULL,0,42,'2017-11-16 13:02:34',NULL,NULL),(823,70,19,13,31,NULL,'GR521','C821',NULL,'Nirupama ','Mainak','Sathianarayan','Female','Mainak','Sathianarayan','','Brinda','','','','','','2011-01-16','2011-06-14','Baner, Pune','','','','','','','','','2017 - 18',0,1,NULL,NULL,0,42,'2017-11-16 13:02:34',NULL,NULL),(824,70,19,13,31,NULL,'GR526','C826',NULL,'Premila','Makhesh','Selvam','Female','Makhesh','Selvam','','Brundha','','','','','','2011-01-21','2011-06-14','Pimple saudagar,Pune','','','','','','','','','2017 - 18',0,1,NULL,NULL,0,42,'2017-11-16 13:02:34',NULL,NULL),(825,70,19,13,32,NULL,'GR533','C833',NULL,'Riddhi','Malhar','Shanbhag','Female','Malhar','Shanbhag','','Chaitali','','','','','','2011-01-28','2011-06-14','Sb road,Pune','','','','','','','','','2017 - 18',0,1,NULL,NULL,0,42,'2017-11-16 13:02:34',NULL,NULL),(826,70,19,13,32,NULL,'GR538','C838',NULL,'Sangita','Malya','Shivaprakash','Female','Malya','Shivaprakash','','Chaitravi','','','','','','2011-02-02','2011-06-14','Prabhat road,Pune','','','','','','','','','2017 - 18',0,1,NULL,NULL,0,42,'2017-11-16 13:02:34',NULL,NULL),(827,70,19,13,32,NULL,'GR543','C843',NULL,'Shama','Manan','Shvetank','Female','Manan','Shvetank','','Chandana','','','','','','2011-02-07','2011-06-14','Baner, Pune','','','','','','','','','2017 - 18',0,1,NULL,NULL,0,42,'2017-11-16 13:02:34',NULL,NULL),(828,70,19,13,32,NULL,'GR548','C848',NULL,'Sita ','Manashyu','Solanki','Female','Manashyu','Solanki','','Chandni','','','','','','2011-02-12','2011-06-14','Pimple saudagar,Pune','','','','','','','','','2017 - 18',0,1,NULL,NULL,0,42,'2017-11-16 13:02:34',NULL,NULL),(829,70,19,13,32,NULL,'GR555','C855',NULL,'Tilana','Milind','Sreevijayan','Female','Milind','Sreevijayan','','Charu','','','','','','2011-02-19','2011-06-14','Sb road,Pune','','','','','','','','','2017 - 18',0,1,NULL,NULL,0,42,'2017-11-16 13:02:35',NULL,NULL),(830,70,19,14,31,NULL,'GR560','C860',NULL,'Venilla','Mirikh','Subbaratnam','Female','Mirikh','Subbaratnam','','Chaturya','','','','','','2011-02-24','2011-06-14','Prabhat road,Pune','','','','','','','','','2017 - 18',0,1,NULL,NULL,0,42,'2017-11-16 13:02:35',NULL,NULL),(831,70,19,14,31,NULL,'GR565','C865',NULL,'Agni ','Mishubh','Sudeva','Male','Mishubh','Sudeva','','Chayla','','','','','','2011-03-01','2011-06-14','Baner, Pune','','','','','','','','','2017 - 18',0,1,NULL,NULL,0,42,'2017-11-16 13:02:35',NULL,NULL),(832,70,19,14,31,NULL,'GR570','C870',NULL,'Anuj ','Mitansh','Sundaramoorthy','Male','Mitansh','Sundaramoorthy','','Chetana','','','','','','2011-03-06','2011-06-14','Pimple saudagar,Pune','','','','','','','','','2017 - 18',0,1,NULL,NULL,0,42,'2017-11-16 13:02:35',NULL,NULL),(833,70,19,14,31,NULL,'GR577','C877',NULL,'Chanemouga','Mithon','Suthar','Male','Mithon','Suthar','','Chintal','','','','','','2011-03-13','2011-06-14','Sb road,Pune','','','','','','','','','2017 - 18',0,1,NULL,NULL,0,42,'2017-11-16 13:02:35',NULL,NULL),(834,70,19,14,32,NULL,'GR582','C882',NULL,'Devdan','Mitra','Tapesh','Male','Mitra','Tapesh','','Chitkala','','','','','','2011-03-18','2011-06-14','Prabhat road,Pune','','','','','','','','','2017 - 18',0,1,NULL,NULL,0,42,'2017-11-16 13:02:35',NULL,NULL),(835,70,19,14,32,NULL,'GR587','C887',NULL,'Ganapati','Mitul','Thribhuvana','Male','Mitul','Thribhuvana','','Chitrita','','','','','','2011-03-23','2011-06-14','Baner, Pune','','','','','','','','','2017 - 18',0,1,NULL,NULL,0,42,'2017-11-16 13:02:35',NULL,NULL),(836,70,19,14,32,NULL,'GR592','C892',NULL,'Hari ','Mohajit','Tupil','Male','Mohajit','Tupil','','Padma','','','','','','2011-03-28','2011-06-14','Pimple saudagar,Pune','','','','','','','','','2017 - 18',0,1,NULL,NULL,0,42,'2017-11-16 13:02:35',NULL,NULL),(837,70,19,14,32,NULL,'GR599','C899',NULL,'Jitender ','Mohin','Vaidhyanathan','Male','Mohin','Vaidhyanathan','','Padmasree','','','','','','2011-04-04','2011-06-14','Sb road,Pune','','','','','','','','','2017 - 18',0,1,NULL,NULL,0,42,'2017-11-16 13:02:35',NULL,NULL),(838,70,19,14,32,NULL,'GR604','C904',NULL,'Kavi ','Moksh','Venkateswarn','Male','Moksh','Venkateswarn','','Pahi','','','','','','2011-04-09','2011-06-14','Prabhat road,Pune','','','','','','','','','2017 - 18',0,1,NULL,NULL,0,42,'2017-11-16 13:02:36',NULL,NULL),(839,70,19,14,32,NULL,'GR609','C909',NULL,'Kumaren','Monali','Muniyappa','Male','Monali','Muniyappa','','Pallabi','','','','','','2011-04-14','2011-06-14','Baner, Pune','','','','','','','','','2017 - 18',0,1,NULL,NULL,0,42,'2017-11-16 13:02:36',NULL,NULL),(840,70,19,14,32,NULL,'GR614','C914',NULL,'Manickam','Monil','Nandkeolyar','Male','Monil','Nandkeolyar','','Pamela','','','','','','2011-04-19','2011-06-14','Pimple saudagar,Pune','','','','','','','','','2017 - 18',0,1,NULL,NULL,0,42,'2017-11-16 13:02:36',NULL,NULL),(841,70,19,16,31,NULL,'GR621','C921',NULL,'Naveen ','Moriya','Padmanabhan','Male','Moriya','Padmanabhan','','Pankita','','','','','','2011-04-26','2011-06-14','Sb road,Pune','','','','','','','','','2017 - 18',0,1,NULL,NULL,0,42,'2017-11-16 13:02:36',NULL,NULL),(842,70,19,16,31,NULL,'GR626','C926',NULL,'Permal','Mounish','Polavarapu','Male','Mounish','Polavarapu','','Panya','','','','','','2011-05-01','2011-06-14','Prabhat road,Pune','','','','','','','','','2017 - 18',0,1,NULL,NULL,0,42,'2017-11-16 13:02:36',NULL,NULL),(843,70,19,16,32,NULL,'GR631','C931',NULL,'Rakesh ','Mridul','Agarwal','Male','Mridul','Agarwal','','Paramita','','','','','','2011-05-06','2011-06-14','Baner, Pune','','','','','','','','','2017 - 18',0,1,NULL,NULL,0,42,'2017-11-16 13:02:36',NULL,NULL),(844,70,19,16,32,NULL,'GR636','C936',NULL,'Samourgom','Mrigasya','Ahuja','Male','Mrigasya','Ahuja','','Pareshka','','','','','','2011-05-11','2011-06-14','Pimple saudagar,Pune','','','','','','','','','2017 - 18',0,1,NULL,NULL,0,42,'2017-11-16 13:02:36',NULL,NULL),(845,70,19,16,32,NULL,'GR643','C943',NULL,'Shrinivas ','Mrudul','Arya','Male','Mrudul','Arya','','Parinitha','','','','','','2011-05-18','2011-06-14','Sb road,Pune','','','','','','','','','2017 - 18',0,1,NULL,NULL,0,42,'2017-11-16 13:02:36',NULL,NULL),(846,70,19,16,32,NULL,'GR648','C948',NULL,'Sundara ','Muhil','Badami','Male','Muhil','Badami','','Parishi','','','','','','2011-05-23','2011-06-14','Prabhat road,Pune','','','','','','','','','2017 - 18',0,1,NULL,NULL,0,42,'2017-11-16 13:02:36',NULL,NULL),(847,70,19,16,32,NULL,'GR653','C953',NULL,'Vassant','Kadamb','Bajaj','Male','Kadamb','Bajaj','','Parmila','','','','','','2011-05-28','2011-06-14','Baner, Pune','','','','','','','','','2017 - 18',0,1,NULL,NULL,0,42,'2017-11-16 13:02:36',NULL,NULL),(848,70,19,16,32,NULL,'GR658','C958',NULL,'Vivek ','Kailash','Bala','Male','Kailash','Bala','','Parnik','','','','','','2011-06-02','2011-06-14','Pimple saudagar,Pune','','','','','','','','','2017 - 18',0,1,NULL,NULL,0,42,'2017-11-16 13:02:37',NULL,NULL),(849,70,19,16,32,NULL,'GR665','C965',NULL,'Aniruddha ','Kalash','Banerjee','Male','Kalash','Banerjee','','Parthavi','','','','','','2011-06-09','2011-06-14','Sb road,Pune','','','','','','','','','2017 - 18',0,1,NULL,NULL,0,42,'2017-11-16 13:02:37',NULL,NULL),(850,70,19,16,32,NULL,'GR670','C970',NULL,'Bhaskara ','Kalki','Baral','Male','Kalki','Baral','','Parvathi','','','','','','2011-06-14','2011-06-14','Prabhat road,Pune','','','','','','','','','2017 - 18',0,1,NULL,NULL,0,42,'2017-11-16 13:02:37',NULL,NULL),(851,70,19,16,32,NULL,'GR675','C975',NULL,'Darshan','Kalpajit','Basu','Male','Kalpajit','Basu','','Pashmina','','','','','','2011-06-19','2011-06-14','Baner, Pune','','','','','','','','','2017 - 18',0,1,NULL,NULL,0,42,'2017-11-16 13:02:37',NULL,NULL),(852,70,19,19,31,NULL,'GR680','C980',NULL,'Dilip','Kamal','Bawa','Male','Kamal','Bawa','','Pavana','','','','','','2011-06-24','2011-06-14','Pimple saudagar,Pune','','','','','','','','','2017 - 18',0,1,NULL,NULL,0,42,'2017-11-16 13:02:37',NULL,NULL),(853,70,19,19,31,NULL,'GR687','C987',NULL,'Govinda ','Kamesh','Bhalla','Male','Kamesh','Bhalla','','Pavithra','','','','','','2011-07-01','2011-06-14','Sb road,Pune','','','','','','','','','2017 - 18',0,1,NULL,NULL,0,42,'2017-11-16 13:02:37',NULL,NULL),(854,70,19,19,31,NULL,'GR692','C992',NULL,'Jagannath ','Kamukh','Bhat','Male','Kamukh','Bhat','','Prasoona','','','','','','2011-07-06','2011-06-14','Prabhat road,Pune','','','','','','','','','2017 - 18',0,1,NULL,NULL,0,42,'2017-11-16 13:02:37',NULL,NULL),(855,70,19,19,31,NULL,'GR697','C997',NULL,'Kalidasa ','Kanak','Bhatti','Male','Kanak','Bhatti','','Prathibha','','','','','','2011-07-11','2011-06-14','Baner, Pune','','','','','','','','','2017 - 18',0,1,NULL,NULL,0,42,'2017-11-16 13:02:38',NULL,NULL),(856,70,19,19,31,NULL,'GR702','C1002',NULL,'Kishen ','Kanchan','Bobal','Male','Kanchan','Bobal','','Pratigya','','','','','','2011-07-16','2011-06-14','Pimple saudagar,Pune','','','','','','','','','2017 - 18',0,1,NULL,NULL,0,42,'2017-11-16 13:02:38',NULL,NULL),(857,70,19,19,32,NULL,'GR709','C1009',NULL,'Mahesha ','Kanhu','Barad','Male','Kanhu','Barad','','Pratyusha','','','','','','2011-07-23','2011-06-14','Sb road,Pune','','','','','','','','','2017 - 18',0,1,NULL,NULL,0,42,'2017-11-16 13:02:38',NULL,NULL),(858,70,19,19,32,NULL,'GR714','C1014',NULL,'Murali ','Kanj','Basak','Male','Kanj','Basak','','Praya','','','','','','2011-07-28','2011-06-14','Prabhat road,Pune','','','','','','','','','2017 - 18',0,1,NULL,NULL,0,42,'2017-11-16 13:02:38',NULL,NULL),(859,70,19,19,32,NULL,'GR719','C1019',NULL,'Nitin ','Kanvar','Batta','Male','Kanvar','Batta','','Preema','','','','','','2011-08-02','2011-06-14','Baner, Pune','','','','','','','','','2017 - 18',0,1,NULL,NULL,0,42,'2017-11-16 13:02:38',NULL,NULL),(860,70,19,19,32,NULL,'GR724','C1024',NULL,'Radjou','Kapil','Ben','Male','Kapil','Ben','','Preeti','','','','','','2011-08-07','2011-06-14','Pimple saudagar,Pune','','','','','','','','','2017 - 18',0,1,NULL,NULL,0,42,'2017-11-16 13:02:38',NULL,NULL),(861,70,19,19,32,NULL,'GR731','C1031',NULL,'Rohit ','Karn','Bhargava','Male','Karn','Bhargava','','Prenitha','','','','','','2011-08-14','2011-06-14','Sb road,Pune','','','','','','','','','2017 - 18',0,1,NULL,NULL,0,42,'2017-11-16 13:02:38',NULL,NULL),(862,70,19,19,32,NULL,'GR736','C1036',NULL,'Sejiyane','Karsan','Bhatt','Male','Karsan','Bhatt','','Preshti','','','','','','2011-08-19','2011-06-14','Prabhat road,Pune','','','','','','','','','2017 - 18',0,1,NULL,NULL,0,42,'2017-11-16 13:02:38',NULL,NULL),(863,70,19,19,32,NULL,'GR741','C1041',NULL,'Sivacoumar','Karthick','Biswas','Male','Karthick','Biswas','','Prianka','','','','','','2011-08-24','2011-06-14','Baner, Pune','','','','','','','','','2017 - 18',0,1,NULL,NULL,0,42,'2017-11-16 13:02:38',NULL,NULL),(864,70,19,19,32,NULL,'GR746','C1046',NULL,'Surya ','Kartikey','Borah','Male','Kartikey','Borah','','Prisca','','','','','','2011-08-29','2011-06-14','Pimple saudagar,Pune','','','','','','','','','2017 - 18',0,1,NULL,NULL,0,42,'2017-11-16 13:02:38',NULL,NULL),(865,70,19,19,32,NULL,'GR753','C1053',NULL,'Vishnou','Nabhas','Buch','Male','Nabhas','Buch','','Pritha','','','','','','2011-09-05','2011-06-14','Sb road,Pune','','','','','','','','','2017 - 18',0,1,NULL,NULL,0,42,'2017-11-16 13:02:38',NULL,NULL),(866,70,19,11,31,NULL,'GR758','C1058',NULL,'Anand ','Nabil','Chada','Male','Nabil','Chada','','Priya','','','','','','2011-09-10','2011-06-14','Prabhat road,Pune','','','','','','','','','2017 - 18',0,1,NULL,NULL,0,42,'2017-11-16 13:02:38',NULL,NULL),(867,70,19,11,31,NULL,'GR763','C1063',NULL,'Ashoka ','Nadeep','Chana','Male','Nadeep','Chana','','Priyan','','','','','','2011-09-15','2011-06-14','Baner, Pune','','','','','','','','','2017 - 18',0,1,NULL,NULL,0,42,'2017-11-16 13:02:38',NULL,NULL),(868,70,19,11,32,NULL,'GR768','C1068',NULL,'Chetan ','Nagaiah','Chandran','Male','Nagaiah','Chandran','','Priyanshi','','','','','','2011-09-20','2011-06-14','Pimple saudagar,Pune','','','','','','','','','2017 - 18',0,1,NULL,NULL,0,42,'2017-11-16 13:02:38',NULL,NULL),(869,70,19,11,32,NULL,'GR775','C1075',NULL,'Dilipa','Nagsen','Bedi','Male','Nagsen','Bedi','','Puja','','','','','','2011-09-27','2011-06-14','Sb road,Pune','','','','','','','','','2017 - 18',0,1,NULL,NULL,0,42,'2017-11-16 13:02:38',NULL,NULL),(870,70,19,11,32,NULL,'GR780','C1080',NULL,'Gopala ','Naimish','Chandramouleeswaran','Male','Naimish','Chandramouleeswaran','','Puloma','','','','','','2011-10-02','2011-06-14','Prabhat road,Pune','','','','','','','','','2017 - 18',0,1,NULL,NULL,0,42,'2017-11-16 13:02:39',NULL,NULL),(871,70,19,13,31,NULL,'GR785','C1085',NULL,'Inderpal ','Nairit','Cherukuri','Male','Nairit','Cherukuri','','Purala','','','','','','2011-10-07','2011-06-14','Baner, Pune','','','','','','','','','2017 - 18',0,1,NULL,NULL,0,42,'2017-11-16 13:02:39',NULL,NULL),(872,70,19,13,31,NULL,'GR790','C1090',NULL,'Jitinder ','Naivadya','Choudhury','Male','Naivadya','Choudhury','','Purvi','','','','','','2011-10-12','2011-06-14','Pimple saudagar,Pune','','','','','','','','','2017 - 18',0,1,NULL,NULL,0,42,'2017-11-16 13:02:39',NULL,NULL),(873,70,19,13,31,NULL,'GR797','C1097',NULL,'Kishor ','Nakshatra','Dristi','Male','Nakshatra','Dristi','','Pushyaja','','','','','','2011-10-19','2011-06-14','Sb road,Pune','','','','','','','','','2017 - 18',0,1,NULL,NULL,0,42,'2017-11-16 13:02:39',NULL,NULL),(874,70,19,13,31,NULL,'GR802','C1102',NULL,'Madhav ','Nalin','Ganapathy','Male','Nalin','Ganapathy','','Puvika','','','','','','2011-10-24','2011-06-14','Prabhat road,Pune','','','','','','','','','2017 - 18',0,1,NULL,NULL,0,42,'2017-11-16 13:02:39',NULL,NULL),(875,70,19,13,32,NULL,'GR807','C1107',NULL,'Mohandas ','Namdev','Goel','Male','Namdev','Goel','','Mudrika','','','','','','2011-10-29','2011-06-14','Baner, Pune','','','','','','','','','2017 - 18',0,1,NULL,NULL,0,42,'2017-11-16 13:02:39',NULL,NULL),(876,70,19,13,32,NULL,'GR812','C1112',NULL,'Nikhil ','Nanak','Guramurthy','Male','Nanak','Guramurthy','','Mullai','','','','','','2011-11-03','2011-06-14','Pimple saudagar,Pune','','','','','','','','','2017 - 18',0,1,NULL,NULL,0,42,'2017-11-16 13:02:39',NULL,NULL),(877,70,19,13,32,NULL,'GR819','C1119',NULL,'Raghu ','Nandish','Jaishree','Male','Nandish','Jaishree','','Mangalya','','','','','','2011-11-10','2011-06-14','Sb road,Pune','','','','','','','','','2017 - 18',0,1,NULL,NULL,0,42,'2017-11-16 13:02:39',NULL,NULL),(878,70,19,13,32,NULL,'GR824','C1124',NULL,'Ranjit ','Narasimha','Junanker','Male','Narasimha','Junanker','','Manisha','','','','','','2011-11-15','2011-06-14','Prabhat road,Pune','','','','','','','','','2017 - 18',0,1,NULL,NULL,0,42,'2017-11-16 13:02:39',NULL,NULL),(879,70,19,13,32,NULL,'GR829','C1129',NULL,'Sankar ','Narinder','Kanetkar','Male','Narinder','Kanetkar','','Manitha','','','','','','2011-11-20','2011-06-14','Baner, Pune','','','','','','','','','2017 - 18',0,1,NULL,NULL,0,42,'2017-11-16 13:02:39',NULL,NULL),(880,70,19,14,31,NULL,'GR834','C1134',NULL,'Shrivatsa ','Nartan','Keerthana','Male','Nartan','Keerthana','','Manogna','','','','','','2011-11-25','2011-06-14','Pimple saudagar,Pune','','','','','','','','','2017 - 18',0,1,NULL,NULL,0,42,'2017-11-16 13:02:39',NULL,NULL),(881,70,19,14,31,NULL,'GR841','C1141',NULL,'Sushil ','Natraj','Kondapaneni','Male','Natraj','Kondapaneni','','Mantra','','','','','','2011-12-02','2011-06-14','Sb road,Pune','','','','','','','','','2017 - 18',0,1,NULL,NULL,0,42,'2017-11-16 13:02:39',NULL,NULL),(882,70,19,14,31,NULL,'GR846','C1146',NULL,'Vikresen','Navalan','Kumur','Male','Navalan','Kumur','','Manveer','','','','','','2011-12-07','2011-06-14','Prabhat road,Pune','','','','','','','','','2017 - 18',0,1,NULL,NULL,0,42,'2017-11-16 13:02:39',NULL,NULL),(883,70,19,14,31,NULL,'GR851','C1151',NULL,'Ajit ','Kirik','Latesh','Male','Kirik','Latesh','','Manya','','','','','','2011-12-12','2011-06-14','Baner, Pune','','','','','','','','','2017 - 18',0,1,NULL,NULL,0,42,'2017-11-16 13:02:40',NULL,NULL),(884,70,19,14,32,NULL,'GR856','C1156',NULL,'Aravinda ','Kirtesh','Mahajan','Male','Kirtesh','Mahajan','','Margu','','','','','','2011-12-17','2011-06-14','Pimple saudagar,Pune','','','','','','','','','2017 - 18',0,1,NULL,NULL,0,42,'2017-11-16 13:02:40',NULL,NULL),(885,70,19,14,32,NULL,'GR863','C1163',NULL,'Chiranjeevi ','Kishan','Mandar','Male','Kishan','Mandar','','Matangi','','','','','','2011-12-24','2011-06-14','Sb road,Pune','','','','','','','','','2017 - 18',0,1,NULL,NULL,0,42,'2017-11-16 13:02:40',NULL,NULL),(886,70,19,14,32,NULL,'GR868','C1168',NULL,'Devraj','Kishor','Mantri','Male','Kishor','Mantri','','Maukshi','','','','','','2011-12-29','2011-06-14','Prabhat road,Pune','','','','','','','','','2017 - 18',0,1,NULL,NULL,0,42,'2017-11-16 13:02:40',NULL,NULL),(887,70,19,14,32,NULL,'GR873','C1173',NULL,'Gautam ','Kiyash','Meenakshi','Male','Kiyash','Meenakshi','','Mausam','','','','','','2012-01-03','2011-06-14','Baner, Pune','','','','','','','','','2017 - 18',0,1,NULL,NULL,0,42,'2017-11-16 13:02:40',NULL,NULL),(888,70,19,14,32,NULL,'GR878','C1178',NULL,'Harisha ','Kostubh','Mittur','Male','Kostubh','Mittur','','Mayil','','','','','','2012-01-08','2011-06-14','Pimple saudagar,Pune','','','','','','','','','2017 - 18',0,1,NULL,NULL,0,42,'2017-11-16 13:02:40',NULL,NULL),(889,70,19,14,32,NULL,'GR885','C1185',NULL,'Jiva','Kranthi','Murthy','Male','Kranthi','Murthy','','Medhani','','','','','','2012-01-15','2011-06-14','Sb road,Pune','','','','','','','','','2017 - 18',0,1,NULL,NULL,0,42,'2017-11-16 13:02:40',NULL,NULL),(890,70,19,14,32,NULL,'GR890','C1190',NULL,'Keshavan','Kripakar','Nagaraja','Male','Kripakar','Nagaraja','','Meehika','','','','','','2012-01-20','2011-06-14','Prabhat road,Pune','','','','','','','','','2017 - 18',0,1,NULL,NULL,0,42,'2017-11-16 13:02:40',NULL,NULL),(891,70,19,16,31,NULL,'GR895','C1195',NULL,'Lakshman ','Krisanu','Nandita','Male','Krisanu','Nandita','','Meenu','','','','','','2012-01-25','2011-06-14','Baner, Pune','','','','','','','','','2017 - 18',0,1,NULL,NULL,0,42,'2017-11-16 13:02:40',NULL,NULL),(892,70,19,16,31,NULL,'GR900','C1200',NULL,'Manu ','Krishant','Nayna','Male','Krishant','Nayna','','Megan','','','','','','2012-01-30','2011-06-14','Pimple saudagar,Pune','','','','','','','','','2017 - 18',0,1,NULL,NULL,0,42,'2017-11-16 13:02:40',NULL,NULL),(893,70,19,16,32,NULL,'GR907','C1207',NULL,'Nil','Krishma','Niraj','Male','Krishma','Niraj','','Meha','','','','','','2012-02-06','2011-06-14','Sb road,Pune','','','','','','','','','2017 - 18',0,1,NULL,NULL,0,42,'2017-11-16 13:02:40',NULL,NULL),(894,70,19,16,32,NULL,'GR912','C1212',NULL,'Pouranin','Krishneel','Ogale','Male','Krishneel','Ogale','','Mehna','','','','','','2012-02-11','2011-06-14','Prabhat road,Pune','','','','','','','','','2017 - 18',0,1,NULL,NULL,0,42,'2017-11-16 13:02:40',NULL,NULL),(895,70,19,16,32,NULL,'GR917','C1217',NULL,'Ramachandra ','Krithik','Panick','Male','Krithik','Panick','','Menaha','','','','','','2012-02-16','2011-06-14','Baner, Pune','','','','','','','','','2017 - 18',0,1,NULL,NULL,0,42,'2017-11-16 13:02:40',NULL,NULL),(896,70,19,16,32,NULL,'GR922','C1222',NULL,'Sangaren','Krivi','Pasuma','Male','Krivi','Pasuma','','Rachana','','','','','','2012-02-21','2011-06-14','Pimple saudagar,Pune','','','','','','','','','2017 - 18',0,1,NULL,NULL,0,42,'2017-11-16 13:02:40',NULL,NULL),(897,70,19,16,32,NULL,'GR929','C1229',NULL,'Shyam ','Kruthan','Pooja','Male','Kruthan','Pooja','','Radhika','','','','','','2012-02-28','2011-06-14','Sb road,Pune','','','','','','','','','2017 - 18',0,1,NULL,NULL,0,42,'2017-11-16 13:02:40',NULL,NULL),(898,70,19,16,32,NULL,'GR934','C1234',NULL,'Sunil ','Kshemya','Prasoon','Male','Kshemya','Prasoon','','Ragini','','','','','','2012-03-04','2011-06-14','Prabhat road,Pune','','','','','','','','','2017 - 18',0,1,NULL,NULL,0,42,'2017-11-16 13:02:40',NULL,NULL),(899,70,19,16,32,NULL,'GR939','C1239',NULL,'Venkata ','Kshitish','Profulla','Male','Kshitish','Profulla','','Rajashree','','','','','','2012-03-09','2011-06-14','Baner, Pune','','','','','','','','','2017 - 18',0,1,NULL,NULL,0,42,'2017-11-16 13:02:40',NULL,NULL),(900,70,19,16,32,NULL,'GR944','C1244',NULL,'Yamaraja','Kuldip','Pusti','Male','Kuldip','Pusti','','Rajbala','','','','','','2012-03-14','2011-06-14','Pimple saudagar,Pune','','','','','','','','','2017 - 18',0,1,NULL,NULL,0,42,'2017-11-16 13:02:40',NULL,NULL),(927,70,19,23,31,NULL,'GR203','C1300',NULL,'Amb','Anubhav','Agate','Female','Anubhav','Agate','','Daksha','','','','','','2010-03-04','2011-06-14','Sb road,Pune','','','','','','','','','2017 - 18',0,1,NULL,NULL,0,42,'2017-11-16 13:29:19',NULL,NULL),(928,70,19,23,32,NULL,'GR213','C1301',NULL,'Chatrapatty','Gautam','Arora','Female','Gautam','Arora','','Danvi','','','','','','2010-03-14','2011-06-14','Baner, Pune','','','','','','','','','2017 - 18',0,1,NULL,NULL,0,42,'2017-11-16 13:29:19',NULL,NULL),(929,70,19,23,32,NULL,'GR218','C1302',NULL,'Draupadi ','Jagan','Badal','Female','Jagan','Badal','','Darshana','','','','','','2010-03-19','2011-06-14','Pimple saudagar,Pune','','','','','','','','','2017 - 18',0,1,NULL,NULL,0,42,'2017-11-16 13:29:19',NULL,NULL),(930,70,19,23,32,NULL,'GR225','C1303',NULL,'Jyotsana ','Mridul','Bajwa','Female','Mridul','Bajwa','','Darshna','','','','','','2010-03-26','2011-06-14','Sb road,Pune','','','','','','','','','2017 - 18',0,1,NULL,NULL,0,42,'2017-11-16 13:29:19',NULL,NULL),(931,70,19,23,32,NULL,'GR230','C1304',NULL,'Karlaye','Parth','Balakrishnan','Female','Parth','Balakrishnan','','Dayanita','','','','','','2010-03-31','2011-06-14','Prabhat road,Pune','','','','','','','','','2017 - 18',0,1,NULL,NULL,0,42,'2017-11-16 13:29:19',NULL,NULL),(932,70,19,23,31,NULL,'GR235','C1305',NULL,'Ladha','Sachin','Bandi','Female','Sachin','Bandi','','Debasmita','','','','','','2010-04-05','2011-06-14','Baner, Pune','','','','','','','','','2017 - 18',0,1,NULL,NULL,0,42,'2017-11-16 13:29:19',NULL,NULL),(933,70,19,23,31,NULL,'GR240','C1306',NULL,'Madhuri ','Siddharth','Barad','Female','Siddharth','Barad','','Deeher','','','','','','2010-04-10','2011-06-14','Pimple saudagar,Pune','','','','','','','','','2017 - 18',0,1,NULL,NULL,0,42,'2017-11-16 13:29:19',NULL,NULL),(934,70,19,23,31,NULL,'GR247','C1307',NULL,'Neha ','Vikas','Bath','Female','Vikas','Bath','','Deepakala','','','','','','2010-04-17','2011-06-14','Sb road,Pune','','','','','','','','','2017 - 18',0,1,NULL,NULL,0,42,'2017-11-16 13:29:20',NULL,NULL),(935,70,19,23,32,NULL,'GR252','C1308',NULL,'Padmini ','Haard','Bedi','Female','Haard','Bedi','','Deepavati','','','','','','2010-04-22','2011-06-14','Prabhat road,Pune','','','','','','','','','2017 - 18',0,1,NULL,NULL,0,42,'2017-11-16 13:29:20',NULL,NULL),(936,70,19,23,32,NULL,'GR257','C1309',NULL,'Rajni ','Hamir','Bhakta','Female','Hamir','Bhakta','','Deepta','','','','','','2010-04-27','2011-06-14','Baner, Pune','','','','','','','','','2017 - 18',0,1,NULL,NULL,0,42,'2017-11-16 13:29:20',NULL,NULL),(937,70,19,23,32,NULL,'GR262','C1310',NULL,'Rohini','Hans','Bhasin','Female','Hans','Bhasin','','Deepu','','','','','','2010-05-02','2011-06-14','Pimple saudagar,Pune','','','','','','','','','2017 - 18',0,1,NULL,NULL,0,42,'2017-11-16 13:29:20',NULL,NULL),(938,70,19,23,32,NULL,'GR269','C1311',NULL,'Seema ','Hanu','Bhavsar','Female','Hanu','Bhavsar','','Demira','','','','','','2010-05-09','2011-06-14','Sb road,Pune','','','','','','','','','2017 - 18',0,1,NULL,NULL,0,42,'2017-11-16 13:29:20',NULL,NULL),(939,70,19,23,32,NULL,'GR274','C1312',NULL,'Shweta ','Happy','Bora','Female','Happy','Bora','','Despina','','','','','','2010-05-14','2011-06-14','Prabhat road,Pune','','','','','','','','','2017 - 18',0,1,NULL,NULL,0,42,'2017-11-16 13:29:20',NULL,NULL),(1109,70,7,11,31,NULL,'GR201','D001','Mr','Abha ','Aditya','Acharya','Female','Aditya','Acharya','','Dadhija','','','','','','2010-03-02','2011-06-14','Aundh, Pune','','','','','','','','','2018-19',0,1,NULL,NULL,0,46,'2017-11-17 10:16:22',NULL,NULL),(1111,70,7,11,31,NULL,'K001','50006','Mr','James','Alpha','Butt','Male','Alpha','Butt','9762147262','Daniela','Butt','9822053665','','','','2014-03-02','2017-06-14','Aundh, Pune','','Maharashtra','India','9762982700','','Hindu','OPEN','O+','2019-20',0,1,NULL,NULL,0,42,'2017-11-17 14:27:06',NULL,NULL),(1114,70,7,13,31,NULL,'K001','6002','Mr','Raghu','Ragavan','Butt','Male','Alpha','Butt','9762147262','Daniela','Butt','9822053665','','','','2014-03-02','2017-06-14','Aundh, Pune','','Maharashtra','India','9762982700','','Hindu','OPEN','O+','2018-19',0,1,NULL,NULL,0,42,'2017-11-20 08:04:12',NULL,NULL),(1115,70,7,13,31,NULL,'K001','6003','Mr','Barkha','Sharma','Butt','Male','Alpha','Butt','9762147262','Daniela','Butt','9822053665','','','','2014-03-02','2017-06-14','Aundh, Pune','','Maharashtra','India','9543301832','','Hindu','OPEN','O+','2018-19',0,1,NULL,NULL,0,42,'2017-11-20 08:04:12',NULL,NULL),(1116,70,7,11,31,NULL,'K001','8003','Mr','Raghu','Ragavan','Butt','Male','Alpha','Butt','9762147262','Daniela','Butt','9822053665','','','','2014-03-02','2017-06-14','Aundh, Pune','','Maharashtra','India','9762982700','','Hindu','OPEN','O+','2018-19',0,1,NULL,NULL,0,42,'2017-11-20 13:08:34',NULL,NULL),(1117,70,7,11,31,NULL,'K001','8004','Mr','Barkha','Sharma','Butt','Male','Alpha','Butt','9762147262','Daniela','Butt','9822053665','','','','2014-03-02','2017-06-14','Aundh, Pune','','Maharashtra','India','9543301832','','Hindu','OPEN','O+','2018-19',0,1,NULL,NULL,0,42,'2017-11-20 13:08:34',NULL,NULL),(1118,70,7,11,31,NULL,'K001','8005','Mr','Akansha  kaur','Ragavan','Butt','Male','Alpha','Butt','9762147262','Daniela','Butt','9822053665','','','','2014-03-02','2017-06-14','Aundh, Pune','','Maharashtra','India','9762982700','','Hindu','OPEN','O+','2018-19',0,1,NULL,NULL,0,42,'2017-11-20 13:09:56',NULL,NULL),(1119,70,7,11,31,NULL,'K001','8006','Mr','Aksahy','Sharma','Butt','Male','Alpha','Butt','9762147262','Daniela','Butt','9822053665','','','','2014-03-02','2017-06-14','Aundh, Pune','','Maharashtra','India','9543301832','','Hindu','OPEN','O+','2018-19',0,1,NULL,NULL,0,42,'2017-11-20 13:09:56',NULL,NULL),(1120,70,7,11,31,NULL,'K001','8007','Mr','Akansha  kaur','Ragavan','Butt','Male','Alpha','Butt','9762147262','Daniela','Butt','9822053665','','','','2014-03-02','2017-06-14','Aundh, Pune','','Maharashtra','India','9762982700','','Hindu','OPEN','O+','2018-19',0,1,NULL,NULL,0,42,'2017-11-20 13:11:15',NULL,NULL),(1121,70,7,11,31,NULL,'K001','8008','Mr','Aksahy','Sharma','Butt','Male','Alpha','Butt','9762147262','Daniela','Butt','9822053665','','','','2014-03-02','2017-06-14','Aundh, Pune','','Maharashtra','India','9543301832','','Hindu','OPEN','O+','2018-19',0,1,NULL,NULL,0,42,'2017-11-20 13:11:15',NULL,NULL);
/*!40000 ALTER TABLE `student` ENABLE KEYS */;
UNLOCK TABLES;

--
-- Table structure for table `user`
--

DROP TABLE IF EXISTS `user`;
/*!40101 SET @saved_cs_client     = @@character_set_client */;
/*!40101 SET character_set_client = utf8 */;
CREATE TABLE `user` (
  `id` bigint(20) NOT NULL AUTO_INCREMENT,
  `roleId` bigint(20) NOT NULL,
  `username` varchar(50) NOT NULL,
  `password` varchar(150) DEFAULT NULL,
  `Phone` varchar(20) DEFAULT NULL,
  `email` varchar(254) NOT NULL,
  `lastLogin` datetime DEFAULT NULL,
  `failedPasswordAttemptCount` int(11) DEFAULT '0',
  `isBolocked` tinyint(1) DEFAULT '0',
  `isActivate` tinyint(1) DEFAULT '0',
  `isPasswordChanged` tinyint(1) DEFAULT '0',
  `emailVerified` tinyint(1) DEFAULT '0',
  `verificationToken` varchar(140) DEFAULT NULL,
  `realm` varchar(50) DEFAULT NULL,
  `isDelete` tinyint(1) DEFAULT '0',
  `createdBy` bigint(20) NOT NULL,
  `createdOn` datetime NOT NULL DEFAULT CURRENT_TIMESTAMP,
  `updatedBy` bigint(20) DEFAULT NULL,
  `updatedOn` datetime DEFAULT NULL,
  PRIMARY KEY (`id`),
  UNIQUE KEY `UserName_UNIQUE` (`username`),
  KEY `FK_User_Role_idx` (`roleId`),
  CONSTRAINT `FK_User_Role` FOREIGN KEY (`roleId`) REFERENCES `role` (`id`) ON DELETE NO ACTION ON UPDATE NO ACTION
) ENGINE=InnoDB AUTO_INCREMENT=70 DEFAULT CHARSET=utf8;
/*!40101 SET character_set_client = @saved_cs_client */;

--
-- Dumping data for table `user`
--

LOCK TABLES `user` WRITE;
/*!40000 ALTER TABLE `user` DISABLE KEYS */;
INSERT INTO `user` VALUES (1,1,'Administrator','$2a$10$E4I8lp4oaHAwbvjG1H7UHuveBSCxtoz78OQVZFl8M9buVENkyOBRK','1234567890','espl@eternussolutions.com','2017-12-05 10:14:22',0,0,1,1,1,NULL,NULL,0,1,'2017-11-06 16:02:16',NULL,NULL),(42,2,'XavierAdmin','$2a$10$kFQGneHscUEH5ql9rHxif.diHfWGNhktqm3fqooQaYJnwFm3/5iXq','9762982702','sharmabarkha973@gmail.com','2017-12-05 12:56:27',0,0,1,1,1,NULL,NULL,0,1,'2017-11-10 11:08:56',1,'2017-11-20 12:23:11'),(43,2,'vincentadmin','$2a$10$Na3Jmi1.YuzHw9e1DbfU9uWdOZiPUvBeZ7pMn52P2MgBZbyaphLO6','9762982700','manish.patil159@gmail.com','2017-11-20 12:59:04',0,0,1,1,1,NULL,NULL,0,1,'2017-11-10 11:21:04',1,'2017-11-20 12:24:21'),(44,16,'manish.patil','$2a$10$E4I8lp4oaHAwbvjG1H7UHuveBSCxtoz78OQVZFl8M9buVENkyOBRK','9762982700','manish.patil1@eternussolutions.com','2017-11-17 07:04:12',3,1,1,1,0,NULL,NULL,1,42,'2017-11-10 11:58:10',42,'2017-11-20 11:33:14'),(45,20,'suyash.chiplunkar','$2a$10$nuCNTJx1mNO.XHVjjJongOQdmlPtNhXMdntZd9m0TB2HQYjzWmfTK','9762982700','suyash.chiplunkar1@eternussolutions.com','2017-11-17 04:06:53',0,0,1,1,0,NULL,NULL,0,42,'2017-11-10 12:07:19',42,'2017-11-20 09:38:08'),(46,2,'xavieradmin2','$2a$10$c5SASl6iqfp38vwnoK4cW.BRRsumxDOp5VsgLVPokCj1VTHR/bHZK','9762982700','shabnam.maniyar@eternussolutions.com','2017-11-20 11:35:07',0,0,1,1,1,NULL,NULL,0,1,'2017-11-10 12:53:11',1,'2017-11-17 11:06:18'),(47,16,'fdfd','$2a$10$S.1XfXirVsMyDTvrMsikKO0utZ9RuIDHCoKDx.7rlQj6xCrH13anO','7894561230','asd@2ighds.com',NULL,0,0,1,0,1,'035a3ca90a7f4976b7876ea2755f8920cb2f65fb200ef2db9ec1153055963b564462bc49cf3201a2fda648d8faeee7a47e3503eb2658c61b7f529c8d93157f38',NULL,0,46,'2017-11-10 13:21:47',46,'2017-11-10 13:21:47'),(48,32,'Akansha.k','$2a$10$VtRzT8Xhoazd7VQWiqzA0.SWCukHXQpnTb/.h77H2P/2fmjArvFZ6','9762982700','akanksha.koulage@eternussolutions.com',NULL,0,0,1,1,1,NULL,NULL,0,46,'2017-11-13 10:10:53',48,'2017-11-13 10:23:32'),(49,16,'akshay.waikar','$2a$10$xGs9frRW58s5C0Ejc3pGse.saD5H8JDchySranyOXninhPaE9ikDK','9762982700','waikar@eternusolutions.com',NULL,0,0,1,0,1,'d2e93e31532a9717dee7201ceb3ced656fd7e2d4380b826617cb6f3e8db277c4c5203cb6d5cceb7f6e213bf0f8b8922940ace002ecc7615cd809318dbc62810f',NULL,0,46,'2017-11-13 11:38:42',46,'2017-11-13 11:40:14'),(50,31,'akshay.w','$2a$10$z50seveIKavUW2I9HMbDPennnNMufbDOdiqclW23hyw0elFrihDwW','9762982700','akshay.waikar@eternussolutions.com',NULL,0,0,1,0,1,NULL,NULL,0,46,'2017-11-13 11:41:00',46,'2017-11-13 11:41:00'),(51,2,'abhijeet.pasalkar','$2a$10$HTkTNvMgT3dlLBwoEqL17e31KAQ0Ji80FgARUmSWXe7AzCKbdyPs.','9762982700','abhijeet.pasalkar@eternussolutions.com',NULL,0,0,1,0,1,NULL,NULL,1,1,'2017-11-13 12:45:42',1,'2017-11-15 13:24:30'),(52,2,'abhi.pasalkar','$2a$10$Doyn/5hjGu26QMv61bnWduuunpng2wufNO2nwOzwFc3wjWEpFXazy','9762982700','adpasalkar@gmail.com','2017-11-20 12:58:34',0,0,1,1,1,NULL,NULL,0,1,'2017-11-13 12:50:19',1,'2017-11-20 12:30:09'),(53,2,'shaggyshelar','$2a$10$txwgt5DoJ1K.cieu7tniguDTX9sZr9DzWYa24.BFOr6A3BDM/bHwC','8149886522','shaggy.shelar@gmail.com','2017-12-01 05:55:17',0,0,1,1,1,NULL,NULL,0,1,'2017-11-15 16:59:48',NULL,NULL),(54,2,'abc','$2a$10$KIwQba9ec54WjA4rKV6D1OWXknh6.rzWvHNsad9/FT45pQm74s1gy','8967969768','abc@gamil.com',NULL,0,0,0,0,0,'aafb137fc2ccd172283261854322447e447f42f32cefbf96b37f7f8b78ca331047f639649ed33d4e9f469215e1206cbccabc37c02aefb3ba89720da56e9d56cc',NULL,1,1,'2017-11-16 16:03:26',1,'2017-11-16 16:03:35'),(55,20,'rakesh.s','$2a$10$Jz23kgV.qps19zYyHE0PBeb4Dd6kXdwKzH8ft/wPhqcLHbm0yQQBy','9762982700','rakesh.shinde@eternussolutions.com',NULL,1,0,1,0,1,NULL,NULL,0,42,'2017-11-16 16:41:26',42,'2017-11-16 16:41:26'),(56,2,'Shabnam.m','$2a$10$zlFSU0QnX6u/D1r6VEvvbegO8cnHZjgeepMnsM6aLo7aaBOty7J3.','9762982700','shab09.maniyar@gmail.com','2017-11-17 11:00:50',0,0,1,1,1,NULL,NULL,0,1,'2017-11-17 04:19:06',56,'2017-11-17 05:11:02'),(57,39,'Abhi.p','$2a$10$ghReWzVvAtNCC3CvECdSleQRbjsfGT2RqcqkRl62HeQdGvT2q47oS','8974561230','abhijeet.pasalkar@eternussolutions.com','2017-11-17 07:27:22',0,0,1,1,1,NULL,NULL,0,56,'2017-11-17 05:21:28',56,'2017-11-17 06:40:27'),(58,2,'akaa.k','$2a$10$hVR.ahKtpploIoafaIkZx.JF8u085mqH6agGTKRbfnkVICzuhtzKa','','koulageakanksha@gmail.com','2017-11-17 11:24:26',0,0,1,1,1,NULL,NULL,0,1,'2017-11-17 09:57:20',1,'2017-11-17 11:24:22'),(60,2,'abc123','$2a$10$XdVs5N6l464XKq1dvv9/Wep1MJuhYh1ZttEqqJEd1/9kE/Sirok0.','','hpz3w@slipry.net',NULL,0,0,0,0,0,'4531301b2508112643f97d83808e49617163ed4493776f70f95f815dbc18b4c0eb14895664385f4460e6ab1176a232b7398e83afc8134e2ff6bc0d0d7a8b566d',NULL,0,1,'2017-11-17 12:21:29',1,'2017-11-17 12:21:30'),(61,2,'akka2.k','$2a$10$6F8R3GkNsxOgetQQRjfIae5VXbRmlnLVCQfbF7I11ubEQaoP6qQcK','','chhayakoulage@gmail.com','2017-11-17 12:34:00',0,0,1,1,1,NULL,NULL,0,1,'2017-11-17 12:28:37',61,'2017-11-17 12:34:12'),(62,2,'piyush1572','$2a$10$QXwYsS4iEEtKOhbkYtICk.39j2pi.F9.REJwQz.676S7/sjpANTK6','9965558474','piyushostwal123@gmail.com','2017-11-17 13:14:13',0,0,1,1,1,NULL,NULL,0,1,'2017-11-17 13:12:32',62,'2017-11-17 13:14:27'),(63,2,'Xavieradmin3','$2a$10$okPu7l1HttesiCWEFWSoyOS9FWTDR8oJb/QXNBd0MzOfyKOmscYae','','samir.kulkarni@eternussolution.com',NULL,0,0,0,0,0,'c66119e2d8727e35347ab39bc19d75671e4aff9b51cd4a7eca66c2dd56b0be77dedf78ed092ad1e091b9d741393cac556c7eceaf8bc3e16a7a517238e325b5c4',NULL,0,1,'2017-11-17 13:35:26',1,'2017-11-17 13:35:26'),(64,20,'raghu.r','$2a$10$AjXzcTM9k5xTWjL8IgCIwu.6r0yya4PsEuoxq00gJbe6IA12m5ydy','','rangarajan.ragavan@phicommerce.com',NULL,0,0,0,0,0,'f8329d3b16b666fe8d577e315b9be3180720eaf06c4f0feb3d515262673ae3d73414dfbb8135b517790bc8e27494edd21c9cd9d27cf07806000cd042babbfe6d',NULL,0,42,'2017-11-17 13:47:53',42,'2017-11-17 13:47:53'),(65,20,'harsha.h','$2a$10$XNyvdjwbb472LGesRyYGEOb0hNlyFWBGWPTl3MuZw/mEOLmE6KOkK','','harshadafirake07@gmail.com','2017-11-17 14:13:07',0,0,1,1,1,NULL,NULL,0,42,'2017-11-17 13:56:40',65,'2017-11-17 14:13:28'),(66,20,'manish.p','$2a$10$YznCJZ9XXpMYSTCUpQ7M2OQ/cxdf0NiMgLhgoTbqVwTCFCubteTae','','manish.patil@eternussolutions.com',NULL,0,0,0,0,0,'5208e858b3676b9d7d64d71df2cc1ddecd5a3be56b0c604aeac7b139730ebb9c647e2ba27fdf9858795312a36d038e13ebe97a76e214551503db50812d4587ba',NULL,0,42,'2017-11-20 06:42:33',42,'2017-11-20 06:42:34'),(67,39,'barkha.s','$2a$10$tuSyEQXabAbhV/iZnOqtpuA3k3Uhhyt1p2EyXvNkXUaOEVwQRT7hC','','hq0hf@slipry.net',NULL,0,0,0,0,0,'34458ba150637bdec2e547fb2ce37d2a45dc8eab2bc01741f3d2601914236165efa12d81580e833e37920b281deeb5b8f3b802e1e820f78bca12c3dc955ad17c',NULL,0,43,'2017-11-20 11:36:56',43,'2017-11-20 11:39:35'),(68,39,'manish1','$2a$10$vrrIm38u1e7XeaOu1hLbiupR17/FHVXNNN1.f8Cze3TsIRoVpMxNW','','barkha.sharma@etenussolutions.com',NULL,0,0,1,0,1,'0c76e2701df60c415f276b70af9ab6a6e2c96377e2360c7ad29ce1faf15afca7f7ac73a183e8adf10bd7a69964685be01d4b03ee36c148d9015c855d5c108652',NULL,0,43,'2017-11-20 11:46:49',43,'2017-11-20 11:50:00'),(69,16,'chetan.b','$2a$10$XXg1Rt2dJz5HqNJ4/FtSCOlbSZrCuHFJrM8aUy.s.Y7cdlqXdZ.cm','1234567890','chetanbadgujar9@gmail.com','2017-12-01 09:50:12',0,0,1,1,1,NULL,NULL,0,42,'2017-12-01 04:43:46',42,'2017-12-01 08:39:17');
/*!40000 ALTER TABLE `user` ENABLE KEYS */;
UNLOCK TABLES;

--
-- Table structure for table `userschooldetails`
--

DROP TABLE IF EXISTS `userschooldetails`;
/*!40101 SET @saved_cs_client     = @@character_set_client */;
/*!40101 SET character_set_client = utf8 */;
CREATE TABLE `userschooldetails` (
  `id` bigint(20) NOT NULL AUTO_INCREMENT,
  `userId` bigint(20) NOT NULL,
  `schoolId` bigint(20) DEFAULT NULL,
  `createdBy` bigint(20) NOT NULL,
  `createdOn` datetime NOT NULL DEFAULT CURRENT_TIMESTAMP,
  `updatedBy` bigint(20) DEFAULT NULL,
  `updatedOn` datetime DEFAULT NULL,
  PRIMARY KEY (`id`),
  UNIQUE KEY `user_school_UNIQUE` (`userId`,`schoolId`),
  KEY `FK_UserSchool_School_idx` (`schoolId`),
  KEY `FK_UserSchool_User_idx` (`userId`),
  CONSTRAINT `FK_UserSchool_School` FOREIGN KEY (`schoolId`) REFERENCES `school` (`id`) ON DELETE NO ACTION ON UPDATE NO ACTION,
  CONSTRAINT `FK_UserSchool_User` FOREIGN KEY (`userId`) REFERENCES `user` (`id`) ON DELETE NO ACTION ON UPDATE NO ACTION
) ENGINE=InnoDB AUTO_INCREMENT=149 DEFAULT CHARSET=utf8;
/*!40101 SET character_set_client = @saved_cs_client */;

--
-- Dumping data for table `userschooldetails`
--

LOCK TABLES `userschooldetails` WRITE;
/*!40000 ALTER TABLE `userschooldetails` DISABLE KEYS */;
INSERT INTO `userschooldetails` VALUES (74,47,70,46,'2017-11-10 13:21:47',NULL,NULL),(76,48,70,46,'2017-11-13 10:10:53',NULL,NULL),(79,49,70,46,'2017-11-13 11:40:14',NULL,NULL),(80,50,70,46,'2017-11-13 11:41:00',NULL,NULL),(81,51,72,1,'2017-11-13 12:45:42',NULL,NULL),(82,51,80,1,'2017-11-13 12:45:42',NULL,NULL),(88,53,70,1,'2017-11-15 17:00:38',NULL,NULL),(94,1,71,1,'2017-11-16 15:17:37',NULL,NULL),(95,1,72,1,'2017-11-16 15:17:37',NULL,NULL),(96,1,74,1,'2017-11-16 15:17:37',NULL,NULL),(97,1,80,1,'2017-11-16 15:17:37',NULL,NULL),(98,1,82,1,'2017-11-16 15:17:37',NULL,NULL),(101,1,84,1,'2017-11-16 15:21:28',NULL,NULL),(102,1,87,1,'2017-11-16 15:21:29',NULL,NULL),(103,1,89,1,'2017-11-16 15:21:29',NULL,NULL),(104,1,70,1,'2017-11-16 16:19:25',NULL,NULL),(105,1,83,1,'2017-11-16 16:19:25',NULL,NULL),(106,1,88,1,'2017-11-16 16:20:15',NULL,NULL),(107,1,90,1,'2017-11-16 13:45:48',NULL,NULL),(109,54,70,1,'2017-11-16 16:03:26',NULL,NULL),(110,55,70,42,'2017-11-16 16:41:26',NULL,NULL),(111,56,71,1,'2017-11-17 04:19:06',NULL,NULL),(112,56,70,1,'2017-11-17 04:19:06',NULL,NULL),(114,57,71,56,'2017-11-17 06:40:27',NULL,NULL),(115,1,91,1,'2017-11-17 07:47:27',NULL,NULL),(116,1,93,1,'2017-11-17 09:55:55',NULL,NULL),(117,58,93,1,'2017-11-17 09:57:20',NULL,NULL),(118,1,94,1,'2017-11-17 10:53:46',NULL,NULL),(119,46,94,1,'2017-11-17 11:06:19',NULL,NULL),(120,1,95,1,'2017-11-17 11:08:57',NULL,NULL),(121,1,96,1,'2017-11-17 11:10:07',NULL,NULL),(122,1,97,1,'2017-11-17 12:03:28',NULL,NULL),(123,60,72,1,'2017-11-17 12:21:30',NULL,NULL),(124,61,83,1,'2017-11-17 12:28:37',NULL,NULL),(125,62,93,1,'2017-11-17 13:12:32',NULL,NULL),(126,63,70,1,'2017-11-17 13:35:26',NULL,NULL),(127,63,93,1,'2017-11-17 13:35:26',NULL,NULL),(128,64,70,42,'2017-11-17 13:47:53',NULL,NULL),(129,65,70,42,'2017-11-17 13:56:41',NULL,NULL),(130,44,70,42,'2017-11-20 06:41:45',NULL,NULL),(131,66,70,42,'2017-11-20 06:42:34',NULL,NULL),(132,45,70,42,'2017-11-20 09:38:08',NULL,NULL),(134,67,71,43,'2017-11-20 11:39:35',NULL,NULL),(137,68,71,43,'2017-11-20 11:50:00',NULL,NULL),(139,1,98,1,'2017-11-20 12:21:03',NULL,NULL),(140,42,70,1,'2017-11-20 12:23:11',NULL,NULL),(141,42,98,1,'2017-11-20 12:23:11',NULL,NULL),(142,43,71,1,'2017-11-20 12:24:21',NULL,NULL),(143,43,98,1,'2017-11-20 12:24:21',NULL,NULL),(144,52,83,1,'2017-11-20 12:30:09',NULL,NULL),(145,52,87,1,'2017-11-20 12:30:09',NULL,NULL),(146,1,99,1,'2017-11-30 07:08:07',NULL,NULL),(148,69,70,42,'2017-12-01 08:39:17',NULL,NULL);
/*!40000 ALTER TABLE `userschooldetails` ENABLE KEYS */;
UNLOCK TABLES;

--
-- Table structure for table `zone`
--

DROP TABLE IF EXISTS `zone`;
/*!40101 SET @saved_cs_client     = @@character_set_client */;
/*!40101 SET character_set_client = utf8 */;
CREATE TABLE `zone` (
  `id` bigint(20) NOT NULL AUTO_INCREMENT,
  `schoolId` bigint(20) NOT NULL,
  `frequencyId` bigint(20) NOT NULL,
  `zoneCode` varchar(24) NOT NULL,
  `zoneDescription` varchar(100) DEFAULT NULL,
  `zoneCost` decimal(9,2) NOT NULL,
  `academicYear` varchar(20) NOT NULL,
  `isDelete` tinyint(1) DEFAULT '0',
  `createdBy` bigint(20) NOT NULL,
  `createdOn` datetime NOT NULL DEFAULT CURRENT_TIMESTAMP,
  `updatedBy` bigint(20) DEFAULT NULL,
  `updatedOn` datetime DEFAULT NULL,
  PRIMARY KEY (`id`),
  UNIQUE KEY `school_zoneCode_UNIQUE` (`schoolId`,`zoneCode`),
  KEY `FK_TransportZone_School_idx` (`schoolId`),
  KEY `FK_Zone_Frequency_idx` (`frequencyId`),
  CONSTRAINT `FK_Zone_Frequency` FOREIGN KEY (`frequencyId`) REFERENCES `frequency` (`id`) ON DELETE NO ACTION ON UPDATE NO ACTION,
  CONSTRAINT `FK_Zone_School` FOREIGN KEY (`schoolId`) REFERENCES `school` (`id`) ON DELETE NO ACTION ON UPDATE NO ACTION
) ENGINE=InnoDB AUTO_INCREMENT=14 DEFAULT CHARSET=utf8;
/*!40101 SET character_set_client = @saved_cs_client */;

--
-- Dumping data for table `zone`
--

LOCK TABLES `zone` WRITE;
/*!40000 ALTER TABLE `zone` DISABLE KEYS */;
INSERT INTO `zone` VALUES (1,71,2,'Zone 1','Test zone 1',2000.00,'2017  -  18',0,1,'2017-11-30 12:33:12',NULL,NULL),(2,70,2,'Zone A','Aundh',2000.00,'2017 - 18',0,42,'2017-11-30 12:33:54',69,'2017-12-01 09:35:06'),(3,70,2,'Zone B','Baner',2000.00,'2017 - 18',0,42,'2017-11-30 12:35:42',69,'2017-12-01 09:34:32'),(4,70,2,'Zone C','Kothrud',2500.00,'2017 - 18',0,42,'2017-11-30 12:36:32',69,'2017-12-01 09:34:32'),(5,70,2,'Zone D','Karvenagar',3500.00,'2017 - 18',0,42,'2017-11-30 12:40:00',69,'2017-12-01 09:34:32'),(6,70,2,'Zone E','Law college road',3000.00,'2017 - 18',0,42,'2017-11-30 12:55:21',69,'2017-12-01 09:34:32'),(7,70,2,'zone F','KP',1000.00,'2017 - 18',0,42,'2017-11-30 12:56:10',69,'2017-12-01 09:34:32'),(8,70,2,'Zone G','Deccan ',1000.00,'2017 - 18',0,42,'2017-11-30 13:07:41',69,'2017-12-01 09:34:32'),(9,70,2,'Zone H','sb road',1000.00,'2017 - 18',0,42,'2017-11-30 13:13:40',69,'2017-12-01 09:34:32'),(10,70,2,'Zone I ','Pimple',2000.00,'2017 - 18',0,42,'2017-11-30 14:10:00',69,'2017-12-01 09:34:32'),(11,70,2,'Zone j','Test',900.00,'2017 - 18',0,69,'2017-12-01 09:41:31',69,'2017-12-01 09:41:49'),(12,70,2,'Zone K','Laxmi Road',1200.00,'2017 - 18',0,69,'2017-12-01 09:53:23',69,'2017-12-01 09:53:30'),(13,98,1,'Zone A','Aundh1',1700.00,'2017-18',0,42,'2017-12-05 08:46:12',42,'2017-12-05 09:22:33');
/*!40000 ALTER TABLE `zone` ENABLE KEYS */;
UNLOCK TABLES;

--
-- Table structure for table `zonedetails`
--

DROP TABLE IF EXISTS `zonedetails`;
/*!40101 SET @saved_cs_client     = @@character_set_client */;
/*!40101 SET character_set_client = utf8 */;
CREATE TABLE `zonedetails` (
  `id` bigint(20) NOT NULL AUTO_INCREMENT,
  `schoolId` bigint(20) NOT NULL,
  `zoneId` bigint(20) NOT NULL,
  `dueDate` date NOT NULL,
  `academicYear` varchar(20) NOT NULL,
  `sequenceNumber` int(2) NOT NULL,
  `createdBy` bigint(20) NOT NULL,
  `createdOn` datetime NOT NULL DEFAULT CURRENT_TIMESTAMP,
  `updatedBy` bigint(20) DEFAULT NULL,
  `updatedOn` datetime DEFAULT NULL,
  PRIMARY KEY (`id`),
  KEY `FK_ZoneDetails_Zone_idx` (`zoneId`),
  KEY `FK_ZoneDetails_School_idx` (`schoolId`),
  CONSTRAINT `FK_ZoneDetails_School` FOREIGN KEY (`schoolId`) REFERENCES `school` (`id`) ON DELETE NO ACTION ON UPDATE NO ACTION,
  CONSTRAINT `FK_ZoneDetails_Zone` FOREIGN KEY (`zoneId`) REFERENCES `zone` (`id`) ON DELETE NO ACTION ON UPDATE NO ACTION
) ENGINE=InnoDB AUTO_INCREMENT=109 DEFAULT CHARSET=utf8;
/*!40101 SET character_set_client = @saved_cs_client */;

--
-- Dumping data for table `zonedetails`
--

LOCK TABLES `zonedetails` WRITE;
/*!40000 ALTER TABLE `zonedetails` DISABLE KEYS */;
INSERT INTO `zonedetails` VALUES (1,71,1,'2018-07-10','2017  -  18',3,1,'2017-11-30 12:33:13',NULL,NULL),(2,71,1,'2017-10-10','2017  -  18',0,1,'2017-11-30 12:33:13',NULL,NULL),(3,71,1,'2018-01-10','2017  -  18',1,1,'2017-11-30 12:33:13',NULL,NULL),(4,71,1,'2018-04-10','2017  -  18',2,1,'2017-11-30 12:33:13',NULL,NULL),(5,70,2,'2020-03-05','2019-20',4,42,'2017-11-30 12:33:55',NULL,NULL),(6,70,2,'2019-11-05','2019-20',0,42,'2017-11-30 12:33:55',NULL,NULL),(7,70,2,'2019-12-05','2019-20',1,42,'2017-11-30 12:33:55',NULL,NULL),(8,70,2,'2020-01-05','2019-20',2,42,'2017-11-30 12:33:55',NULL,NULL),(9,70,2,'2020-02-05','2019-20',3,42,'2017-11-30 12:33:55',NULL,NULL),(10,70,2,'2020-05-05','2019-20',6,42,'2017-11-30 12:33:55',NULL,NULL),(11,70,2,'2020-04-05','2019-20',5,42,'2017-11-30 12:33:55',NULL,NULL),(12,70,2,'2020-06-05','2019-20',7,42,'2017-11-30 12:33:55',NULL,NULL),(13,70,2,'2020-07-05','2019-20',8,42,'2017-11-30 12:33:55',NULL,NULL),(14,70,2,'2020-08-05','2019-20',9,42,'2017-11-30 12:33:55',NULL,NULL),(15,70,2,'2020-09-05','2019-20',10,42,'2017-11-30 12:33:55',NULL,NULL),(16,70,2,'2020-10-05','2019-20',11,42,'2017-11-30 12:33:55',NULL,NULL),(17,70,3,'2019-11-05','2019-20',0,42,'2017-11-30 12:35:42',NULL,NULL),(18,70,3,'2019-12-05','2019-20',1,42,'2017-11-30 12:35:42',NULL,NULL),(19,70,3,'2020-01-05','2019-20',2,42,'2017-11-30 12:35:42',NULL,NULL),(20,70,3,'2020-02-05','2019-20',3,42,'2017-11-30 12:35:42',NULL,NULL),(21,70,3,'2020-03-05','2019-20',4,42,'2017-11-30 12:35:42',NULL,NULL),(22,70,3,'2020-04-05','2019-20',5,42,'2017-11-30 12:35:42',NULL,NULL),(23,70,3,'2020-05-05','2019-20',6,42,'2017-11-30 12:35:42',NULL,NULL),(24,70,3,'2020-06-05','2019-20',7,42,'2017-11-30 12:35:42',NULL,NULL),(25,70,3,'2020-07-05','2019-20',8,42,'2017-11-30 12:35:42',NULL,NULL),(26,70,3,'2020-08-05','2019-20',9,42,'2017-11-30 12:35:42',NULL,NULL),(27,70,3,'2020-09-05','2019-20',10,42,'2017-11-30 12:35:42',NULL,NULL),(28,70,3,'2020-10-05','2019-20',11,42,'2017-11-30 12:35:42',NULL,NULL),(29,70,4,'2019-11-05','2019-20',0,42,'2017-11-30 12:36:33',NULL,NULL),(30,70,4,'2019-12-05','2019-20',1,42,'2017-11-30 12:36:33',NULL,NULL),(31,70,4,'2020-01-05','2019-20',2,42,'2017-11-30 12:36:33',NULL,NULL),(32,70,4,'2020-02-05','2019-20',3,42,'2017-11-30 12:36:33',NULL,NULL),(33,70,4,'2020-03-05','2019-20',4,42,'2017-11-30 12:36:33',NULL,NULL),(34,70,4,'2020-04-05','2019-20',5,42,'2017-11-30 12:36:33',NULL,NULL),(35,70,4,'2020-05-05','2019-20',6,42,'2017-11-30 12:36:33',NULL,NULL),(36,70,4,'2020-06-05','2019-20',7,42,'2017-11-30 12:36:33',NULL,NULL),(37,70,4,'2020-07-05','2019-20',8,42,'2017-11-30 12:36:33',NULL,NULL),(38,70,4,'2020-08-05','2019-20',9,42,'2017-11-30 12:36:33',NULL,NULL),(39,70,4,'2020-09-05','2019-20',10,42,'2017-11-30 12:36:33',NULL,NULL),(40,70,4,'2020-10-05','2019-20',11,42,'2017-11-30 12:36:33',NULL,NULL),(41,70,5,'2018-11-05','2018-19',0,42,'2017-11-30 12:40:02',NULL,NULL),(42,70,5,'2019-02-05','2018-19',1,42,'2017-11-30 12:40:02',NULL,NULL),(43,70,5,'2019-05-05','2018-19',2,42,'2017-11-30 12:40:02',NULL,NULL),(44,70,5,'2019-08-05','2018-19',3,42,'2017-11-30 12:40:02',NULL,NULL),(45,70,6,'2019-11-05','2019-20',0,42,'2017-11-30 12:55:21',NULL,NULL),(46,70,6,'2019-12-05','2019-20',1,42,'2017-11-30 12:55:21',NULL,NULL),(47,70,6,'2020-01-05','2019-20',2,42,'2017-11-30 12:55:21',NULL,NULL),(48,70,6,'2020-02-05','2019-20',3,42,'2017-11-30 12:55:21',NULL,NULL),(49,70,6,'2020-07-05','2019-20',8,42,'2017-11-30 12:55:21',NULL,NULL),(50,70,6,'2020-08-05','2019-20',9,42,'2017-11-30 12:55:21',NULL,NULL),(51,70,6,'2020-03-05','2019-20',4,42,'2017-11-30 12:55:21',NULL,NULL),(52,70,6,'2020-04-05','2019-20',5,42,'2017-11-30 12:55:21',NULL,NULL),(53,70,6,'2020-05-05','2019-20',6,42,'2017-11-30 12:55:21',NULL,NULL),(54,70,6,'2020-06-05','2019-20',7,42,'2017-11-30 12:55:21',NULL,NULL),(55,70,6,'2020-09-05','2019-20',10,42,'2017-11-30 12:55:21',NULL,NULL),(56,70,6,'2020-10-05','2019-20',11,42,'2017-11-30 12:55:21',NULL,NULL),(57,70,7,'2019-11-05','2019-20',0,42,'2017-11-30 12:56:11',NULL,NULL),(58,70,7,'2019-12-05','2019-20',1,42,'2017-11-30 12:56:11',NULL,NULL),(59,70,7,'2020-01-05','2019-20',2,42,'2017-11-30 12:56:11',NULL,NULL),(60,70,7,'2020-02-05','2019-20',3,42,'2017-11-30 12:56:11',NULL,NULL),(61,70,7,'2020-03-05','2019-20',4,42,'2017-11-30 12:56:11',NULL,NULL),(62,70,7,'2020-04-05','2019-20',5,42,'2017-11-30 12:56:11',NULL,NULL),(63,70,7,'2020-05-05','2019-20',6,42,'2017-11-30 12:56:11',NULL,NULL),(64,70,7,'2020-06-05','2019-20',7,42,'2017-11-30 12:56:11',NULL,NULL),(65,70,7,'2020-07-05','2019-20',8,42,'2017-11-30 12:56:11',NULL,NULL),(66,70,7,'2020-08-05','2019-20',9,42,'2017-11-30 12:56:11',NULL,NULL),(67,70,7,'2020-09-05','2019-20',10,42,'2017-11-30 12:56:11',NULL,NULL),(68,70,7,'2020-10-05','2019-20',11,42,'2017-11-30 12:56:11',NULL,NULL),(69,70,8,'2019-02-05','2018-19',1,42,'2017-11-30 13:07:42',NULL,NULL),(70,70,8,'2019-05-05','2018-19',2,42,'2017-11-30 13:07:42',NULL,NULL),(71,70,8,'2019-08-05','2018-19',3,42,'2017-11-30 13:07:42',NULL,NULL),(72,70,8,'2018-11-05','2018-19',0,42,'2017-11-30 13:07:42',NULL,NULL),(73,70,9,'2018-11-05','2018-19',0,42,'2017-11-30 13:13:41',NULL,NULL),(74,70,9,'2019-02-05','2018-19',1,42,'2017-11-30 13:13:41',NULL,NULL),(75,70,9,'2019-05-05','2018-19',2,42,'2017-11-30 13:13:41',NULL,NULL),(76,70,9,'2019-08-05','2018-19',3,42,'2017-11-30 13:13:41',NULL,NULL),(77,70,10,'2020-04-05','2019-20',5,42,'2017-11-30 14:10:01',NULL,NULL),(78,70,10,'2019-11-05','2019-20',0,42,'2017-11-30 14:10:01',NULL,NULL),(79,70,10,'2019-12-05','2019-20',1,42,'2017-11-30 14:10:01',NULL,NULL),(80,70,10,'2020-05-05','2019-20',6,42,'2017-11-30 14:10:01',NULL,NULL),(81,70,10,'2020-02-05','2019-20',3,42,'2017-11-30 14:10:01',NULL,NULL),(82,70,10,'2020-03-05','2019-20',4,42,'2017-11-30 14:10:01',NULL,NULL),(83,70,10,'2020-08-05','2019-20',9,42,'2017-11-30 14:10:01',NULL,NULL),(84,70,10,'2020-06-05','2019-20',7,42,'2017-11-30 14:10:01',NULL,NULL),(85,70,10,'2020-01-05','2019-20',2,42,'2017-11-30 14:10:01',NULL,NULL),(86,70,10,'2020-07-05','2019-20',8,42,'2017-11-30 14:10:01',NULL,NULL),(87,70,10,'2020-09-05','2019-20',10,42,'2017-11-30 14:10:01',NULL,NULL),(88,70,10,'2020-10-05','2019-20',11,42,'2017-11-30 14:10:01',NULL,NULL),(89,70,11,'2017-11-05','2017 - 18',0,69,'2017-12-01 09:41:32',NULL,NULL),(90,70,11,'2018-02-05','2017 - 18',1,69,'2017-12-01 09:41:32',NULL,NULL),(91,70,11,'2018-05-05','2017 - 18',2,69,'2017-12-01 09:41:32',NULL,NULL),(92,70,11,'2018-08-05','2017 - 18',3,69,'2017-12-01 09:41:32',NULL,NULL),(93,70,12,'2017-11-05','2017 - 18',0,69,'2017-12-01 09:53:23',NULL,NULL),(94,70,12,'2018-05-05','2017 - 18',2,69,'2017-12-01 09:53:23',NULL,NULL),(95,70,12,'2018-02-05','2017 - 18',1,69,'2017-12-01 09:53:23',NULL,NULL),(96,70,12,'2018-08-05','2017 - 18',3,69,'2017-12-01 09:53:23',NULL,NULL),(97,98,13,'2017-11-05','2017-18',0,42,'2017-12-05 08:46:13',NULL,NULL),(98,98,13,'2017-12-05','2017-18',1,42,'2017-12-05 08:46:13',NULL,NULL),(99,98,13,'2018-01-05','2017-18',2,42,'2017-12-05 08:46:13',NULL,NULL),(100,98,13,'2018-02-05','2017-18',3,42,'2017-12-05 08:46:13',NULL,NULL),(101,98,13,'2018-04-05','2017-18',5,42,'2017-12-05 08:46:13',NULL,NULL),(102,98,13,'2018-03-05','2017-18',4,42,'2017-12-05 08:46:13',NULL,NULL),(103,98,13,'2018-05-05','2017-18',6,42,'2017-12-05 08:46:13',NULL,NULL),(104,98,13,'2018-07-05','2017-18',8,42,'2017-12-05 08:46:13',NULL,NULL),(105,98,13,'2018-08-05','2017-18',9,42,'2017-12-05 08:46:13',NULL,NULL),(106,98,13,'2018-06-05','2017-18',7,42,'2017-12-05 08:46:13',NULL,NULL),(107,98,13,'2018-09-05','2017-18',10,42,'2017-12-05 08:46:13',NULL,NULL),(108,98,13,'2018-10-05','2017-18',11,42,'2017-12-05 08:46:13',NULL,NULL);
/*!40000 ALTER TABLE `zonedetails` ENABLE KEYS */;
UNLOCK TABLES;

--
-- Dumping events for database 'schoolfeesystem_int'
--

--
-- Dumping routines for database 'schoolfeesystem_int'
--
/*!40103 SET TIME_ZONE=@OLD_TIME_ZONE */;

/*!40101 SET SQL_MODE=@OLD_SQL_MODE */;
/*!40014 SET FOREIGN_KEY_CHECKS=@OLD_FOREIGN_KEY_CHECKS */;
/*!40014 SET UNIQUE_CHECKS=@OLD_UNIQUE_CHECKS */;
/*!40101 SET CHARACTER_SET_CLIENT=@OLD_CHARACTER_SET_CLIENT */;
/*!40101 SET CHARACTER_SET_RESULTS=@OLD_CHARACTER_SET_RESULTS */;
/*!40101 SET COLLATION_CONNECTION=@OLD_COLLATION_CONNECTION */;
/*!40111 SET SQL_NOTES=@OLD_SQL_NOTES */;

-- Dump completed on 2017-12-06 10:41:16
